player,opponent,muWin,muGames,muWR,factions,lower,upper,okCI,direction,CI,playrate
Gangplank / Sejuani,Gangplank / Sejuani,2416,4832,0.5,"Bilgewater,Freljord",0.485802209232438,0.514197790767562,FALSE,NEG,(48.6%-51.4%),0.0755525060590299
Gangplank / Sejuani,Azir / Irelia,1453,3526,0.412081678956324,"Bilgewater,Freljord",0.395772043616348,0.428537253733964,TRUE,NEG,(39.6%-42.9%),0.0755525060590299
Gangplank / Sejuani,Pyke / Rek'Sai,1490,2803,0.531573314306101,"Bilgewater,Freljord",0.512897010884728,0.550183616821032,TRUE,POS,(51.3%-55.0%),0.0755525060590299
Gangplank / Sejuani,Lulu / Zed (DE/IO),1351,2751,0.491094147582697,"Bilgewater,Freljord",0.472249124758738,0.509958140722523,FALSE,NEG,(47.2%-51.0%),0.0755525060590299
Gangplank / Sejuani,Gangplank / Miss Fortune (BW/NX),875,1954,0.447799385875128,"Bilgewater,Freljord",0.425587551460955,0.470168112551669,TRUE,NEG,(42.6%-47.0%),0.0755525060590299
Gangplank / Sejuani,Draven / Ezreal,1263,2224,0.567895683453237,"Bilgewater,Freljord",0.547004900434029,0.588607318299748,TRUE,POS,(54.7%-58.9%),0.0755525060590299
Gangplank / Sejuani,Draven / Jinx,1052,1981,0.531044926804644,"Bilgewater,Freljord",0.5087848638926,0.553212967289819,TRUE,POS,(50.9%-55.3%),0.0755525060590299
Gangplank / Sejuani,Akshan / Sivir (IO/SH),975,1914,0.509404388714734,"Bilgewater,Freljord",0.486747284101913,0.532032635391317,FALSE,POS,(48.7%-53.2%),0.0755525060590299
Gangplank / Sejuani,Akshan / Sivir / Zed,1005,2038,0.493130520117763,"Bilgewater,Freljord",0.471202547942981,0.515078280831769,FALSE,NEG,(47.1%-51.5%),0.0755525060590299
Gangplank / Sejuani,Jarvan IV / Shen,947,1587,0.596723377441714,"Bilgewater,Freljord",0.572112614568933,0.62097559781751,TRUE,POS,(57.2%-62.1%),0.0755525060590299
Gangplank / Sejuani,Akshan / Sivir (DE/SH),710,1628,0.436117936117936,"Bilgewater,Freljord",0.411855573293623,0.460611053718143,TRUE,NEG,(41.2%-46.1%),0.0755525060590299
Gangplank / Sejuani,Swain / Twisted Fate,887,1594,0.556461731493099,"Bilgewater,Freljord",0.531674227624829,0.581040907987756,TRUE,POS,(53.2%-58.1%),0.0755525060590299
Gangplank / Sejuani,Ezreal / Karma,942,1441,0.653712699514226,"Bilgewater,Freljord",0.62850609236531,0.678290975820397,TRUE,POS,(62.9%-67.8%),0.0755525060590299
Gangplank / Sejuani,Anivia (FR/SI),560,1245,0.449799196787149,"Bilgewater,Freljord",0.421910684389287,0.477925307317372,TRUE,NEG,(42.2%-47.8%),0.0755525060590299
Gangplank / Sejuani,Sivir / Zed,421,785,0.536305732484076,"Bilgewater,Freljord",0.500703169105614,0.571634660097635,TRUE,POS,(50.1%-57.2%),0.0755525060590299
Gangplank / Sejuani,Akshan / Lee Sin,361,692,0.521676300578035,"Bilgewater,Freljord",0.483710652493579,0.559456393146613,FALSE,POS,(48.4%-55.9%),0.0755525060590299
Gangplank / Sejuani,Viego (SI/SH),443,799,0.554443053817272,"Bilgewater,Freljord",0.519206665356505,0.589276334042485,TRUE,POS,(51.9%-58.9%),0.0755525060590299
Gangplank / Sejuani,Lee Sin / Zoe,459,985,0.465989847715736,"Bilgewater,Freljord",0.434471300071959,0.497712248747341,TRUE,NEG,(43.4%-49.8%),0.0755525060590299
Gangplank / Sejuani,Jinx / Lulu,437,773,0.565329883570505,"Bilgewater,Freljord",0.529544199897011,0.600615388161529,TRUE,POS,(53.0%-60.1%),0.0755525060590299
Gangplank / Sejuani,Viego (IO/SI),388,637,0.609105180533752,"Bilgewater,Freljord",0.569993143272962,0.647201121585182,TRUE,POS,(57.0%-64.7%),0.0755525060590299
Azir / Irelia,Gangplank / Sejuani,2073,3526,0.587918321043676,"Ionia,Shurima",0.571462746266036,0.604227956383652,TRUE,POS,(57.1%-60.4%),0.0658732749748232
Azir / Irelia,Azir / Irelia,1617,3234,0.5,"Ionia,Shurima",0.482619486846302,0.517380513153698,FALSE,NEG,(48.3%-51.7%),0.0658732749748232
Azir / Irelia,Pyke / Rek'Sai,1317,2790,0.472043010752688,"Ionia,Shurima",0.453377308575334,0.490767427823531,TRUE,NEG,(45.3%-49.1%),0.0658732749748232
Azir / Irelia,Lulu / Zed (DE/IO),532,1783,0.298373527762199,"Ionia,Shurima",0.277201582626721,0.320210913396231,TRUE,NEG,(27.7%-32.0%),0.0658732749748232
Azir / Irelia,Gangplank / Miss Fortune (BW/NX),651,1869,0.348314606741573,"Ionia,Shurima",0.326699541495892,0.370406768872559,TRUE,NEG,(32.7%-37.0%),0.0658732749748232
Azir / Irelia,Draven / Ezreal,661,1728,0.382523148148148,"Ionia,Shurima",0.359534930813846,0.405911115566389,TRUE,NEG,(36.0%-40.6%),0.0658732749748232
Azir / Irelia,Draven / Jinx,499,1869,0.266987693953986,"Ionia,Shurima",0.247042517751958,0.287666663319525,TRUE,NEG,(24.7%-28.8%),0.0658732749748232
Azir / Irelia,Akshan / Sivir (IO/SH),875,1843,0.474769397721107,"Ionia,Shurima",0.45175542064596,0.497863801121441,TRUE,NEG,(45.2%-49.8%),0.0658732749748232
Azir / Irelia,Akshan / Sivir / Zed,833,1719,0.484584060500291,"Ionia,Shurima",0.460711557815117,0.508509273544701,FALSE,NEG,(46.1%-50.9%),0.0658732749748232
Azir / Irelia,Jarvan IV / Shen,693,1423,0.486999297259311,"Ionia,Shurima",0.460727785701698,0.513324582285021,FALSE,NEG,(46.1%-51.3%),0.0658732749748232
Azir / Irelia,Akshan / Sivir (DE/SH),402,1013,0.396841066140178,"Ionia,Shurima",0.36655685792207,0.427726599576454,TRUE,NEG,(36.7%-42.8%),0.0658732749748232
Azir / Irelia,Swain / Twisted Fate,444,1039,0.427333974975938,"Ionia,Shurima",0.397015301746882,0.458065439595622,TRUE,NEG,(39.7%-45.8%),0.0658732749748232
Azir / Irelia,Ezreal / Karma,794,1223,0.649223221586263,"Ionia,Shurima",0.621735310546597,0.675991484167032,TRUE,POS,(62.2%-67.6%),0.0658732749748232
Azir / Irelia,Anivia (FR/SI),819,969,0.845201238390093,"Ionia,Shurima",0.820866705079293,0.867415595126248,TRUE,POS,(82.1%-86.7%),0.0658732749748232
Azir / Irelia,Sivir / Zed,516,1026,0.502923976608187,"Ionia,Shurima",0.47187162277337,0.533959511636654,FALSE,POS,(47.2%-53.4%),0.0658732749748232
Azir / Irelia,Akshan / Lee Sin,615,943,0.652173913043478,"Ionia,Shurima",0.620806434445804,0.68258732306124,TRUE,POS,(62.1%-68.3%),0.0658732749748232
Azir / Irelia,Viego (SI/SH),629,964,0.652489626556017,"Ionia,Shurima",0.621481238019786,0.68256298531163,TRUE,POS,(62.1%-68.3%),0.0658732749748232
Azir / Irelia,Lee Sin / Zoe,526,792,0.664141414141414,"Ionia,Shurima",0.630053259618177,0.69700190081778,TRUE,POS,(63.0%-69.7%),0.0658732749748232
Azir / Irelia,Jinx / Lulu,212,742,0.285714285714286,"Ionia,Shurima",0.253441712258912,0.31970068188331,TRUE,NEG,(25.3%-32.0%),0.0658732749748232
Azir / Irelia,Viego (IO/SI),410,635,0.645669291338583,"Ionia,Shurima",0.607069577565057,0.682907352839107,TRUE,POS,(60.7%-68.3%),0.0658732749748232
Pyke / Rek'Sai,Gangplank / Sejuani,1313,2803,0.468426685693899,"Bilgewater,Shurima",0.449816383178968,0.487102989115272,TRUE,NEG,(45.0%-48.7%),0.0552201724195173
Pyke / Rek'Sai,Azir / Irelia,1473,2790,0.527956989247312,"Bilgewater,Shurima",0.509232572176469,0.546622691424666,TRUE,POS,(50.9%-54.7%),0.0552201724195173
Pyke / Rek'Sai,Pyke / Rek'Sai,1221,2442,0.5,"Bilgewater,Shurima",0.479974288602983,0.520025711397017,FALSE,NEG,(48.0%-52.0%),0.0552201724195173
Pyke / Rek'Sai,Lulu / Zed (DE/IO),426,1390,0.306474820143885,"Bilgewater,Shurima",0.282308906917834,0.331461553279921,TRUE,NEG,(28.2%-33.1%),0.0552201724195173
Pyke / Rek'Sai,Gangplank / Miss Fortune (BW/NX),677,1608,0.421019900497512,"Bilgewater,Shurima",0.396740149090764,0.445588539404536,TRUE,NEG,(39.7%-44.6%),0.0552201724195173
Pyke / Rek'Sai,Draven / Ezreal,622,1368,0.454678362573099,"Bilgewater,Shurima",0.428047794264785,0.481503999363365,TRUE,NEG,(42.8%-48.2%),0.0552201724195173
Pyke / Rek'Sai,Draven / Jinx,665,1610,0.41304347826087,"Bilgewater,Shurima",0.388858928479072,0.437545707405866,TRUE,NEG,(38.9%-43.8%),0.0552201724195173
Pyke / Rek'Sai,Akshan / Sivir (IO/SH),652,1495,0.436120401337793,"Bilgewater,Shurima",0.410794872445305,0.461697363464405,TRUE,NEG,(41.1%-46.2%),0.0552201724195173
Pyke / Rek'Sai,Akshan / Sivir / Zed,599,1378,0.434687953555878,"Bilgewater,Shurima",0.408314995602643,0.461339986844045,TRUE,NEG,(40.8%-46.1%),0.0552201724195173
Pyke / Rek'Sai,Jarvan IV / Shen,593,1179,0.502968617472434,"Bilgewater,Shurima",0.474027455542105,0.531894937309096,FALSE,POS,(47.4%-53.2%),0.0552201724195173
Pyke / Rek'Sai,Akshan / Sivir (DE/SH),353,889,0.397075365579303,"Bilgewater,Shurima",0.364736073121907,0.430099125537346,TRUE,NEG,(36.5%-43.0%),0.0552201724195173
Pyke / Rek'Sai,Swain / Twisted Fate,469,917,0.511450381679389,"Bilgewater,Shurima",0.478559246494384,0.544267750576509,FALSE,POS,(47.9%-54.4%),0.0552201724195173
Pyke / Rek'Sai,Ezreal / Karma,517,918,0.56318082788671,"Bilgewater,Shurima",0.530391494610893,0.595563513498172,TRUE,POS,(53.0%-59.6%),0.0552201724195173
Pyke / Rek'Sai,Anivia (FR/SI),409,794,0.515113350125945,"Bilgewater,Shurima",0.479720163467869,0.550393936971417,FALSE,POS,(48.0%-55.0%),0.0552201724195173
Pyke / Rek'Sai,Sivir / Zed,441,1009,0.437066402378593,"Bilgewater,Shurima",0.406186880249154,0.46831413386161,TRUE,NEG,(40.6%-46.8%),0.0552201724195173
Pyke / Rek'Sai,Akshan / Lee Sin,452,806,0.560794044665012,"Bilgewater,Shurima",0.525741520114122,0.595400368726645,TRUE,POS,(52.6%-59.5%),0.0552201724195173
Pyke / Rek'Sai,Viego (SI/SH),441,773,0.570504527813713,"Bilgewater,Shurima",0.534748878079514,0.605720362196274,TRUE,POS,(53.5%-60.6%),0.0552201724195173
Pyke / Rek'Sai,Lee Sin / Zoe,350,667,0.524737631184408,"Bilgewater,Shurima",0.486051376722066,0.563204102753232,FALSE,POS,(48.6%-56.3%),0.0552201724195173
Pyke / Rek'Sai,Jinx / Lulu,271,549,0.493624772313297,"Bilgewater,Shurima",0.451024142341674,0.536294358705314,FALSE,NEG,(45.1%-53.6%),0.0552201724195173
Pyke / Rek'Sai,Viego (IO/SI),302,516,0.585271317829457,"Bilgewater,Shurima",0.541405221181878,0.628155021157207,TRUE,POS,(54.1%-62.8%),0.0552201724195173
Lulu / Zed (DE/IO),Gangplank / Sejuani,1400,2751,0.508905852417303,"Demacia,Ionia",0.490041859277477,0.527750875241262,FALSE,POS,(49.0%-52.8%),0.0407532010491252
Lulu / Zed (DE/IO),Azir / Irelia,1251,1783,0.701626472237802,"Demacia,Ionia",0.679789086603769,0.72279841737328,TRUE,POS,(68.0%-72.3%),0.0407532010491252
Lulu / Zed (DE/IO),Pyke / Rek'Sai,964,1390,0.693525179856115,"Demacia,Ionia",0.668538446720079,0.717691093082166,TRUE,POS,(66.9%-71.8%),0.0407532010491252
Lulu / Zed (DE/IO),Lulu / Zed (DE/IO),1034,2068,0.5,"Demacia,Ionia",0.478221387232349,0.521778612767651,FALSE,NEG,(47.8%-52.2%),0.0407532010491252
Lulu / Zed (DE/IO),Gangplank / Miss Fortune (BW/NX),589,1090,0.540366972477064,"Demacia,Ionia",0.510247053364501,0.570268433066644,TRUE,POS,(51.0%-57.0%),0.0407532010491252
Lulu / Zed (DE/IO),Draven / Ezreal,480,1316,0.364741641337386,"Demacia,Ionia",0.338681430374189,0.391407582250513,TRUE,NEG,(33.9%-39.1%),0.0407532010491252
Lulu / Zed (DE/IO),Draven / Jinx,427,958,0.445720250521921,"Demacia,Ionia",0.413932038493334,0.477843088116264,TRUE,NEG,(41.4%-47.8%),0.0407532010491252
Lulu / Zed (DE/IO),Akshan / Sivir (IO/SH),500,768,0.651041666666667,"Demacia,Ionia",0.616150750507311,0.684767479481991,TRUE,POS,(61.6%-68.5%),0.0407532010491252
Lulu / Zed (DE/IO),Akshan / Sivir / Zed,669,1035,0.646376811594203,"Demacia,Ionia",0.61638302884423,0.675535242997704,TRUE,POS,(61.6%-67.6%),0.0407532010491252
Lulu / Zed (DE/IO),Jarvan IV / Shen,306,746,0.410187667560322,"Demacia,Ionia",0.374636539779743,0.446451688317986,TRUE,NEG,(37.5%-44.6%),0.0407532010491252
Lulu / Zed (DE/IO),Akshan / Sivir (DE/SH),628,1175,0.534468085106383,"Demacia,Ionia",0.505465418963414,0.563297823056024,TRUE,POS,(50.5%-56.3%),0.0407532010491252
Lulu / Zed (DE/IO),Swain / Twisted Fate,316,1016,0.311023622047244,"Demacia,Ionia",0.282649275565865,0.340497551637027,TRUE,NEG,(28.3%-34.0%),0.0407532010491252
Lulu / Zed (DE/IO),Ezreal / Karma,265,754,0.351458885941645,"Demacia,Ionia",0.31735618934539,0.386728847430298,TRUE,NEG,(31.7%-38.7%),0.0407532010491252
Lulu / Zed (DE/IO),Anivia (FR/SI),343,785,0.436942675159236,"Demacia,Ionia",0.401900932022587,0.472459739619221,TRUE,NEG,(40.2%-47.2%),0.0407532010491252
Lulu / Zed (DE/IO),Sivir / Zed,157,215,0.730232558139535,"Demacia,Ionia",0.665661249949807,0.788334458565085,TRUE,POS,(66.6%-78.8%),0.0407532010491252
Lulu / Zed (DE/IO),Akshan / Lee Sin,194,279,0.695340501792115,"Demacia,Ionia",0.637667924124569,0.74880726708547,TRUE,POS,(63.8%-74.9%),0.0407532010491252
Lulu / Zed (DE/IO),Viego (SI/SH),209,301,0.694352159468439,"Demacia,Ionia",0.638915380090017,0.74591474958008,TRUE,POS,(63.9%-74.6%),0.0407532010491252
Lulu / Zed (DE/IO),Lee Sin / Zoe,314,558,0.562724014336918,"Demacia,Ionia",0.52042900561021,0.604351500376328,TRUE,POS,(52.0%-60.4%),0.0407532010491252
Lulu / Zed (DE/IO),Jinx / Lulu,145,355,0.408450704225352,"Demacia,Ionia",0.356861752586669,0.461579837874485,TRUE,NEG,(35.7%-46.2%),0.0407532010491252
Lulu / Zed (DE/IO),Viego (IO/SI),181,238,0.760504201680672,"Demacia,Ionia",0.701122421045131,0.813272628321711,TRUE,POS,(70.1%-81.3%),0.0407532010491252
Gangplank / Miss Fortune (BW/NX),Gangplank / Sejuani,1079,1954,0.552200614124872,"Bilgewater,Noxus",0.529831887448331,0.574412448539045,TRUE,POS,(53.0%-57.4%),0.0374995849979527
Gangplank / Miss Fortune (BW/NX),Azir / Irelia,1218,1869,0.651685393258427,"Bilgewater,Noxus",0.629593231127441,0.673300458504108,TRUE,POS,(63.0%-67.3%),0.0374995849979527
Gangplank / Miss Fortune (BW/NX),Pyke / Rek'Sai,931,1608,0.578980099502488,"Bilgewater,Noxus",0.554411460595464,0.603259850909236,TRUE,POS,(55.4%-60.3%),0.0374995849979527
Gangplank / Miss Fortune (BW/NX),Lulu / Zed (DE/IO),501,1090,0.459633027522936,"Bilgewater,Noxus",0.429731566933356,0.489752946635499,TRUE,NEG,(43.0%-49.0%),0.0374995849979527
Gangplank / Miss Fortune (BW/NX),Gangplank / Miss Fortune (BW/NX),598,1196,0.5,"Bilgewater,Noxus",0.471274697807405,0.528725302192595,FALSE,NEG,(47.1%-52.9%),0.0374995849979527
Gangplank / Miss Fortune (BW/NX),Draven / Ezreal,503,935,0.537967914438503,"Bilgewater,Noxus",0.50539977828609,0.570296189514765,TRUE,POS,(50.5%-57.0%),0.0374995849979527
Gangplank / Miss Fortune (BW/NX),Draven / Jinx,442,1061,0.416588124410933,"Bilgewater,Noxus",0.386719309672696,0.446920896033198,TRUE,NEG,(38.7%-44.7%),0.0374995849979527
Gangplank / Miss Fortune (BW/NX),Akshan / Sivir (IO/SH),494,943,0.523860021208908,"Bilgewater,Noxus",0.491421285953874,0.556149317433869,FALSE,POS,(49.1%-55.6%),0.0374995849979527
Gangplank / Miss Fortune (BW/NX),Akshan / Sivir / Zed,480,909,0.528052805280528,"Bilgewater,Noxus",0.495003681795337,0.560919595098811,FALSE,POS,(49.5%-56.1%),0.0374995849979527
Gangplank / Miss Fortune (BW/NX),Jarvan IV / Shen,365,799,0.456821026282854,"Bilgewater,Noxus",0.421869660599488,0.492092082184176,TRUE,NEG,(42.2%-49.2%),0.0374995849979527
Gangplank / Miss Fortune (BW/NX),Akshan / Sivir (DE/SH),271,683,0.396778916544656,"Bilgewater,Noxus",0.359871044010888,0.434582619663057,TRUE,NEG,(36.0%-43.5%),0.0374995849979527
Gangplank / Miss Fortune (BW/NX),Swain / Twisted Fate,289,627,0.460925039872408,"Bilgewater,Noxus",0.421374009139841,0.500845637746267,FALSE,NEG,(42.1%-50.1%),0.0374995849979527
Gangplank / Miss Fortune (BW/NX),Ezreal / Karma,295,640,0.4609375,"Bilgewater,Noxus",0.42179462287011,0.500442243740603,FALSE,NEG,(42.2%-50.0%),0.0374995849979527
Gangplank / Miss Fortune (BW/NX),Anivia (FR/SI),229,554,0.413357400722022,"Bilgewater,Noxus",0.37200647954814,0.455637309797066,TRUE,NEG,(37.2%-45.6%),0.0374995849979527
Gangplank / Miss Fortune (BW/NX),Sivir / Zed,359,667,0.538230884557721,"Bilgewater,Noxus",0.49954905359241,0.576573036580411,FALSE,POS,(50.0%-57.7%),0.0374995849979527
Gangplank / Miss Fortune (BW/NX),Akshan / Lee Sin,266,513,0.518518518518519,"Bilgewater,Noxus",0.474306288052224,0.562516224679355,FALSE,POS,(47.4%-56.3%),0.0374995849979527
Gangplank / Miss Fortune (BW/NX),Viego (SI/SH),223,462,0.482683982683983,"Bilgewater,Noxus",0.436273549087731,0.529317421756384,FALSE,NEG,(43.6%-52.9%),0.0374995849979527
Gangplank / Miss Fortune (BW/NX),Lee Sin / Zoe,212,419,0.505966587112172,"Bilgewater,Noxus",0.457005245198575,0.554843105082552,FALSE,POS,(45.7%-55.5%),0.0374995849979527
Gangplank / Miss Fortune (BW/NX),Jinx / Lulu,187,370,0.505405405405405,"Bilgewater,Noxus",0.453243430638035,0.557480224295752,FALSE,POS,(45.3%-55.7%),0.0374995849979527
Gangplank / Miss Fortune (BW/NX),Viego (IO/SI),164,311,0.527331189710611,"Bilgewater,Noxus",0.470204079512192,0.583932816783312,FALSE,POS,(47.0%-58.4%),0.0374995849979527
Draven / Ezreal,Gangplank / Sejuani,961,2224,0.432104316546763,"Noxus,Piltover",0.411392681700252,0.452995099565971,TRUE,NEG,(41.1%-45.3%),0.0373156007569637
Draven / Ezreal,Azir / Irelia,1067,1728,0.617476851851852,"Noxus,Piltover",0.594088884433611,0.640465069186154,TRUE,POS,(59.4%-64.0%),0.0373156007569637
Draven / Ezreal,Pyke / Rek'Sai,746,1368,0.545321637426901,"Noxus,Piltover",0.518496000636635,0.571952205735215,TRUE,POS,(51.8%-57.2%),0.0373156007569637
Draven / Ezreal,Lulu / Zed (DE/IO),836,1316,0.635258358662614,"Noxus,Piltover",0.608592417749487,0.661318569625811,TRUE,POS,(60.9%-66.1%),0.0373156007569637
Draven / Ezreal,Gangplank / Miss Fortune (BW/NX),432,935,0.462032085561497,"Noxus,Piltover",0.429703810485235,0.49460022171391,TRUE,NEG,(43.0%-49.5%),0.0373156007569637
Draven / Ezreal,Draven / Ezreal,581,1162,0.5,"Noxus,Piltover",0.47085221320268,0.529147786797321,FALSE,NEG,(47.1%-52.9%),0.0373156007569637
Draven / Ezreal,Draven / Jinx,552,1037,0.532304725168756,"Noxus,Piltover",0.501399037402746,0.563026575604996,TRUE,POS,(50.1%-56.3%),0.0373156007569637
Draven / Ezreal,Akshan / Sivir (IO/SH),405,932,0.434549356223176,"Noxus,Piltover",0.40243871955495,0.467074869304808,TRUE,NEG,(40.2%-46.7%),0.0373156007569637
Draven / Ezreal,Akshan / Sivir / Zed,457,993,0.460221550855992,"Noxus,Piltover",0.428875150806295,0.491804445164748,TRUE,NEG,(42.9%-49.2%),0.0373156007569637
Draven / Ezreal,Jarvan IV / Shen,443,756,0.585978835978836,"Noxus,Piltover",0.549927868798915,0.621356478614528,TRUE,POS,(55.0%-62.1%),0.0373156007569637
Draven / Ezreal,Akshan / Sivir (DE/SH),324,876,0.36986301369863,"Noxus,Piltover",0.337806506820734,0.402798186647847,TRUE,NEG,(33.8%-40.3%),0.0373156007569637
Draven / Ezreal,Swain / Twisted Fate,428,772,0.55440414507772,"Noxus,Piltover",0.51854402280036,0.58984721903656,TRUE,POS,(51.9%-59.0%),0.0373156007569637
Draven / Ezreal,Ezreal / Karma,279,706,0.395184135977337,"Noxus,Piltover",0.358916326816132,0.432331693058908,TRUE,NEG,(35.9%-43.2%),0.0373156007569637
Draven / Ezreal,Anivia (FR/SI),214,606,0.353135313531353,"Noxus,Piltover",0.315052869820991,0.392657058050879,TRUE,NEG,(31.5%-39.3%),0.0373156007569637
Draven / Ezreal,Sivir / Zed,193,393,0.491094147582697,"Noxus,Piltover",0.440624945323513,0.541698441789001,FALSE,NEG,(44.1%-54.2%),0.0373156007569637
Draven / Ezreal,Akshan / Lee Sin,159,394,0.403553299492386,"Noxus,Piltover",0.354725482823371,0.453841230155965,TRUE,NEG,(35.5%-45.4%),0.0373156007569637
Draven / Ezreal,Viego (SI/SH),237,425,0.557647058823529,"Noxus,Piltover",0.508988726637767,0.605497395018822,TRUE,POS,(50.9%-60.5%),0.0373156007569637
Draven / Ezreal,Lee Sin / Zoe,199,503,0.395626242544732,"Noxus,Piltover",0.352622552994687,0.439864109576191,TRUE,NEG,(35.3%-44.0%),0.0373156007569637
Draven / Ezreal,Jinx / Lulu,219,411,0.532846715328467,"Noxus,Piltover",0.483307528326369,0.581909705717084,FALSE,POS,(48.3%-58.2%),0.0373156007569637
Draven / Ezreal,Viego (IO/SI),152,279,0.544802867383513,"Noxus,Piltover",0.484366120664077,0.604277928283491,FALSE,POS,(48.4%-60.4%),0.0373156007569637
Draven / Jinx,Gangplank / Sejuani,929,1981,0.468955073195356,"Noxus,Piltover",0.446787032710182,0.4912151361074,TRUE,NEG,(44.7%-49.1%),0.0362504288354489
Draven / Jinx,Azir / Irelia,1370,1869,0.733012306046014,"Noxus,Piltover",0.712333336680475,0.752957482248042,TRUE,POS,(71.2%-75.3%),0.0362504288354489
Draven / Jinx,Pyke / Rek'Sai,945,1610,0.586956521739131,"Noxus,Piltover",0.562454292594134,0.611141071520928,TRUE,POS,(56.2%-61.1%),0.0362504288354489
Draven / Jinx,Lulu / Zed (DE/IO),531,958,0.554279749478079,"Noxus,Piltover",0.522156911883736,0.586067961506666,TRUE,POS,(52.2%-58.6%),0.0362504288354489
Draven / Jinx,Gangplank / Miss Fortune (BW/NX),619,1061,0.583411875589067,"Noxus,Piltover",0.553079103966802,0.613280690327304,TRUE,POS,(55.3%-61.3%),0.0362504288354489
Draven / Jinx,Draven / Ezreal,485,1037,0.467695274831244,"Noxus,Piltover",0.436973424395004,0.498600962597254,TRUE,NEG,(43.7%-49.9%),0.0362504288354489
Draven / Jinx,Draven / Jinx,615,1230,0.5,"Noxus,Piltover",0.471679412295567,0.528320587704433,FALSE,NEG,(47.2%-52.8%),0.0362504288354489
Draven / Jinx,Akshan / Sivir (IO/SH),495,906,0.54635761589404,"Noxus,Piltover",0.513281918652785,0.57913097964264,TRUE,POS,(51.3%-57.9%),0.0362504288354489
Draven / Jinx,Akshan / Sivir / Zed,573,991,0.578203834510595,"Noxus,Piltover",0.54675777250954,0.609183916426835,TRUE,POS,(54.7%-60.9%),0.0362504288354489
Draven / Jinx,Jarvan IV / Shen,365,750,0.486666666666667,"Noxus,Piltover",0.450341668301537,0.52309688926045,FALSE,NEG,(45.0%-52.3%),0.0362504288354489
Draven / Jinx,Akshan / Sivir (DE/SH),265,550,0.481818181818182,"Noxus,Piltover",0.439344778422813,0.524487886946726,FALSE,NEG,(43.9%-52.4%),0.0362504288354489
Draven / Jinx,Swain / Twisted Fate,177,626,0.282747603833866,"Noxus,Piltover",0.247766687910912,0.319792244407324,TRUE,NEG,(24.8%-32.0%),0.0362504288354489
Draven / Jinx,Ezreal / Karma,239,622,0.384244372990354,"Noxus,Piltover",0.345842314880362,0.423750836907063,TRUE,NEG,(34.6%-42.4%),0.0362504288354489
Draven / Jinx,Anivia (FR/SI),120,546,0.21978021978022,"Noxus,Piltover",0.185725916786469,0.256899551824233,TRUE,NEG,(18.6%-25.7%),0.0362504288354489
Draven / Jinx,Sivir / Zed,358,553,0.647377938517179,"Noxus,Piltover",0.605947247748051,0.687224203744957,TRUE,POS,(60.6%-68.7%),0.0362504288354489
Draven / Jinx,Akshan / Lee Sin,234,430,0.544186046511628,"Noxus,Piltover",0.495782741178372,0.5919773689305,FALSE,POS,(49.6%-59.2%),0.0362504288354489
Draven / Jinx,Viego (SI/SH),252,445,0.566292134831461,"Noxus,Piltover",0.518810679846174,0.612886614029883,TRUE,POS,(51.9%-61.3%),0.0362504288354489
Draven / Jinx,Lee Sin / Zoe,202,487,0.414784394250513,"Noxus,Piltover",0.370633553460497,0.459976144377663,TRUE,NEG,(37.1%-46.0%),0.0362504288354489
Draven / Jinx,Jinx / Lulu,214,451,0.47450110864745,"Noxus,Piltover",0.427605593703658,0.521733124531036,FALSE,NEG,(42.8%-52.2%),0.0362504288354489
Draven / Jinx,Viego (IO/SI),157,318,0.493710691823899,"Noxus,Piltover",0.437470021268588,0.550069581519509,FALSE,NEG,(43.7%-55.0%),0.0362504288354489
Akshan / Sivir (IO/SH),Gangplank / Sejuani,939,1914,0.490595611285267,"Ionia,Shurima",0.467967364608683,0.513252715898087,FALSE,NEG,(46.8%-51.3%),0.0361591283850334
Akshan / Sivir (IO/SH),Azir / Irelia,968,1843,0.525230602278893,"Ionia,Shurima",0.502136198878559,0.54824457935404,TRUE,POS,(50.2%-54.8%),0.0361591283850334
Akshan / Sivir (IO/SH),Pyke / Rek'Sai,843,1495,0.563879598662207,"Ionia,Shurima",0.538302636535595,0.589205127554695,TRUE,POS,(53.8%-58.9%),0.0361591283850334
Akshan / Sivir (IO/SH),Lulu / Zed (DE/IO),268,768,0.348958333333333,"Ionia,Shurima",0.315232520518009,0.383849249492689,TRUE,NEG,(31.5%-38.4%),0.0361591283850334
Akshan / Sivir (IO/SH),Gangplank / Miss Fortune (BW/NX),449,943,0.476139978791092,"Ionia,Shurima",0.443850682566131,0.508578714046126,FALSE,NEG,(44.4%-50.9%),0.0361591283850334
Akshan / Sivir (IO/SH),Draven / Ezreal,527,932,0.565450643776824,"Ionia,Shurima",0.532925130695192,0.597561280445051,TRUE,POS,(53.3%-59.8%),0.0361591283850334
Akshan / Sivir (IO/SH),Draven / Jinx,411,906,0.45364238410596,"Ionia,Shurima",0.42086902035736,0.486718081347215,TRUE,NEG,(42.1%-48.7%),0.0361591283850334
Akshan / Sivir (IO/SH),Akshan / Sivir (IO/SH),643,1286,0.5,"Ionia,Shurima",0.472310420258868,0.527689579741132,FALSE,NEG,(47.2%-52.8%),0.0361591283850334
Akshan / Sivir (IO/SH),Akshan / Sivir / Zed,416,868,0.47926267281106,"Ionia,Shurima",0.445571281325487,0.513095274648056,FALSE,NEG,(44.6%-51.3%),0.0361591283850334
Akshan / Sivir (IO/SH),Jarvan IV / Shen,340,796,0.42713567839196,"Ionia,Shurima",0.39246848443086,0.462344488411605,TRUE,NEG,(39.2%-46.2%),0.0361591283850334
Akshan / Sivir (IO/SH),Akshan / Sivir (DE/SH),282,552,0.510869565217391,"Ionia,Shurima",0.468300381256198,0.553321826114803,FALSE,POS,(46.8%-55.3%),0.0361591283850334
Akshan / Sivir (IO/SH),Swain / Twisted Fate,315,590,0.533898305084746,"Ionia,Shurima",0.492714401409175,0.574741281384251,FALSE,POS,(49.3%-57.5%),0.0361591283850334
Akshan / Sivir (IO/SH),Ezreal / Karma,364,618,0.588996763754045,"Ionia,Shurima",0.549047656257663,0.628091469375725,TRUE,POS,(54.9%-62.8%),0.0361591283850334
Akshan / Sivir (IO/SH),Anivia (FR/SI),281,455,0.617582417582418,"Ionia,Shurima",0.571181939333033,0.662443735724764,TRUE,POS,(57.1%-66.2%),0.0361591283850334
Akshan / Sivir (IO/SH),Sivir / Zed,279,604,0.461920529801325,"Ionia,Shurima",0.421603908650027,0.502611164451397,FALSE,NEG,(42.2%-50.3%),0.0361591283850334
Akshan / Sivir (IO/SH),Akshan / Lee Sin,349,586,0.595563139931741,"Ionia,Shurima",0.554573917744598,0.635584195693476,TRUE,POS,(55.5%-63.6%),0.0361591283850334
Akshan / Sivir (IO/SH),Viego (SI/SH),343,563,0.609236234458259,"Ionia,Shurima",0.567556990613787,0.649762878558864,TRUE,POS,(56.8%-65.0%),0.0361591283850334
Akshan / Sivir (IO/SH),Lee Sin / Zoe,260,476,0.546218487394958,"Ionia,Shurima",0.500273570210764,0.591585821777264,TRUE,POS,(50.0%-59.2%),0.0361591283850334
Akshan / Sivir (IO/SH),Jinx / Lulu,229,476,0.48109243697479,"Ionia,Shurima",0.435395097996992,0.527026035102773,FALSE,NEG,(43.5%-52.7%),0.0361591283850334
Akshan / Sivir (IO/SH),Viego (IO/SI),255,382,0.667539267015707,"Ionia,Shurima",0.617827565752495,0.714630313541761,TRUE,POS,(61.8%-71.5%),0.0361591283850334
Akshan / Sivir / Zed,Gangplank / Sejuani,1033,2038,0.506869479882238,"Ionia,Shurima",0.484921719168231,0.528797452057019,FALSE,POS,(48.5%-52.9%),0.0329414791779639
Akshan / Sivir / Zed,Azir / Irelia,886,1719,0.515415939499709,"Ionia,Shurima",0.491490726455299,0.539288442184883,FALSE,POS,(49.1%-53.9%),0.0329414791779639
Akshan / Sivir / Zed,Pyke / Rek'Sai,779,1378,0.565312046444122,"Ionia,Shurima",0.538660013155955,0.591685004397357,TRUE,POS,(53.9%-59.2%),0.0329414791779639
Akshan / Sivir / Zed,Lulu / Zed (DE/IO),366,1035,0.353623188405797,"Ionia,Shurima",0.324464757002297,0.38361697115577,TRUE,NEG,(32.4%-38.4%),0.0329414791779639
Akshan / Sivir / Zed,Gangplank / Miss Fortune (BW/NX),429,909,0.471947194719472,"Ionia,Shurima",0.439080404901189,0.504996318204663,FALSE,NEG,(43.9%-50.5%),0.0329414791779639
Akshan / Sivir / Zed,Draven / Ezreal,536,993,0.539778449144008,"Ionia,Shurima",0.508195554835252,0.571124849193705,TRUE,POS,(50.8%-57.1%),0.0329414791779639
Akshan / Sivir / Zed,Draven / Jinx,418,991,0.421796165489405,"Ionia,Shurima",0.390816083573165,0.45324222749046,TRUE,NEG,(39.1%-45.3%),0.0329414791779639
Akshan / Sivir / Zed,Akshan / Sivir (IO/SH),452,868,0.52073732718894,"Ionia,Shurima",0.486904725351944,0.554428718674513,FALSE,POS,(48.7%-55.4%),0.0329414791779639
Akshan / Sivir / Zed,Akshan / Sivir / Zed,506,1012,0.5,"Ionia,Shurima",0.468738685098198,0.531261314901802,FALSE,NEG,(46.9%-53.1%),0.0329414791779639
Akshan / Sivir / Zed,Jarvan IV / Shen,321,711,0.451476793248945,"Ionia,Shurima",0.414461678791566,0.488896106927774,TRUE,NEG,(41.4%-48.9%),0.0329414791779639
Akshan / Sivir / Zed,Akshan / Sivir (DE/SH),267,502,0.531872509960159,"Ionia,Shurima",0.487148578273656,0.576219022726073,FALSE,POS,(48.7%-57.6%),0.0329414791779639
Akshan / Sivir / Zed,Swain / Twisted Fate,296,603,0.490878938640133,"Ionia,Shurima",0.450277248554719,0.53157035877911,FALSE,NEG,(45.0%-53.2%),0.0329414791779639
Akshan / Sivir / Zed,Ezreal / Karma,327,589,0.555178268251273,"Ionia,Shurima",0.514004553421655,0.595796026755205,TRUE,POS,(51.4%-59.6%),0.0329414791779639
Akshan / Sivir / Zed,Anivia (FR/SI),275,546,0.503663003663004,"Ionia,Shurima",0.460886773637709,0.546399393470481,FALSE,POS,(46.1%-54.6%),0.0329414791779639
Akshan / Sivir / Zed,Sivir / Zed,194,375,0.517333333333333,"Ionia,Shurima",0.465459553087008,0.568931401495954,FALSE,POS,(46.5%-56.9%),0.0329414791779639
Akshan / Sivir / Zed,Akshan / Lee Sin,175,283,0.618374558303887,"Ionia,Shurima",0.559008308388478,0.675233973061847,TRUE,POS,(55.9%-67.5%),0.0329414791779639
Akshan / Sivir / Zed,Viego (SI/SH),201,350,0.574285714285714,"Ionia,Shurima",0.520610812674036,0.626693036332918,TRUE,POS,(52.1%-62.7%),0.0329414791779639
Akshan / Sivir / Zed,Lee Sin / Zoe,229,455,0.503296703296703,"Ionia,Shurima",0.456363942269856,0.550186347355159,FALSE,POS,(45.6%-55.0%),0.0329414791779639
Akshan / Sivir / Zed,Jinx / Lulu,184,391,0.470588235294118,"Ionia,Shurima",0.420221688820852,0.521403258601544,FALSE,NEG,(42.0%-52.1%),0.0329414791779639
Akshan / Sivir / Zed,Viego (IO/SI),166,259,0.640926640926641,"Ionia,Shurima",0.579219570186101,0.699367022984522,TRUE,POS,(57.9%-69.9%),0.0329414791779639
Jarvan IV / Shen,Gangplank / Sejuani,640,1587,0.403276622558286,"Demacia,Ionia",0.37902440218249,0.427887385431067,TRUE,NEG,(37.9%-42.8%),0.0282146058587222
Jarvan IV / Shen,Azir / Irelia,730,1423,0.513000702740689,"Demacia,Ionia",0.486675417714979,0.539272214298302,FALSE,POS,(48.7%-53.9%),0.0282146058587222
Jarvan IV / Shen,Pyke / Rek'Sai,586,1179,0.497031382527566,"Demacia,Ionia",0.468105062690904,0.525972544457895,FALSE,NEG,(46.8%-52.6%),0.0282146058587222
Jarvan IV / Shen,Lulu / Zed (DE/IO),440,746,0.589812332439678,"Demacia,Ionia",0.553548311682014,0.625363460220257,TRUE,POS,(55.4%-62.5%),0.0282146058587222
Jarvan IV / Shen,Gangplank / Miss Fortune (BW/NX),434,799,0.543178973717146,"Demacia,Ionia",0.507907917815824,0.578130339400512,TRUE,POS,(50.8%-57.8%),0.0282146058587222
Jarvan IV / Shen,Draven / Ezreal,313,756,0.414021164021164,"Demacia,Ionia",0.378643521385472,0.450072131201085,TRUE,NEG,(37.9%-45.0%),0.0282146058587222
Jarvan IV / Shen,Draven / Jinx,385,750,0.513333333333333,"Demacia,Ionia",0.476903110739551,0.549658331698464,FALSE,POS,(47.7%-55.0%),0.0282146058587222
Jarvan IV / Shen,Akshan / Sivir (IO/SH),456,796,0.57286432160804,"Demacia,Ionia",0.537655511588395,0.60753151556914,TRUE,POS,(53.8%-60.8%),0.0282146058587222
Jarvan IV / Shen,Akshan / Sivir / Zed,390,711,0.548523206751055,"Demacia,Ionia",0.511103893072226,0.585538321208435,TRUE,POS,(51.1%-58.6%),0.0282146058587222
Jarvan IV / Shen,Jarvan IV / Shen,315,630,0.5,"Demacia,Ionia",0.46024148716609,0.53975851283391,FALSE,NEG,(46.0%-54.0%),0.0282146058587222
Jarvan IV / Shen,Akshan / Sivir (DE/SH),235,532,0.441729323308271,"Demacia,Ionia",0.399017022574894,0.485092387200718,TRUE,NEG,(39.9%-48.5%),0.0282146058587222
Jarvan IV / Shen,Swain / Twisted Fate,185,436,0.424311926605505,"Demacia,Ionia",0.377424851846423,0.47223293696395,TRUE,NEG,(37.7%-47.2%),0.0282146058587222
Jarvan IV / Shen,Ezreal / Karma,275,491,0.560081466395112,"Demacia,Ionia",0.514906974174777,0.604528269294351,TRUE,POS,(51.5%-60.5%),0.0282146058587222
Jarvan IV / Shen,Anivia (FR/SI),153,414,0.369565217391304,"Demacia,Ionia",0.322940048002493,0.418069471656738,TRUE,NEG,(32.3%-41.8%),0.0282146058587222
Jarvan IV / Shen,Sivir / Zed,245,397,0.617128463476071,"Demacia,Ionia",0.567323724161035,0.665173023888893,TRUE,POS,(56.7%-66.5%),0.0282146058587222
Jarvan IV / Shen,Akshan / Lee Sin,160,358,0.446927374301676,"Demacia,Ionia",0.394656071746846,0.500083627789468,FALSE,NEG,(39.5%-50.0%),0.0282146058587222
Jarvan IV / Shen,Viego (SI/SH),173,308,0.561688311688312,"Demacia,Ionia",0.504283482843635,0.617895119475504,TRUE,POS,(50.4%-61.8%),0.0282146058587222
Jarvan IV / Shen,Lee Sin / Zoe,181,364,0.497252747252747,"Demacia,Ionia",0.444718702861555,0.549831827233369,FALSE,NEG,(44.5%-55.0%),0.0282146058587222
Jarvan IV / Shen,Jinx / Lulu,190,308,0.616883116883117,"Demacia,Ionia",0.560052865863808,0.671441749046571,TRUE,POS,(56.0%-67.1%),0.0282146058587222
Jarvan IV / Shen,Viego (IO/SI),154,258,0.596899224806202,"Demacia,Ionia",0.534276164402816,0.657269317918822,TRUE,POS,(53.4%-65.7%),0.0282146058587222
Akshan / Sivir (DE/SH),Gangplank / Sejuani,918,1628,0.563882063882064,"Demacia,Shurima",0.539388946281857,0.588144426706377,TRUE,POS,(53.9%-58.8%),0.0272130675844668
Akshan / Sivir (DE/SH),Azir / Irelia,611,1013,0.603158933859822,"Demacia,Shurima",0.572273400423546,0.633443142077931,TRUE,POS,(57.2%-63.3%),0.0272130675844668
Akshan / Sivir (DE/SH),Pyke / Rek'Sai,536,889,0.602924634420698,"Demacia,Shurima",0.569900874462654,0.635263926878093,TRUE,POS,(57.0%-63.5%),0.0272130675844668
Akshan / Sivir (DE/SH),Lulu / Zed (DE/IO),547,1175,0.465531914893617,"Demacia,Shurima",0.436702176943976,0.494534581036586,TRUE,NEG,(43.7%-49.5%),0.0272130675844668
Akshan / Sivir (DE/SH),Gangplank / Miss Fortune (BW/NX),412,683,0.603221083455344,"Demacia,Shurima",0.565417380336943,0.640128955989112,TRUE,POS,(56.5%-64.0%),0.0272130675844668
Akshan / Sivir (DE/SH),Draven / Ezreal,552,876,0.63013698630137,"Demacia,Shurima",0.597201813352153,0.662193493179266,TRUE,POS,(59.7%-66.2%),0.0272130675844668
Akshan / Sivir (DE/SH),Draven / Jinx,285,550,0.518181818181818,"Demacia,Shurima",0.475512113053274,0.560655221577188,FALSE,POS,(47.6%-56.1%),0.0272130675844668
Akshan / Sivir (DE/SH),Akshan / Sivir (IO/SH),270,552,0.489130434782609,"Demacia,Shurima",0.446678173885197,0.531699618743802,FALSE,NEG,(44.7%-53.2%),0.0272130675844668
Akshan / Sivir (DE/SH),Akshan / Sivir / Zed,235,502,0.468127490039841,"Demacia,Shurima",0.423780977273927,0.512851421726344,FALSE,NEG,(42.4%-51.3%),0.0272130675844668
Akshan / Sivir (DE/SH),Jarvan IV / Shen,297,532,0.558270676691729,"Demacia,Shurima",0.514907612799283,0.600982977425106,TRUE,POS,(51.5%-60.1%),0.0272130675844668
Akshan / Sivir (DE/SH),Akshan / Sivir (DE/SH),668,1336,0.5,"Demacia,Shurima",0.472839719586539,0.527160280413461,FALSE,NEG,(47.3%-52.7%),0.0272130675844668
Akshan / Sivir (DE/SH),Swain / Twisted Fate,460,685,0.671532846715328,"Demacia,Shurima",0.634949902989898,0.7066299377862,TRUE,POS,(63.5%-70.7%),0.0272130675844668
Akshan / Sivir (DE/SH),Ezreal / Karma,331,451,0.733924611973392,"Demacia,Shurima",0.690582629027064,0.77416756160955,TRUE,POS,(69.1%-77.4%),0.0272130675844668
Akshan / Sivir (DE/SH),Anivia (FR/SI),389,575,0.676521739130435,"Demacia,Shurima",0.63658164573843,0.714636432894336,TRUE,POS,(63.7%-71.5%),0.0272130675844668
Akshan / Sivir (DE/SH),Sivir / Zed,62,127,0.488188976377953,"Demacia,Shurima",0.398510340535133,0.578430882877225,FALSE,NEG,(39.9%-57.8%),0.0272130675844668
Akshan / Sivir (DE/SH),Akshan / Lee Sin,116,202,0.574257425742574,"Demacia,Shurima",0.502926728147618,0.64337589594445,TRUE,POS,(50.3%-64.3%),0.0272130675844668
Akshan / Sivir (DE/SH),Viego (SI/SH),148,241,0.614107883817427,"Demacia,Shurima",0.549474361109591,0.675897545968661,TRUE,POS,(54.9%-67.6%),0.0272130675844668
Akshan / Sivir (DE/SH),Lee Sin / Zoe,232,389,0.596401028277635,"Demacia,Shurima",0.545779457400219,0.645544181060374,TRUE,POS,(54.6%-64.6%),0.0272130675844668
Akshan / Sivir (DE/SH),Jinx / Lulu,111,168,0.660714285714286,"Demacia,Shurima",0.583783440544542,0.731860347746452,TRUE,POS,(58.4%-73.2%),0.0272130675844668
Akshan / Sivir (DE/SH),Viego (IO/SI),99,146,0.678082191780822,"Demacia,Shurima",0.59581727888439,0.752949429021709,TRUE,POS,(59.6%-75.3%),0.0272130675844668
Swain / Twisted Fate,Gangplank / Sejuani,707,1594,0.443538268506901,"Bilgewater,Noxus",0.418959092012245,0.468325772375171,TRUE,NEG,(41.9%-46.8%),0.0249499230862872
Swain / Twisted Fate,Azir / Irelia,595,1039,0.572666025024062,"Bilgewater,Noxus",0.541934560404379,0.602984698253118,TRUE,POS,(54.2%-60.3%),0.0249499230862872
Swain / Twisted Fate,Pyke / Rek'Sai,448,917,0.488549618320611,"Bilgewater,Noxus",0.455732249423491,0.521440753505616,FALSE,NEG,(45.6%-52.1%),0.0249499230862872
Swain / Twisted Fate,Lulu / Zed (DE/IO),700,1016,0.688976377952756,"Bilgewater,Noxus",0.659502448362973,0.717350724434135,TRUE,POS,(66.0%-71.7%),0.0249499230862872
Swain / Twisted Fate,Gangplank / Miss Fortune (BW/NX),338,627,0.539074960127592,"Bilgewater,Noxus",0.499154362253733,0.578625990860159,FALSE,POS,(49.9%-57.9%),0.0249499230862872
Swain / Twisted Fate,Draven / Ezreal,344,772,0.44559585492228,"Bilgewater,Noxus",0.41015278096344,0.48145597719964,TRUE,NEG,(41.0%-48.1%),0.0249499230862872
Swain / Twisted Fate,Draven / Jinx,449,626,0.717252396166134,"Bilgewater,Noxus",0.680207755592676,0.752233312089088,TRUE,POS,(68.0%-75.2%),0.0249499230862872
Swain / Twisted Fate,Akshan / Sivir (IO/SH),275,590,0.466101694915254,"Bilgewater,Noxus",0.425258718615749,0.507285598590825,FALSE,NEG,(42.5%-50.7%),0.0249499230862872
Swain / Twisted Fate,Akshan / Sivir / Zed,307,603,0.509121061359867,"Bilgewater,Noxus",0.46842964122089,0.549722751445281,FALSE,POS,(46.8%-55.0%),0.0249499230862872
Swain / Twisted Fate,Jarvan IV / Shen,251,436,0.575688073394495,"Bilgewater,Noxus",0.52776706303605,0.622575148153577,TRUE,POS,(52.8%-62.3%),0.0249499230862872
Swain / Twisted Fate,Akshan / Sivir (DE/SH),225,685,0.328467153284672,"Bilgewater,Noxus",0.2933700622138,0.365050097010102,TRUE,NEG,(29.3%-36.5%),0.0249499230862872
Swain / Twisted Fate,Swain / Twisted Fate,328,656,0.5,"Bilgewater,Noxus",0.461049803049874,0.538950196950126,FALSE,NEG,(46.1%-53.9%),0.0249499230862872
Swain / Twisted Fate,Ezreal / Karma,209,438,0.47716894977169,"Bilgewater,Noxus",0.429542463055703,0.525105778421728,FALSE,NEG,(43.0%-52.5%),0.0249499230862872
Swain / Twisted Fate,Anivia (FR/SI),172,476,0.361344537815126,"Bilgewater,Noxus",0.318116709473468,0.40630696070518,TRUE,NEG,(31.8%-40.6%),0.0249499230862872
Swain / Twisted Fate,Sivir / Zed,119,208,0.572115384615385,"Bilgewater,Noxus",0.50184833611445,0.640296944704895,TRUE,POS,(50.2%-64.0%),0.0249499230862872
Swain / Twisted Fate,Akshan / Lee Sin,110,208,0.528846153846154,"Bilgewater,Noxus",0.458614780935416,0.598243647747228,FALSE,POS,(45.9%-59.8%),0.0249499230862872
Swain / Twisted Fate,Viego (SI/SH),104,222,0.468468468468469,"Bilgewater,Noxus",0.401386690415544,0.536403486073168,FALSE,NEG,(40.1%-53.6%),0.0249499230862872
Swain / Twisted Fate,Lee Sin / Zoe,154,319,0.482758620689655,"Bilgewater,Noxus",0.426738497124828,0.539101804433916,FALSE,NEG,(42.7%-53.9%),0.0249499230862872
Swain / Twisted Fate,Jinx / Lulu,139,208,0.668269230769231,"Bilgewater,Noxus",0.599819924606024,0.731841761343047,TRUE,POS,(60.0%-73.2%),0.0249499230862872
Swain / Twisted Fate,Viego (IO/SI),81,173,0.468208092485549,"Bilgewater,Noxus",0.392080686150354,0.54544346633324,FALSE,NEG,(39.2%-54.5%),0.0249499230862872
Ezreal / Karma,Gangplank / Sejuani,499,1441,0.346287300485774,"Ionia,Piltover",0.321709024179603,0.37149390763469,TRUE,NEG,(32.2%-37.1%),0.0240618187049723
Ezreal / Karma,Azir / Irelia,429,1223,0.350776778413737,"Ionia,Piltover",0.324008515832968,0.378264689453403,TRUE,NEG,(32.4%-37.8%),0.0240618187049723
Ezreal / Karma,Pyke / Rek'Sai,401,918,0.43681917211329,"Ionia,Piltover",0.404436486501828,0.469608505389107,TRUE,NEG,(40.4%-47.0%),0.0240618187049723
Ezreal / Karma,Lulu / Zed (DE/IO),489,754,0.648541114058356,"Ionia,Piltover",0.613271152569702,0.68264381065461,TRUE,POS,(61.3%-68.3%),0.0240618187049723
Ezreal / Karma,Gangplank / Miss Fortune (BW/NX),345,640,0.5390625,"Ionia,Piltover",0.499557756259397,0.57820537712989,FALSE,POS,(50.0%-57.8%),0.0240618187049723
Ezreal / Karma,Draven / Ezreal,427,706,0.604815864022663,"Ionia,Piltover",0.567668306941093,0.641083673183868,TRUE,POS,(56.8%-64.1%),0.0240618187049723
Ezreal / Karma,Draven / Jinx,383,622,0.615755627009646,"Ionia,Piltover",0.576249163092937,0.654157685119638,TRUE,POS,(57.6%-65.4%),0.0240618187049723
Ezreal / Karma,Akshan / Sivir (IO/SH),254,618,0.411003236245955,"Ionia,Piltover",0.371908530624275,0.450952343742337,TRUE,NEG,(37.2%-45.1%),0.0240618187049723
Ezreal / Karma,Akshan / Sivir / Zed,262,589,0.444821731748727,"Ionia,Piltover",0.404203973244795,0.485995446578345,TRUE,NEG,(40.4%-48.6%),0.0240618187049723
Ezreal / Karma,Jarvan IV / Shen,216,491,0.439918533604888,"Ionia,Piltover",0.395471730705649,0.485093025825223,TRUE,NEG,(39.5%-48.5%),0.0240618187049723
Ezreal / Karma,Akshan / Sivir (DE/SH),120,451,0.266075388026608,"Ionia,Piltover",0.22583243839045,0.309417370972936,TRUE,NEG,(22.6%-30.9%),0.0240618187049723
Ezreal / Karma,Swain / Twisted Fate,229,438,0.522831050228311,"Ionia,Piltover",0.474894221578273,0.570457536944297,FALSE,POS,(47.5%-57.0%),0.0240618187049723
Ezreal / Karma,Ezreal / Karma,222,444,0.5,"Ionia,Piltover",0.452499861834737,0.547500138165263,FALSE,NEG,(45.2%-54.8%),0.0240618187049723
Ezreal / Karma,Anivia (FR/SI),257,382,0.672774869109948,"Ionia,Piltover",0.623210769117111,0.71963604591329,TRUE,POS,(62.3%-72.0%),0.0240618187049723
Ezreal / Karma,Sivir / Zed,127,261,0.486590038314176,"Ionia,Piltover",0.424492122892359,0.548995884917713,FALSE,NEG,(42.4%-54.9%),0.0240618187049723
Ezreal / Karma,Akshan / Lee Sin,174,283,0.614840989399293,"Ionia,Piltover",0.55541438323495,0.671835752731325,TRUE,POS,(55.5%-67.2%),0.0240618187049723
Ezreal / Karma,Viego (SI/SH),115,279,0.412186379928315,"Ionia,Piltover",0.353843181260851,0.472415309775155,TRUE,NEG,(35.4%-47.2%),0.0240618187049723
Ezreal / Karma,Lee Sin / Zoe,202,304,0.664473684210526,"Ionia,Piltover",0.608342448677012,0.717362210559686,TRUE,POS,(60.8%-71.7%),0.0240618187049723
Ezreal / Karma,Jinx / Lulu,143,262,0.545801526717557,"Ionia,Piltover",0.483377671064697,0.607177561665382,FALSE,POS,(48.3%-60.7%),0.0240618187049723
Ezreal / Karma,Viego (IO/SI),96,199,0.482412060301508,"Ionia,Piltover",0.411195866379921,0.554159993287941,FALSE,NEG,(41.1%-55.4%),0.0240618187049723
Anivia (FR/SI),Gangplank / Sejuani,685,1245,0.550200803212851,"Freljord,ShadowIsles",0.522074692682629,0.578089315610713,TRUE,POS,(52.2%-57.8%),0.0210157036774715
Anivia (FR/SI),Azir / Irelia,150,969,0.154798761609907,"Freljord,ShadowIsles",0.132584404873752,0.179133294920707,TRUE,NEG,(13.3%-17.9%),0.0210157036774715
Anivia (FR/SI),Pyke / Rek'Sai,385,794,0.484886649874056,"Freljord,ShadowIsles",0.449606063028583,0.520279836532131,FALSE,NEG,(45.0%-52.0%),0.0210157036774715
Anivia (FR/SI),Lulu / Zed (DE/IO),442,785,0.563057324840764,"Freljord,ShadowIsles",0.527540260380779,0.598099067977413,TRUE,POS,(52.8%-59.8%),0.0210157036774715
Anivia (FR/SI),Gangplank / Miss Fortune (BW/NX),325,554,0.586642599277978,"Freljord,ShadowIsles",0.544362690202934,0.62799352045186,TRUE,POS,(54.4%-62.8%),0.0210157036774715
Anivia (FR/SI),Draven / Ezreal,392,606,0.646864686468647,"Freljord,ShadowIsles",0.607342941949122,0.684947130179009,TRUE,POS,(60.7%-68.5%),0.0210157036774715
Anivia (FR/SI),Draven / Jinx,426,546,0.78021978021978,"Freljord,ShadowIsles",0.743100448175767,0.814274083213531,TRUE,POS,(74.3%-81.4%),0.0210157036774715
Anivia (FR/SI),Akshan / Sivir (IO/SH),174,455,0.382417582417582,"Freljord,ShadowIsles",0.337556264275236,0.428818060666967,TRUE,NEG,(33.8%-42.9%),0.0210157036774715
Anivia (FR/SI),Akshan / Sivir / Zed,271,546,0.496336996336996,"Freljord,ShadowIsles",0.453600606529519,0.539113226362291,FALSE,NEG,(45.4%-53.9%),0.0210157036774715
Anivia (FR/SI),Jarvan IV / Shen,261,414,0.630434782608696,"Freljord,ShadowIsles",0.581930528343262,0.677059951997507,TRUE,POS,(58.2%-67.7%),0.0210157036774715
Anivia (FR/SI),Akshan / Sivir (DE/SH),186,575,0.323478260869565,"Freljord,ShadowIsles",0.285363567105664,0.36341835426157,TRUE,NEG,(28.5%-36.3%),0.0210157036774715
Anivia (FR/SI),Swain / Twisted Fate,304,476,0.638655462184874,"Freljord,ShadowIsles",0.59369303929482,0.681883290526532,TRUE,POS,(59.4%-68.2%),0.0210157036774715
Anivia (FR/SI),Ezreal / Karma,125,382,0.327225130890052,"Freljord,ShadowIsles",0.28036395408671,0.376789230882889,TRUE,NEG,(28.0%-37.7%),0.0210157036774715
Anivia (FR/SI),Anivia (FR/SI),193,386,0.5,"Freljord,ShadowIsles",0.448990656587826,0.551009343412174,FALSE,NEG,(44.9%-55.1%),0.0210157036774715
Anivia (FR/SI),Sivir / Zed,97,192,0.505208333333333,"Freljord,ShadowIsles",0.432285170979217,0.577968209426867,FALSE,POS,(43.2%-57.8%),0.0210157036774715
Anivia (FR/SI),Akshan / Lee Sin,83,179,0.463687150837989,"Freljord,ShadowIsles",0.38898645787751,0.539610366610399,FALSE,NEG,(38.9%-54.0%),0.0210157036774715
Anivia (FR/SI),Viego (SI/SH),76,208,0.365384615384615,"Freljord,ShadowIsles",0.299885790121816,0.434780955338541,TRUE,NEG,(30.0%-43.5%),0.0210157036774715
Anivia (FR/SI),Lee Sin / Zoe,144,297,0.484848484848485,"Freljord,ShadowIsles",0.426726614512187,0.543275572296419,FALSE,NEG,(42.7%-54.3%),0.0210157036774715
Anivia (FR/SI),Jinx / Lulu,123,203,0.605911330049261,"Freljord,ShadowIsles",0.535081378773619,0.673600189904748,TRUE,POS,(53.5%-67.4%),0.0210157036774715
Anivia (FR/SI),Viego (IO/SI),52,140,0.371428571428571,"Freljord,ShadowIsles",0.29133581793395,0.457085118030249,TRUE,NEG,(29.1%-45.7%),0.0210157036774715
Sivir / Zed,Gangplank / Sejuani,364,785,0.463694267515924,"Ionia,Shurima",0.428365339902365,0.499296830894386,TRUE,NEG,(42.8%-49.9%),0.0200279988047941
Sivir / Zed,Azir / Irelia,510,1026,0.497076023391813,"Ionia,Shurima",0.466040488363346,0.52812837722663,FALSE,NEG,(46.6%-52.8%),0.0200279988047941
Sivir / Zed,Pyke / Rek'Sai,568,1009,0.562933597621407,"Ionia,Shurima",0.53168586613839,0.593813119750846,TRUE,POS,(53.2%-59.4%),0.0200279988047941
Sivir / Zed,Lulu / Zed (DE/IO),58,215,0.269767441860465,"Ionia,Shurima",0.211665541434915,0.334338750050193,TRUE,NEG,(21.2%-33.4%),0.0200279988047941
Sivir / Zed,Gangplank / Miss Fortune (BW/NX),308,667,0.461769115442279,"Ionia,Shurima",0.423426963419589,0.50045094640759,FALSE,NEG,(42.3%-50.0%),0.0200279988047941
Sivir / Zed,Draven / Ezreal,200,393,0.508905852417303,"Ionia,Shurima",0.458301558210999,0.559375054676487,FALSE,POS,(45.8%-55.9%),0.0200279988047941
Sivir / Zed,Draven / Jinx,195,553,0.352622061482821,"Ionia,Shurima",0.312775796255043,0.394052752251949,TRUE,NEG,(31.3%-39.4%),0.0200279988047941
Sivir / Zed,Akshan / Sivir (IO/SH),325,604,0.538079470198676,"Ionia,Shurima",0.497388835548603,0.578396091349973,FALSE,POS,(49.7%-57.8%),0.0200279988047941
Sivir / Zed,Akshan / Sivir / Zed,181,375,0.482666666666667,"Ionia,Shurima",0.431068598504046,0.534540446912992,FALSE,NEG,(43.1%-53.5%),0.0200279988047941
Sivir / Zed,Jarvan IV / Shen,152,397,0.382871536523929,"Ionia,Shurima",0.334826976111107,0.432676275838965,TRUE,NEG,(33.5%-43.3%),0.0200279988047941
Sivir / Zed,Akshan / Sivir (DE/SH),65,127,0.511811023622047,"Ionia,Shurima",0.421569117122775,0.601489659464867,FALSE,POS,(42.2%-60.1%),0.0200279988047941
Sivir / Zed,Swain / Twisted Fate,89,208,0.427884615384615,"Ionia,Shurima",0.359703055295105,0.498151663885551,TRUE,NEG,(36.0%-49.8%),0.0200279988047941
Sivir / Zed,Ezreal / Karma,134,261,0.513409961685824,"Ionia,Shurima",0.451004115082288,0.575507877107641,FALSE,POS,(45.1%-57.6%),0.0200279988047941
Sivir / Zed,Anivia (FR/SI),95,192,0.494791666666667,"Ionia,Shurima",0.422031790573134,0.567714829020783,FALSE,NEG,(42.2%-56.8%),0.0200279988047941
Sivir / Zed,Sivir / Zed,336,672,0.5,"Ionia,Shurima",0.46152353407873,0.53847646592127,FALSE,NEG,(46.2%-53.8%),0.0200279988047941
Sivir / Zed,Akshan / Lee Sin,271,444,0.61036036036036,"Ionia,Shurima",0.563260397396371,0.655979627254367,TRUE,POS,(56.3%-65.6%),0.0200279988047941
Sivir / Zed,Viego (SI/SH),222,431,0.51508120649652,"Ionia,Shurima",0.466774297004137,0.563179751747673,FALSE,POS,(46.7%-56.3%),0.0200279988047941
Sivir / Zed,Lee Sin / Zoe,120,231,0.51948051948052,"Ionia,Shurima",0.45299685813783,0.585457889299321,FALSE,POS,(45.3%-58.5%),0.0200279988047941
Sivir / Zed,Jinx / Lulu,91,207,0.439613526570048,"Ionia,Shurima",0.370884784081855,0.510096892158536,FALSE,NEG,(37.1%-51.0%),0.0200279988047941
Sivir / Zed,Viego (IO/SI),166,278,0.597122302158273,"Ionia,Shurima",0.536884763703033,0.655266322830669,TRUE,POS,(53.7%-65.5%),0.0200279988047941
Akshan / Lee Sin,Gangplank / Sejuani,331,692,0.478323699421965,"Ionia,Shurima",0.440543606853387,0.516289347506421,FALSE,NEG,(44.1%-51.6%),0.0186211418642999
Akshan / Lee Sin,Azir / Irelia,328,943,0.347826086956522,"Ionia,Shurima",0.31741267693876,0.379193565554196,TRUE,NEG,(31.7%-37.9%),0.0186211418642999
Akshan / Lee Sin,Pyke / Rek'Sai,354,806,0.439205955334988,"Ionia,Shurima",0.404599631273355,0.474258479885878,TRUE,NEG,(40.5%-47.4%),0.0186211418642999
Akshan / Lee Sin,Lulu / Zed (DE/IO),85,279,0.304659498207885,"Ionia,Shurima",0.25119273291453,0.362332075875431,TRUE,NEG,(25.1%-36.2%),0.0186211418642999
Akshan / Lee Sin,Gangplank / Miss Fortune (BW/NX),247,513,0.481481481481482,"Ionia,Shurima",0.437483775320645,0.525693711947776,FALSE,NEG,(43.7%-52.6%),0.0186211418642999
Akshan / Lee Sin,Draven / Ezreal,235,394,0.596446700507614,"Ionia,Shurima",0.546158769844035,0.645274517176629,TRUE,POS,(54.6%-64.5%),0.0186211418642999
Akshan / Lee Sin,Draven / Jinx,196,430,0.455813953488372,"Ionia,Shurima",0.4080226310695,0.504217258821628,FALSE,NEG,(40.8%-50.4%),0.0186211418642999
Akshan / Lee Sin,Akshan / Sivir (IO/SH),237,586,0.404436860068259,"Ionia,Shurima",0.364415804306524,0.445426082255402,TRUE,NEG,(36.4%-44.5%),0.0186211418642999
Akshan / Lee Sin,Akshan / Sivir / Zed,108,283,0.381625441696113,"Ionia,Shurima",0.324766026938153,0.440991691611522,TRUE,NEG,(32.5%-44.1%),0.0186211418642999
Akshan / Lee Sin,Jarvan IV / Shen,198,358,0.553072625698324,"Ionia,Shurima",0.499916372210532,0.605343928253154,FALSE,POS,(50.0%-60.5%),0.0186211418642999
Akshan / Lee Sin,Akshan / Sivir (DE/SH),86,202,0.425742574257426,"Ionia,Shurima",0.35662410405555,0.497073271852382,TRUE,NEG,(35.7%-49.7%),0.0186211418642999
Akshan / Lee Sin,Swain / Twisted Fate,98,208,0.471153846153846,"Ionia,Shurima",0.401756352252772,0.541385219064584,FALSE,NEG,(40.2%-54.1%),0.0186211418642999
Akshan / Lee Sin,Ezreal / Karma,109,283,0.385159010600707,"Ionia,Shurima",0.328164247268675,0.44458561676505,TRUE,NEG,(32.8%-44.5%),0.0186211418642999
Akshan / Lee Sin,Anivia (FR/SI),96,179,0.536312849162011,"Ionia,Shurima",0.460389633389601,0.61101354212249,FALSE,POS,(46.0%-61.1%),0.0186211418642999
Akshan / Lee Sin,Sivir / Zed,173,444,0.38963963963964,"Ionia,Shurima",0.344020372745633,0.436739602603629,TRUE,NEG,(34.4%-43.7%),0.0186211418642999
Akshan / Lee Sin,Akshan / Lee Sin,311,622,0.5,"Ionia,Shurima",0.459982541384987,0.540017458615013,FALSE,NEG,(46.0%-54.0%),0.0186211418642999
Akshan / Lee Sin,Viego (SI/SH),218,491,0.443991853360489,"Ionia,Shurima",0.399478477428095,0.489183564909485,TRUE,NEG,(39.9%-48.9%),0.0186211418642999
Akshan / Lee Sin,Lee Sin / Zoe,107,213,0.502347417840376,"Ionia,Shurima",0.433232179836964,0.571396417347401,FALSE,POS,(43.3%-57.1%),0.0186211418642999
Akshan / Lee Sin,Jinx / Lulu,101,210,0.480952380952381,"Ionia,Shurima",0.411688284683403,0.550761761055735,FALSE,NEG,(41.2%-55.1%),0.0186211418642999
Akshan / Lee Sin,Viego (IO/SI),95,212,0.44811320754717,"Ionia,Shurima",0.379958933888311,0.517738944375424,FALSE,NEG,(38.0%-51.8%),0.0186211418642999
Viego (SI/SH),Gangplank / Sejuani,356,799,0.445556946182728,"ShadowIsles,Shurima",0.410723665957515,0.480793334643496,TRUE,NEG,(41.1%-48.1%),0.0183029736280032
Viego (SI/SH),Azir / Irelia,335,964,0.347510373443983,"ShadowIsles,Shurima",0.31743701468837,0.378518761980214,TRUE,NEG,(31.7%-37.9%),0.0183029736280032
Viego (SI/SH),Pyke / Rek'Sai,332,773,0.429495472186287,"ShadowIsles,Shurima",0.394279637803726,0.465251121920486,TRUE,NEG,(39.4%-46.5%),0.0183029736280032
Viego (SI/SH),Lulu / Zed (DE/IO),92,301,0.305647840531561,"ShadowIsles,Shurima",0.25408525041992,0.361084619909983,TRUE,NEG,(25.4%-36.1%),0.0183029736280032
Viego (SI/SH),Gangplank / Miss Fortune (BW/NX),239,462,0.517316017316017,"ShadowIsles,Shurima",0.470682578243616,0.563726450912269,FALSE,POS,(47.1%-56.4%),0.0183029736280032
Viego (SI/SH),Draven / Ezreal,188,425,0.442352941176471,"ShadowIsles,Shurima",0.394502604981178,0.491011273362233,TRUE,NEG,(39.5%-49.1%),0.0183029736280032
Viego (SI/SH),Draven / Jinx,193,445,0.433707865168539,"ShadowIsles,Shurima",0.387113385970117,0.481189320153826,TRUE,NEG,(38.7%-48.1%),0.0183029736280032
Viego (SI/SH),Akshan / Sivir (IO/SH),220,563,0.390763765541741,"ShadowIsles,Shurima",0.350237121441136,0.432443009386213,TRUE,NEG,(35.0%-43.2%),0.0183029736280032
Viego (SI/SH),Akshan / Sivir / Zed,149,350,0.425714285714286,"ShadowIsles,Shurima",0.373306963667082,0.479389187325964,TRUE,NEG,(37.3%-47.9%),0.0183029736280032
Viego (SI/SH),Jarvan IV / Shen,135,308,0.438311688311688,"ShadowIsles,Shurima",0.382104880524496,0.495716517156365,TRUE,NEG,(38.2%-49.6%),0.0183029736280032
Viego (SI/SH),Akshan / Sivir (DE/SH),93,241,0.385892116182573,"ShadowIsles,Shurima",0.324102454031339,0.450525638890409,TRUE,NEG,(32.4%-45.1%),0.0183029736280032
Viego (SI/SH),Swain / Twisted Fate,118,222,0.531531531531532,"ShadowIsles,Shurima",0.463596513926832,0.598613309584457,FALSE,POS,(46.4%-59.9%),0.0183029736280032
Viego (SI/SH),Ezreal / Karma,164,279,0.587813620071685,"ShadowIsles,Shurima",0.527584690224845,0.646156818739149,TRUE,POS,(52.8%-64.6%),0.0183029736280032
Viego (SI/SH),Anivia (FR/SI),132,208,0.634615384615385,"ShadowIsles,Shurima",0.565219044661459,0.700114209878184,TRUE,POS,(56.5%-70.0%),0.0183029736280032
Viego (SI/SH),Sivir / Zed,209,431,0.48491879350348,"ShadowIsles,Shurima",0.436820248252327,0.533225702995863,FALSE,NEG,(43.7%-53.3%),0.0183029736280032
Viego (SI/SH),Akshan / Lee Sin,273,491,0.556008146639511,"ShadowIsles,Shurima",0.510816435090515,0.600521522571905,TRUE,POS,(51.1%-60.1%),0.0183029736280032
Viego (SI/SH),Viego (SI/SH),224,448,0.5,"ShadowIsles,Shurima",0.452716187492026,0.547283812507974,FALSE,NEG,(45.3%-54.7%),0.0183029736280032
Viego (SI/SH),Lee Sin / Zoe,113,243,0.465020576131687,"ShadowIsles,Shurima",0.401017838603368,0.529886966050687,FALSE,NEG,(40.1%-53.0%),0.0183029736280032
Viego (SI/SH),Jinx / Lulu,94,209,0.449760765550239,"ShadowIsles,Shurima",0.381067329799926,0.519899668805305,FALSE,NEG,(38.1%-52.0%),0.0183029736280032
Viego (SI/SH),Viego (IO/SI),82,179,0.458100558659218,"ShadowIsles,Shurima",0.38355724823827,0.534054529033669,FALSE,NEG,(38.4%-53.4%),0.0183029736280032
Lee Sin / Zoe,Gangplank / Sejuani,526,985,0.534010152284264,"Ionia,MtTargon",0.502287751252659,0.565528699928041,TRUE,POS,(50.2%-56.6%),0.0175864034262569
Lee Sin / Zoe,Azir / Irelia,266,792,0.335858585858586,"Ionia,MtTargon",0.302998099182221,0.369946740381823,TRUE,NEG,(30.3%-37.0%),0.0175864034262569
Lee Sin / Zoe,Pyke / Rek'Sai,317,667,0.475262368815592,"Ionia,MtTargon",0.436795897246768,0.513948623277934,FALSE,NEG,(43.7%-51.4%),0.0175864034262569
Lee Sin / Zoe,Lulu / Zed (DE/IO),244,558,0.437275985663082,"Ionia,MtTargon",0.395648499623672,0.47957099438979,TRUE,NEG,(39.6%-48.0%),0.0175864034262569
Lee Sin / Zoe,Gangplank / Miss Fortune (BW/NX),207,419,0.494033412887828,"Ionia,MtTargon",0.445156894917448,0.542994754801425,FALSE,NEG,(44.5%-54.3%),0.0175864034262569
Lee Sin / Zoe,Draven / Ezreal,304,503,0.604373757455268,"Ionia,MtTargon",0.560135890423809,0.647377447005313,TRUE,POS,(56.0%-64.7%),0.0175864034262569
Lee Sin / Zoe,Draven / Jinx,285,487,0.585215605749487,"Ionia,MtTargon",0.540023855622337,0.629366446539503,TRUE,POS,(54.0%-62.9%),0.0175864034262569
Lee Sin / Zoe,Akshan / Sivir (IO/SH),216,476,0.453781512605042,"Ionia,MtTargon",0.408414178222736,0.499726429789236,TRUE,NEG,(40.8%-50.0%),0.0175864034262569
Lee Sin / Zoe,Akshan / Sivir / Zed,226,455,0.496703296703297,"Ionia,MtTargon",0.449813652644841,0.543636057730144,FALSE,NEG,(45.0%-54.4%),0.0175864034262569
Lee Sin / Zoe,Jarvan IV / Shen,183,364,0.502747252747253,"Ionia,MtTargon",0.450168172766631,0.555281297138445,FALSE,POS,(45.0%-55.5%),0.0175864034262569
Lee Sin / Zoe,Akshan / Sivir (DE/SH),157,389,0.403598971722365,"Ionia,MtTargon",0.354455818939626,0.454220542599781,TRUE,NEG,(35.4%-45.4%),0.0175864034262569
Lee Sin / Zoe,Swain / Twisted Fate,165,319,0.517241379310345,"Ionia,MtTargon",0.460898195566085,0.573261502875172,FALSE,POS,(46.1%-57.3%),0.0175864034262569
Lee Sin / Zoe,Ezreal / Karma,102,304,0.335526315789474,"Ionia,MtTargon",0.282637789440314,0.391657551322988,TRUE,NEG,(28.3%-39.2%),0.0175864034262569
Lee Sin / Zoe,Anivia (FR/SI),153,297,0.515151515151515,"Ionia,MtTargon",0.456724427703581,0.573273385487813,FALSE,POS,(45.7%-57.3%),0.0175864034262569
Lee Sin / Zoe,Sivir / Zed,111,231,0.480519480519481,"Ionia,MtTargon",0.414542110700679,0.54700314186217,FALSE,NEG,(41.5%-54.7%),0.0175864034262569
Lee Sin / Zoe,Akshan / Lee Sin,106,213,0.497652582159624,"Ionia,MtTargon",0.428603582652599,0.566767820163036,FALSE,NEG,(42.9%-56.7%),0.0175864034262569
Lee Sin / Zoe,Viego (SI/SH),130,243,0.534979423868313,"Ionia,MtTargon",0.470113033949313,0.598982161396632,FALSE,POS,(47.0%-59.9%),0.0175864034262569
Lee Sin / Zoe,Lee Sin / Zoe,133,266,0.5,"Ionia,MtTargon",0.438326688815436,0.561673311184564,FALSE,NEG,(43.8%-56.2%),0.0175864034262569
Lee Sin / Zoe,Jinx / Lulu,113,188,0.601063829787234,"Ionia,MtTargon",0.527266250880822,0.671621517787149,TRUE,POS,(52.7%-67.2%),0.0175864034262569
Lee Sin / Zoe,Viego (IO/SI),79,128,0.6171875,"Ionia,MtTargon",0.527152875603394,0.701669452752068,TRUE,POS,(52.7%-70.2%),0.0175864034262569
Jinx / Lulu,Gangplank / Sejuani,336,773,0.434670116429496,"Ionia,Piltover",0.399384611838471,0.470455800102989,TRUE,NEG,(39.9%-47.0%),0.0143590708380828
Jinx / Lulu,Azir / Irelia,530,742,0.714285714285714,"Ionia,Piltover",0.68029931811669,0.746558287741088,TRUE,POS,(68.0%-74.7%),0.0143590708380828
Jinx / Lulu,Pyke / Rek'Sai,278,549,0.506375227686703,"Ionia,Piltover",0.463705641294686,0.548975857658326,FALSE,POS,(46.4%-54.9%),0.0143590708380828
Jinx / Lulu,Lulu / Zed (DE/IO),210,355,0.591549295774648,"Ionia,Piltover",0.538420162125515,0.643138247413331,TRUE,POS,(53.8%-64.3%),0.0143590708380828
Jinx / Lulu,Gangplank / Miss Fortune (BW/NX),183,370,0.494594594594595,"Ionia,Piltover",0.442519775704248,0.546756569361965,FALSE,NEG,(44.3%-54.7%),0.0143590708380828
Jinx / Lulu,Draven / Ezreal,192,411,0.467153284671533,"Ionia,Piltover",0.418090294282916,0.516692471673631,FALSE,NEG,(41.8%-51.7%),0.0143590708380828
Jinx / Lulu,Draven / Jinx,237,451,0.52549889135255,"Ionia,Piltover",0.478266875468964,0.572394406296342,FALSE,POS,(47.8%-57.2%),0.0143590708380828
Jinx / Lulu,Akshan / Sivir (IO/SH),247,476,0.51890756302521,"Ionia,Piltover",0.472973964897227,0.564604902003008,FALSE,POS,(47.3%-56.5%),0.0143590708380828
Jinx / Lulu,Akshan / Sivir / Zed,207,391,0.529411764705882,"Ionia,Piltover",0.478596741398456,0.579778311179148,FALSE,POS,(47.9%-58.0%),0.0143590708380828
Jinx / Lulu,Jarvan IV / Shen,118,308,0.383116883116883,"Ionia,Piltover",0.328558250953429,0.439947134136192,TRUE,NEG,(32.9%-44.0%),0.0143590708380828
Jinx / Lulu,Akshan / Sivir (DE/SH),57,168,0.339285714285714,"Ionia,Piltover",0.268139652253548,0.416216559455459,TRUE,NEG,(26.8%-41.6%),0.0143590708380828
Jinx / Lulu,Swain / Twisted Fate,69,208,0.331730769230769,"Ionia,Piltover",0.268158238656953,0.400180075393976,TRUE,NEG,(26.8%-40.0%),0.0143590708380828
Jinx / Lulu,Ezreal / Karma,119,262,0.454198473282443,"Ionia,Piltover",0.392822438334618,0.516622328935303,FALSE,NEG,(39.3%-51.7%),0.0143590708380828
Jinx / Lulu,Anivia (FR/SI),80,203,0.394088669950739,"Ionia,Piltover",0.326399810095252,0.464918621226381,TRUE,NEG,(32.6%-46.5%),0.0143590708380828
Jinx / Lulu,Sivir / Zed,116,207,0.560386473429952,"Ionia,Piltover",0.489903107841464,0.629115215918145,FALSE,POS,(49.0%-62.9%),0.0143590708380828
Jinx / Lulu,Akshan / Lee Sin,109,210,0.519047619047619,"Ionia,Piltover",0.449238238944265,0.588311715316597,FALSE,POS,(44.9%-58.8%),0.0143590708380828
Jinx / Lulu,Viego (SI/SH),115,209,0.550239234449761,"Ionia,Piltover",0.480100331194695,0.618932670200074,FALSE,POS,(48.0%-61.9%),0.0143590708380828
Jinx / Lulu,Lee Sin / Zoe,75,188,0.398936170212766,"Ionia,Piltover",0.328378482212851,0.472733749119178,TRUE,NEG,(32.8%-47.3%),0.0143590708380828
Jinx / Lulu,Jinx / Lulu,102,204,0.5,"Ionia,Piltover",0.429376595395794,0.570623404604206,FALSE,NEG,(42.9%-57.1%),0.0143590708380828
Jinx / Lulu,Viego (IO/SI),65,118,0.550847457627119,"Ionia,Piltover",0.45656845586816,0.642512983833266,FALSE,POS,(45.7%-64.3%),0.0143590708380828
Viego (IO/SI),Gangplank / Sejuani,249,637,0.390894819466248,"Ionia,ShadowIsles",0.352798878414818,0.430006856727038,TRUE,NEG,(35.3%-43.0%),0.0122702271997875
Viego (IO/SI),Azir / Irelia,225,635,0.354330708661417,"Ionia,ShadowIsles",0.317092647160893,0.392930422434943,TRUE,NEG,(31.7%-39.3%),0.0122702271997875
Viego (IO/SI),Pyke / Rek'Sai,214,516,0.414728682170543,"Ionia,ShadowIsles",0.371844978842793,0.458594778818122,TRUE,NEG,(37.2%-45.9%),0.0122702271997875
Viego (IO/SI),Lulu / Zed (DE/IO),57,238,0.239495798319328,"Ionia,ShadowIsles",0.186727371678289,0.298877578954869,TRUE,NEG,(18.7%-29.9%),0.0122702271997875
Viego (IO/SI),Gangplank / Miss Fortune (BW/NX),147,311,0.472668810289389,"Ionia,ShadowIsles",0.416067183216688,0.529795920487808,FALSE,NEG,(41.6%-53.0%),0.0122702271997875
Viego (IO/SI),Draven / Ezreal,127,279,0.455197132616488,"Ionia,ShadowIsles",0.395722071716509,0.515633879335923,FALSE,NEG,(39.6%-51.6%),0.0122702271997875
Viego (IO/SI),Draven / Jinx,161,318,0.506289308176101,"Ionia,ShadowIsles",0.449930418480491,0.562529978731412,FALSE,POS,(45.0%-56.3%),0.0122702271997875
Viego (IO/SI),Akshan / Sivir (IO/SH),127,382,0.332460732984293,"Ionia,ShadowIsles",0.285369686458239,0.382172434247505,TRUE,NEG,(28.5%-38.2%),0.0122702271997875
Viego (IO/SI),Akshan / Sivir / Zed,93,259,0.359073359073359,"Ionia,ShadowIsles",0.300632977015478,0.420780429813899,TRUE,NEG,(30.1%-42.1%),0.0122702271997875
Viego (IO/SI),Jarvan IV / Shen,104,258,0.403100775193798,"Ionia,ShadowIsles",0.342730682081178,0.465723835597184,TRUE,NEG,(34.3%-46.6%),0.0122702271997875
Viego (IO/SI),Akshan / Sivir (DE/SH),47,146,0.321917808219178,"Ionia,ShadowIsles",0.247050570978291,0.40418272111561,TRUE,NEG,(24.7%-40.4%),0.0122702271997875
Viego (IO/SI),Swain / Twisted Fate,92,173,0.531791907514451,"Ionia,ShadowIsles",0.45455653366676,0.607919313849646,FALSE,POS,(45.5%-60.8%),0.0122702271997875
Viego (IO/SI),Ezreal / Karma,103,199,0.517587939698493,"Ionia,ShadowIsles",0.445840006712059,0.58880413362008,FALSE,POS,(44.6%-58.9%),0.0122702271997875
Viego (IO/SI),Anivia (FR/SI),88,140,0.628571428571429,"Ionia,ShadowIsles",0.542914881969751,0.70866418206605,TRUE,POS,(54.3%-70.9%),0.0122702271997875
Viego (IO/SI),Sivir / Zed,112,278,0.402877697841727,"Ionia,ShadowIsles",0.344733677169331,0.463115236296968,TRUE,NEG,(34.5%-46.3%),0.0122702271997875
Viego (IO/SI),Akshan / Lee Sin,117,212,0.55188679245283,"Ionia,ShadowIsles",0.482261055624576,0.62004106611169,FALSE,POS,(48.2%-62.0%),0.0122702271997875
Viego (IO/SI),Viego (SI/SH),97,179,0.541899441340782,"Ionia,ShadowIsles",0.465945470966332,0.61644275176173,FALSE,POS,(46.6%-61.6%),0.0122702271997875
Viego (IO/SI),Lee Sin / Zoe,49,128,0.3828125,"Ionia,ShadowIsles",0.298330547247932,0.472847124396606,TRUE,NEG,(29.8%-47.3%),0.0122702271997875
Viego (IO/SI),Jinx / Lulu,53,118,0.449152542372881,"Ionia,ShadowIsles",0.357487016166735,0.543431544131841,FALSE,NEG,(35.7%-54.3%),0.0122702271997875
Viego (IO/SI),Viego (IO/SI),83,166,0.5,"Ionia,ShadowIsles",0.42153060288457,0.57846939711543,FALSE,NEG,(42.2%-57.8%),0.0122702271997875
