time,archetype_1,n,freq
2026-09-16T18:00:00Z,Other,27,0.710526315789474
2026-09-16T18:00:00Z,Gnar/Nidalee (BC/SH),1,0.0263157894736842
2026-09-16T18:00:00Z,Garen/Udyr (DE/FR),1,0.0263157894736842
2026-09-16T18:00:00Z,Championless (SI),1,0.0263157894736842
2026-09-16T18:00:00Z,Nilah/Twisted Fate (BW/PZ),2,0.0526315789473684
2026-09-16T18:00:00Z,Ashe (FR/PZ),2,0.0526315789473684
2026-09-16T18:00:00Z,Braum/Zoe (FR/MT),4,0.105263157894737
2026-09-16T18:00:00Z,Ashe/LeBlanc (FR/NX),0,0
2026-09-16T18:00:00Z,Darius/Gwen (NX/SI),0,0
2026-09-16T18:00:00Z,Annie/Jhin (RU/NX),0,0
2026-09-16T18:00:00Z,Darius/Gnar (FR/NX),0,0
2026-09-16T18:00:00Z,Akshan/Sivir (DE/SH),0,0
2026-09-16T18:00:00Z,Akshan/Samira (NX/SH),0,0
2026-09-16T19:00:00Z,Other,12,0.545454545454545
2026-09-16T19:00:00Z,Gnar/Nidalee (BC/SH),1,0.0454545454545455
2026-09-16T19:00:00Z,Garen/Udyr (DE/FR),0,0
2026-09-16T19:00:00Z,Championless (SI),0,0
2026-09-16T19:00:00Z,Nilah/Twisted Fate (BW/PZ),0,0
2026-09-16T19:00:00Z,Ashe (FR/PZ),3,0.136363636363636
2026-09-16T19:00:00Z,Braum/Zoe (FR/MT),4,0.181818181818182
2026-09-16T19:00:00Z,Ashe/LeBlanc (FR/NX),2,0.0909090909090909
2026-09-16T19:00:00Z,Darius/Gwen (NX/SI),0,0
2026-09-16T19:00:00Z,Annie/Jhin (RU/NX),0,0
2026-09-16T19:00:00Z,Darius/Gnar (FR/NX),0,0
2026-09-16T19:00:00Z,Akshan/Sivir (DE/SH),0,0
2026-09-16T19:00:00Z,Akshan/Samira (NX/SH),0,0
2026-09-16T20:00:00Z,Other,20,0.769230769230769
2026-09-16T20:00:00Z,Gnar/Nidalee (BC/SH),0,0
2026-09-16T20:00:00Z,Garen/Udyr (DE/FR),0,0
2026-09-16T20:00:00Z,Championless (SI),0,0
2026-09-16T20:00:00Z,Nilah/Twisted Fate (BW/PZ),0,0
2026-09-16T20:00:00Z,Ashe (FR/PZ),1,0.0384615384615385
2026-09-16T20:00:00Z,Braum/Zoe (FR/MT),3,0.115384615384615
2026-09-16T20:00:00Z,Ashe/LeBlanc (FR/NX),1,0.0384615384615385
2026-09-16T20:00:00Z,Darius/Gwen (NX/SI),1,0.0384615384615385
2026-09-16T20:00:00Z,Annie/Jhin (RU/NX),0,0
2026-09-16T20:00:00Z,Darius/Gnar (FR/NX),0,0
2026-09-16T20:00:00Z,Akshan/Sivir (DE/SH),0,0
2026-09-16T20:00:00Z,Akshan/Samira (NX/SH),0,0
2026-09-16T21:00:00Z,Other,18,0.642857142857143
2026-09-16T21:00:00Z,Gnar/Nidalee (BC/SH),0,0
2026-09-16T21:00:00Z,Garen/Udyr (DE/FR),0,0
2026-09-16T21:00:00Z,Championless (SI),0,0
2026-09-16T21:00:00Z,Nilah/Twisted Fate (BW/PZ),1,0.0357142857142857
2026-09-16T21:00:00Z,Ashe (FR/PZ),1,0.0357142857142857
2026-09-16T21:00:00Z,Braum/Zoe (FR/MT),6,0.214285714285714
2026-09-16T21:00:00Z,Ashe/LeBlanc (FR/NX),2,0.0714285714285714
2026-09-16T21:00:00Z,Darius/Gwen (NX/SI),0,0
2026-09-16T21:00:00Z,Annie/Jhin (RU/NX),0,0
2026-09-16T21:00:00Z,Darius/Gnar (FR/NX),0,0
2026-09-16T21:00:00Z,Akshan/Sivir (DE/SH),0,0
2026-09-16T21:00:00Z,Akshan/Samira (NX/SH),0,0
2026-09-16T22:00:00Z,Other,13,0.590909090909091
2026-09-16T22:00:00Z,Gnar/Nidalee (BC/SH),0,0
2026-09-16T22:00:00Z,Garen/Udyr (DE/FR),2,0.0909090909090909
2026-09-16T22:00:00Z,Championless (SI),0,0
2026-09-16T22:00:00Z,Nilah/Twisted Fate (BW/PZ),4,0.181818181818182
2026-09-16T22:00:00Z,Ashe (FR/PZ),0,0
2026-09-16T22:00:00Z,Braum/Zoe (FR/MT),0,0
2026-09-16T22:00:00Z,Ashe/LeBlanc (FR/NX),2,0.0909090909090909
2026-09-16T22:00:00Z,Darius/Gwen (NX/SI),0,0
2026-09-16T22:00:00Z,Annie/Jhin (RU/NX),1,0.0454545454545455
2026-09-16T22:00:00Z,Darius/Gnar (FR/NX),0,0
2026-09-16T22:00:00Z,Akshan/Sivir (DE/SH),0,0
2026-09-16T22:00:00Z,Akshan/Samira (NX/SH),0,0
2026-09-16T23:00:00Z,Other,12,0.666666666666667
2026-09-16T23:00:00Z,Gnar/Nidalee (BC/SH),1,0.0555555555555556
2026-09-16T23:00:00Z,Garen/Udyr (DE/FR),0,0
2026-09-16T23:00:00Z,Championless (SI),0,0
2026-09-16T23:00:00Z,Nilah/Twisted Fate (BW/PZ),1,0.0555555555555556
2026-09-16T23:00:00Z,Ashe (FR/PZ),1,0.0555555555555556
2026-09-16T23:00:00Z,Braum/Zoe (FR/MT),0,0
2026-09-16T23:00:00Z,Ashe/LeBlanc (FR/NX),2,0.111111111111111
2026-09-16T23:00:00Z,Darius/Gwen (NX/SI),0,0
2026-09-16T23:00:00Z,Annie/Jhin (RU/NX),0,0
2026-09-16T23:00:00Z,Darius/Gnar (FR/NX),1,0.0555555555555556
2026-09-16T23:00:00Z,Akshan/Sivir (DE/SH),0,0
2026-09-16T23:00:00Z,Akshan/Samira (NX/SH),0,0
2026-09-17T00:00:00Z,Other,11,0.6875
2026-09-17T00:00:00Z,Gnar/Nidalee (BC/SH),0,0
2026-09-17T00:00:00Z,Garen/Udyr (DE/FR),0,0
2026-09-17T00:00:00Z,Championless (SI),0,0
2026-09-17T00:00:00Z,Nilah/Twisted Fate (BW/PZ),0,0
2026-09-17T00:00:00Z,Ashe (FR/PZ),1,0.0625
2026-09-17T00:00:00Z,Braum/Zoe (FR/MT),1,0.0625
2026-09-17T00:00:00Z,Ashe/LeBlanc (FR/NX),3,0.1875
2026-09-17T00:00:00Z,Darius/Gwen (NX/SI),0,0
2026-09-17T00:00:00Z,Annie/Jhin (RU/NX),0,0
2026-09-17T00:00:00Z,Darius/Gnar (FR/NX),0,0
2026-09-17T00:00:00Z,Akshan/Sivir (DE/SH),0,0
2026-09-17T00:00:00Z,Akshan/Samira (NX/SH),0,0
2026-09-17T01:00:00Z,Other,15,0.681818181818182
2026-09-17T01:00:00Z,Gnar/Nidalee (BC/SH),0,0
2026-09-17T01:00:00Z,Garen/Udyr (DE/FR),1,0.0454545454545455
2026-09-17T01:00:00Z,Championless (SI),0,0
2026-09-17T01:00:00Z,Nilah/Twisted Fate (BW/PZ),0,0
2026-09-17T01:00:00Z,Ashe (FR/PZ),4,0.181818181818182
2026-09-17T01:00:00Z,Braum/Zoe (FR/MT),2,0.0909090909090909
2026-09-17T01:00:00Z,Ashe/LeBlanc (FR/NX),0,0
2026-09-17T01:00:00Z,Darius/Gwen (NX/SI),0,0
2026-09-17T01:00:00Z,Annie/Jhin (RU/NX),0,0
2026-09-17T01:00:00Z,Darius/Gnar (FR/NX),0,0
2026-09-17T01:00:00Z,Akshan/Sivir (DE/SH),0,0
2026-09-17T01:00:00Z,Akshan/Samira (NX/SH),0,0
2026-09-17T02:00:00Z,Other,21,0.954545454545455
2026-09-17T02:00:00Z,Gnar/Nidalee (BC/SH),0,0
2026-09-17T02:00:00Z,Garen/Udyr (DE/FR),1,0.0454545454545455
2026-09-17T02:00:00Z,Championless (SI),0,0
2026-09-17T02:00:00Z,Nilah/Twisted Fate (BW/PZ),0,0
2026-09-17T02:00:00Z,Ashe (FR/PZ),0,0
2026-09-17T02:00:00Z,Braum/Zoe (FR/MT),0,0
2026-09-17T02:00:00Z,Ashe/LeBlanc (FR/NX),0,0
2026-09-17T02:00:00Z,Darius/Gwen (NX/SI),0,0
2026-09-17T02:00:00Z,Annie/Jhin (RU/NX),0,0
2026-09-17T02:00:00Z,Darius/Gnar (FR/NX),0,0
2026-09-17T02:00:00Z,Akshan/Sivir (DE/SH),0,0
2026-09-17T02:00:00Z,Akshan/Samira (NX/SH),0,0
2026-09-17T03:00:00Z,Other,20,0.769230769230769
2026-09-17T03:00:00Z,Gnar/Nidalee (BC/SH),0,0
2026-09-17T03:00:00Z,Garen/Udyr (DE/FR),0,0
2026-09-17T03:00:00Z,Championless (SI),0,0
2026-09-17T03:00:00Z,Nilah/Twisted Fate (BW/PZ),2,0.0769230769230769
2026-09-17T03:00:00Z,Ashe (FR/PZ),0,0
2026-09-17T03:00:00Z,Braum/Zoe (FR/MT),0,0
2026-09-17T03:00:00Z,Ashe/LeBlanc (FR/NX),3,0.115384615384615
2026-09-17T03:00:00Z,Darius/Gwen (NX/SI),0,0
2026-09-17T03:00:00Z,Annie/Jhin (RU/NX),0,0
2026-09-17T03:00:00Z,Darius/Gnar (FR/NX),0,0
2026-09-17T03:00:00Z,Akshan/Sivir (DE/SH),1,0.0384615384615385
2026-09-17T03:00:00Z,Akshan/Samira (NX/SH),0,0
2026-09-17T04:00:00Z,Other,8,0.5
2026-09-17T04:00:00Z,Gnar/Nidalee (BC/SH),0,0
2026-09-17T04:00:00Z,Garen/Udyr (DE/FR),3,0.1875
2026-09-17T04:00:00Z,Championless (SI),0,0
2026-09-17T04:00:00Z,Nilah/Twisted Fate (BW/PZ),1,0.0625
2026-09-17T04:00:00Z,Ashe (FR/PZ),0,0
2026-09-17T04:00:00Z,Braum/Zoe (FR/MT),1,0.0625
2026-09-17T04:00:00Z,Ashe/LeBlanc (FR/NX),3,0.1875
2026-09-17T04:00:00Z,Darius/Gwen (NX/SI),0,0
2026-09-17T04:00:00Z,Annie/Jhin (RU/NX),0,0
2026-09-17T04:00:00Z,Darius/Gnar (FR/NX),0,0
2026-09-17T04:00:00Z,Akshan/Sivir (DE/SH),0,0
2026-09-17T04:00:00Z,Akshan/Samira (NX/SH),0,0
2026-09-17T05:00:00Z,Other,2,0.5
2026-09-17T05:00:00Z,Gnar/Nidalee (BC/SH),0,0
2026-09-17T05:00:00Z,Garen/Udyr (DE/FR),0,0
2026-09-17T05:00:00Z,Championless (SI),0,0
2026-09-17T05:00:00Z,Nilah/Twisted Fate (BW/PZ),1,0.25
2026-09-17T05:00:00Z,Ashe (FR/PZ),0,0
2026-09-17T05:00:00Z,Braum/Zoe (FR/MT),0,0
2026-09-17T05:00:00Z,Ashe/LeBlanc (FR/NX),1,0.25
2026-09-17T05:00:00Z,Darius/Gwen (NX/SI),0,0
2026-09-17T05:00:00Z,Annie/Jhin (RU/NX),0,0
2026-09-17T05:00:00Z,Darius/Gnar (FR/NX),0,0
2026-09-17T05:00:00Z,Akshan/Sivir (DE/SH),0,0
2026-09-17T05:00:00Z,Akshan/Samira (NX/SH),0,0
2026-09-17T06:00:00Z,Other,10,0.625
2026-09-17T06:00:00Z,Gnar/Nidalee (BC/SH),0,0
2026-09-17T06:00:00Z,Garen/Udyr (DE/FR),0,0
2026-09-17T06:00:00Z,Championless (SI),3,0.1875
2026-09-17T06:00:00Z,Nilah/Twisted Fate (BW/PZ),1,0.0625
2026-09-17T06:00:00Z,Ashe (FR/PZ),0,0
2026-09-17T06:00:00Z,Braum/Zoe (FR/MT),1,0.0625
2026-09-17T06:00:00Z,Ashe/LeBlanc (FR/NX),1,0.0625
2026-09-17T06:00:00Z,Darius/Gwen (NX/SI),0,0
2026-09-17T06:00:00Z,Annie/Jhin (RU/NX),0,0
2026-09-17T06:00:00Z,Darius/Gnar (FR/NX),0,0
2026-09-17T06:00:00Z,Akshan/Sivir (DE/SH),0,0
2026-09-17T06:00:00Z,Akshan/Samira (NX/SH),0,0
2026-09-17T07:00:00Z,Other,8,0.8
2026-09-17T07:00:00Z,Gnar/Nidalee (BC/SH),0,0
2026-09-17T07:00:00Z,Garen/Udyr (DE/FR),0,0
2026-09-17T07:00:00Z,Championless (SI),0,0
2026-09-17T07:00:00Z,Nilah/Twisted Fate (BW/PZ),0,0
2026-09-17T07:00:00Z,Ashe (FR/PZ),0,0
2026-09-17T07:00:00Z,Braum/Zoe (FR/MT),0,0
2026-09-17T07:00:00Z,Ashe/LeBlanc (FR/NX),0,0
2026-09-17T07:00:00Z,Darius/Gwen (NX/SI),0,0
2026-09-17T07:00:00Z,Annie/Jhin (RU/NX),0,0
2026-09-17T07:00:00Z,Darius/Gnar (FR/NX),0,0
2026-09-17T07:00:00Z,Akshan/Sivir (DE/SH),2,0.2
2026-09-17T07:00:00Z,Akshan/Samira (NX/SH),0,0
2026-09-17T08:00:00Z,Other,21,0.75
2026-09-17T08:00:00Z,Gnar/Nidalee (BC/SH),0,0
2026-09-17T08:00:00Z,Garen/Udyr (DE/FR),0,0
2026-09-17T08:00:00Z,Championless (SI),0,0
2026-09-17T08:00:00Z,Nilah/Twisted Fate (BW/PZ),0,0
2026-09-17T08:00:00Z,Ashe (FR/PZ),1,0.0357142857142857
2026-09-17T08:00:00Z,Braum/Zoe (FR/MT),1,0.0357142857142857
2026-09-17T08:00:00Z,Ashe/LeBlanc (FR/NX),2,0.0714285714285714
2026-09-17T08:00:00Z,Darius/Gwen (NX/SI),0,0
2026-09-17T08:00:00Z,Annie/Jhin (RU/NX),1,0.0357142857142857
2026-09-17T08:00:00Z,Darius/Gnar (FR/NX),1,0.0357142857142857
2026-09-17T08:00:00Z,Akshan/Sivir (DE/SH),1,0.0357142857142857
2026-09-17T08:00:00Z,Akshan/Samira (NX/SH),0,0
2026-09-17T09:00:00Z,Other,14,0.583333333333333
2026-09-17T09:00:00Z,Gnar/Nidalee (BC/SH),0,0
2026-09-17T09:00:00Z,Garen/Udyr (DE/FR),0,0
2026-09-17T09:00:00Z,Championless (SI),2,0.0833333333333333
2026-09-17T09:00:00Z,Nilah/Twisted Fate (BW/PZ),1,0.0416666666666667
2026-09-17T09:00:00Z,Ashe (FR/PZ),0,0
2026-09-17T09:00:00Z,Braum/Zoe (FR/MT),2,0.0833333333333333
2026-09-17T09:00:00Z,Ashe/LeBlanc (FR/NX),4,0.166666666666667
2026-09-17T09:00:00Z,Darius/Gwen (NX/SI),0,0
2026-09-17T09:00:00Z,Annie/Jhin (RU/NX),0,0
2026-09-17T09:00:00Z,Darius/Gnar (FR/NX),0,0
2026-09-17T09:00:00Z,Akshan/Sivir (DE/SH),1,0.0416666666666667
2026-09-17T09:00:00Z,Akshan/Samira (NX/SH),0,0
2026-09-17T10:00:00Z,Other,12,0.461538461538462
2026-09-17T10:00:00Z,Gnar/Nidalee (BC/SH),0,0
2026-09-17T10:00:00Z,Garen/Udyr (DE/FR),0,0
2026-09-17T10:00:00Z,Championless (SI),0,0
2026-09-17T10:00:00Z,Nilah/Twisted Fate (BW/PZ),6,0.230769230769231
2026-09-17T10:00:00Z,Ashe (FR/PZ),1,0.0384615384615385
2026-09-17T10:00:00Z,Braum/Zoe (FR/MT),2,0.0769230769230769
2026-09-17T10:00:00Z,Ashe/LeBlanc (FR/NX),2,0.0769230769230769
2026-09-17T10:00:00Z,Darius/Gwen (NX/SI),0,0
2026-09-17T10:00:00Z,Annie/Jhin (RU/NX),2,0.0769230769230769
2026-09-17T10:00:00Z,Darius/Gnar (FR/NX),0,0
2026-09-17T10:00:00Z,Akshan/Sivir (DE/SH),1,0.0384615384615385
2026-09-17T10:00:00Z,Akshan/Samira (NX/SH),0,0
2026-09-17T11:00:00Z,Other,19,0.633333333333333
2026-09-17T11:00:00Z,Gnar/Nidalee (BC/SH),0,0
2026-09-17T11:00:00Z,Garen/Udyr (DE/FR),1,0.0333333333333333
2026-09-17T11:00:00Z,Championless (SI),0,0
2026-09-17T11:00:00Z,Nilah/Twisted Fate (BW/PZ),4,0.133333333333333
2026-09-17T11:00:00Z,Ashe (FR/PZ),1,0.0333333333333333
2026-09-17T11:00:00Z,Braum/Zoe (FR/MT),0,0
2026-09-17T11:00:00Z,Ashe/LeBlanc (FR/NX),4,0.133333333333333
2026-09-17T11:00:00Z,Darius/Gwen (NX/SI),0,0
2026-09-17T11:00:00Z,Annie/Jhin (RU/NX),0,0
2026-09-17T11:00:00Z,Darius/Gnar (FR/NX),0,0
2026-09-17T11:00:00Z,Akshan/Sivir (DE/SH),1,0.0333333333333333
2026-09-17T11:00:00Z,Akshan/Samira (NX/SH),0,0
2026-09-17T12:00:00Z,Other,13,0.8125
2026-09-17T12:00:00Z,Gnar/Nidalee (BC/SH),0,0
2026-09-17T12:00:00Z,Garen/Udyr (DE/FR),0,0
2026-09-17T12:00:00Z,Championless (SI),1,0.0625
2026-09-17T12:00:00Z,Nilah/Twisted Fate (BW/PZ),0,0
2026-09-17T12:00:00Z,Ashe (FR/PZ),0,0
2026-09-17T12:00:00Z,Braum/Zoe (FR/MT),0,0
2026-09-17T12:00:00Z,Ashe/LeBlanc (FR/NX),0,0
2026-09-17T12:00:00Z,Darius/Gwen (NX/SI),0,0
2026-09-17T12:00:00Z,Annie/Jhin (RU/NX),0,0
2026-09-17T12:00:00Z,Darius/Gnar (FR/NX),1,0.0625
2026-09-17T12:00:00Z,Akshan/Sivir (DE/SH),1,0.0625
2026-09-17T12:00:00Z,Akshan/Samira (NX/SH),0,0
2026-09-17T13:00:00Z,Other,9,0.5
2026-09-17T13:00:00Z,Gnar/Nidalee (BC/SH),3,0.166666666666667
2026-09-17T13:00:00Z,Garen/Udyr (DE/FR),1,0.0555555555555556
2026-09-17T13:00:00Z,Championless (SI),0,0
2026-09-17T13:00:00Z,Nilah/Twisted Fate (BW/PZ),2,0.111111111111111
2026-09-17T13:00:00Z,Ashe (FR/PZ),0,0
2026-09-17T13:00:00Z,Braum/Zoe (FR/MT),1,0.0555555555555556
2026-09-17T13:00:00Z,Ashe/LeBlanc (FR/NX),0,0
2026-09-17T13:00:00Z,Darius/Gwen (NX/SI),0,0
2026-09-17T13:00:00Z,Annie/Jhin (RU/NX),2,0.111111111111111
2026-09-17T13:00:00Z,Darius/Gnar (FR/NX),0,0
2026-09-17T13:00:00Z,Akshan/Sivir (DE/SH),0,0
2026-09-17T13:00:00Z,Akshan/Samira (NX/SH),0,0
2026-09-17T14:00:00Z,Other,11,0.55
2026-09-17T14:00:00Z,Gnar/Nidalee (BC/SH),0,0
2026-09-17T14:00:00Z,Garen/Udyr (DE/FR),0,0
2026-09-17T14:00:00Z,Championless (SI),0,0
2026-09-17T14:00:00Z,Nilah/Twisted Fate (BW/PZ),2,0.1
2026-09-17T14:00:00Z,Ashe (FR/PZ),2,0.1
2026-09-17T14:00:00Z,Braum/Zoe (FR/MT),3,0.15
2026-09-17T14:00:00Z,Ashe/LeBlanc (FR/NX),2,0.1
2026-09-17T14:00:00Z,Darius/Gwen (NX/SI),0,0
2026-09-17T14:00:00Z,Annie/Jhin (RU/NX),0,0
2026-09-17T14:00:00Z,Darius/Gnar (FR/NX),0,0
2026-09-17T14:00:00Z,Akshan/Sivir (DE/SH),0,0
2026-09-17T14:00:00Z,Akshan/Samira (NX/SH),0,0
2026-09-17T15:00:00Z,Other,17,0.566666666666667
2026-09-17T15:00:00Z,Gnar/Nidalee (BC/SH),0,0
2026-09-17T15:00:00Z,Garen/Udyr (DE/FR),0,0
2026-09-17T15:00:00Z,Championless (SI),2,0.0666666666666667
2026-09-17T15:00:00Z,Nilah/Twisted Fate (BW/PZ),1,0.0333333333333333
2026-09-17T15:00:00Z,Ashe (FR/PZ),1,0.0333333333333333
2026-09-17T15:00:00Z,Braum/Zoe (FR/MT),3,0.1
2026-09-17T15:00:00Z,Ashe/LeBlanc (FR/NX),3,0.1
2026-09-17T15:00:00Z,Darius/Gwen (NX/SI),2,0.0666666666666667
2026-09-17T15:00:00Z,Annie/Jhin (RU/NX),0,0
2026-09-17T15:00:00Z,Darius/Gnar (FR/NX),1,0.0333333333333333
2026-09-17T15:00:00Z,Akshan/Sivir (DE/SH),0,0
2026-09-17T15:00:00Z,Akshan/Samira (NX/SH),0,0
2026-09-17T16:00:00Z,Other,9,0.642857142857143
2026-09-17T16:00:00Z,Gnar/Nidalee (BC/SH),0,0
2026-09-17T16:00:00Z,Garen/Udyr (DE/FR),0,0
2026-09-17T16:00:00Z,Championless (SI),0,0
2026-09-17T16:00:00Z,Nilah/Twisted Fate (BW/PZ),0,0
2026-09-17T16:00:00Z,Ashe (FR/PZ),0,0
2026-09-17T16:00:00Z,Braum/Zoe (FR/MT),1,0.0714285714285714
2026-09-17T16:00:00Z,Ashe/LeBlanc (FR/NX),0,0
2026-09-17T16:00:00Z,Darius/Gwen (NX/SI),0,0
2026-09-17T16:00:00Z,Annie/Jhin (RU/NX),1,0.0714285714285714
2026-09-17T16:00:00Z,Darius/Gnar (FR/NX),2,0.142857142857143
2026-09-17T16:00:00Z,Akshan/Sivir (DE/SH),1,0.0714285714285714
2026-09-17T16:00:00Z,Akshan/Samira (NX/SH),0,0
2026-09-17T17:00:00Z,Other,15,0.576923076923077
2026-09-17T17:00:00Z,Gnar/Nidalee (BC/SH),0,0
2026-09-17T17:00:00Z,Garen/Udyr (DE/FR),0,0
2026-09-17T17:00:00Z,Championless (SI),0,0
2026-09-17T17:00:00Z,Nilah/Twisted Fate (BW/PZ),1,0.0384615384615385
2026-09-17T17:00:00Z,Ashe (FR/PZ),1,0.0384615384615385
2026-09-17T17:00:00Z,Braum/Zoe (FR/MT),3,0.115384615384615
2026-09-17T17:00:00Z,Ashe/LeBlanc (FR/NX),4,0.153846153846154
2026-09-17T17:00:00Z,Darius/Gwen (NX/SI),0,0
2026-09-17T17:00:00Z,Annie/Jhin (RU/NX),1,0.0384615384615385
2026-09-17T17:00:00Z,Darius/Gnar (FR/NX),0,0
2026-09-17T17:00:00Z,Akshan/Sivir (DE/SH),0,0
2026-09-17T17:00:00Z,Akshan/Samira (NX/SH),1,0.0384615384615385
2026-09-17T18:00:00Z,Other,8,0.5
2026-09-17T18:00:00Z,Gnar/Nidalee (BC/SH),0,0
2026-09-17T18:00:00Z,Garen/Udyr (DE/FR),0,0
2026-09-17T18:00:00Z,Championless (SI),1,0.0625
2026-09-17T18:00:00Z,Nilah/Twisted Fate (BW/PZ),0,0
2026-09-17T18:00:00Z,Ashe (FR/PZ),1,0.0625
2026-09-17T18:00:00Z,Braum/Zoe (FR/MT),2,0.125
2026-09-17T18:00:00Z,Ashe/LeBlanc (FR/NX),0,0
2026-09-17T18:00:00Z,Darius/Gwen (NX/SI),0,0
2026-09-17T18:00:00Z,Annie/Jhin (RU/NX),2,0.125
2026-09-17T18:00:00Z,Darius/Gnar (FR/NX),2,0.125
2026-09-17T18:00:00Z,Akshan/Sivir (DE/SH),0,0
2026-09-17T18:00:00Z,Akshan/Samira (NX/SH),0,0
2026-09-17T19:00:00Z,Other,5,0.3125
2026-09-17T19:00:00Z,Gnar/Nidalee (BC/SH),0,0
2026-09-17T19:00:00Z,Garen/Udyr (DE/FR),0,0
2026-09-17T19:00:00Z,Championless (SI),0,0
2026-09-17T19:00:00Z,Nilah/Twisted Fate (BW/PZ),2,0.125
2026-09-17T19:00:00Z,Ashe (FR/PZ),2,0.125
2026-09-17T19:00:00Z,Braum/Zoe (FR/MT),2,0.125
2026-09-17T19:00:00Z,Ashe/LeBlanc (FR/NX),2,0.125
2026-09-17T19:00:00Z,Darius/Gwen (NX/SI),0,0
2026-09-17T19:00:00Z,Annie/Jhin (RU/NX),2,0.125
2026-09-17T19:00:00Z,Darius/Gnar (FR/NX),1,0.0625
2026-09-17T19:00:00Z,Akshan/Sivir (DE/SH),0,0
2026-09-17T19:00:00Z,Akshan/Samira (NX/SH),0,0
2026-09-17T20:00:00Z,Other,14,0.636363636363636
2026-09-17T20:00:00Z,Gnar/Nidalee (BC/SH),0,0
2026-09-17T20:00:00Z,Garen/Udyr (DE/FR),1,0.0454545454545455
2026-09-17T20:00:00Z,Championless (SI),0,0
2026-09-17T20:00:00Z,Nilah/Twisted Fate (BW/PZ),1,0.0454545454545455
2026-09-17T20:00:00Z,Ashe (FR/PZ),1,0.0454545454545455
2026-09-17T20:00:00Z,Braum/Zoe (FR/MT),0,0
2026-09-17T20:00:00Z,Ashe/LeBlanc (FR/NX),1,0.0454545454545455
2026-09-17T20:00:00Z,Darius/Gwen (NX/SI),0,0
2026-09-17T20:00:00Z,Annie/Jhin (RU/NX),4,0.181818181818182
2026-09-17T20:00:00Z,Darius/Gnar (FR/NX),0,0
2026-09-17T20:00:00Z,Akshan/Sivir (DE/SH),0,0
2026-09-17T20:00:00Z,Akshan/Samira (NX/SH),0,0
2026-09-17T21:00:00Z,Other,4,0.4
2026-09-17T21:00:00Z,Gnar/Nidalee (BC/SH),1,0.1
2026-09-17T21:00:00Z,Garen/Udyr (DE/FR),0,0
2026-09-17T21:00:00Z,Championless (SI),1,0.1
2026-09-17T21:00:00Z,Nilah/Twisted Fate (BW/PZ),0,0
2026-09-17T21:00:00Z,Ashe (FR/PZ),1,0.1
2026-09-17T21:00:00Z,Braum/Zoe (FR/MT),2,0.2
2026-09-17T21:00:00Z,Ashe/LeBlanc (FR/NX),1,0.1
2026-09-17T21:00:00Z,Darius/Gwen (NX/SI),0,0
2026-09-17T21:00:00Z,Annie/Jhin (RU/NX),0,0
2026-09-17T21:00:00Z,Darius/Gnar (FR/NX),0,0
2026-09-17T21:00:00Z,Akshan/Sivir (DE/SH),0,0
2026-09-17T21:00:00Z,Akshan/Samira (NX/SH),0,0
2026-09-17T22:00:00Z,Other,9,0.5625
2026-09-17T22:00:00Z,Gnar/Nidalee (BC/SH),0,0
2026-09-17T22:00:00Z,Garen/Udyr (DE/FR),0,0
2026-09-17T22:00:00Z,Championless (SI),0,0
2026-09-17T22:00:00Z,Nilah/Twisted Fate (BW/PZ),2,0.125
2026-09-17T22:00:00Z,Ashe (FR/PZ),1,0.0625
2026-09-17T22:00:00Z,Braum/Zoe (FR/MT),0,0
2026-09-17T22:00:00Z,Ashe/LeBlanc (FR/NX),2,0.125
2026-09-17T22:00:00Z,Darius/Gwen (NX/SI),0,0
2026-09-17T22:00:00Z,Annie/Jhin (RU/NX),2,0.125
2026-09-17T22:00:00Z,Darius/Gnar (FR/NX),0,0
2026-09-17T22:00:00Z,Akshan/Sivir (DE/SH),0,0
2026-09-17T22:00:00Z,Akshan/Samira (NX/SH),0,0
2026-09-17T23:00:00Z,Other,3,0.375
2026-09-17T23:00:00Z,Gnar/Nidalee (BC/SH),1,0.125
2026-09-17T23:00:00Z,Garen/Udyr (DE/FR),2,0.25
2026-09-17T23:00:00Z,Championless (SI),0,0
2026-09-17T23:00:00Z,Nilah/Twisted Fate (BW/PZ),0,0
2026-09-17T23:00:00Z,Ashe (FR/PZ),1,0.125
2026-09-17T23:00:00Z,Braum/Zoe (FR/MT),1,0.125
2026-09-17T23:00:00Z,Ashe/LeBlanc (FR/NX),0,0
2026-09-17T23:00:00Z,Darius/Gwen (NX/SI),0,0
2026-09-17T23:00:00Z,Annie/Jhin (RU/NX),0,0
2026-09-17T23:00:00Z,Darius/Gnar (FR/NX),0,0
2026-09-17T23:00:00Z,Akshan/Sivir (DE/SH),0,0
2026-09-17T23:00:00Z,Akshan/Samira (NX/SH),0,0
2026-09-18T00:00:00Z,Other,2,0.166666666666667
2026-09-18T00:00:00Z,Gnar/Nidalee (BC/SH),2,0.166666666666667
2026-09-18T00:00:00Z,Garen/Udyr (DE/FR),0,0
2026-09-18T00:00:00Z,Championless (SI),0,0
2026-09-18T00:00:00Z,Nilah/Twisted Fate (BW/PZ),1,0.0833333333333333
2026-09-18T00:00:00Z,Ashe (FR/PZ),2,0.166666666666667
2026-09-18T00:00:00Z,Braum/Zoe (FR/MT),2,0.166666666666667
2026-09-18T00:00:00Z,Ashe/LeBlanc (FR/NX),3,0.25
2026-09-18T00:00:00Z,Darius/Gwen (NX/SI),0,0
2026-09-18T00:00:00Z,Annie/Jhin (RU/NX),0,0
2026-09-18T00:00:00Z,Darius/Gnar (FR/NX),0,0
2026-09-18T00:00:00Z,Akshan/Sivir (DE/SH),0,0
2026-09-18T00:00:00Z,Akshan/Samira (NX/SH),0,0
2026-09-18T01:00:00Z,Other,5,0.357142857142857
2026-09-18T01:00:00Z,Gnar/Nidalee (BC/SH),1,0.0714285714285714
2026-09-18T01:00:00Z,Garen/Udyr (DE/FR),0,0
2026-09-18T01:00:00Z,Championless (SI),0,0
2026-09-18T01:00:00Z,Nilah/Twisted Fate (BW/PZ),0,0
2026-09-18T01:00:00Z,Ashe (FR/PZ),2,0.142857142857143
2026-09-18T01:00:00Z,Braum/Zoe (FR/MT),1,0.0714285714285714
2026-09-18T01:00:00Z,Ashe/LeBlanc (FR/NX),3,0.214285714285714
2026-09-18T01:00:00Z,Darius/Gwen (NX/SI),0,0
2026-09-18T01:00:00Z,Annie/Jhin (RU/NX),0,0
2026-09-18T01:00:00Z,Darius/Gnar (FR/NX),0,0
2026-09-18T01:00:00Z,Akshan/Sivir (DE/SH),2,0.142857142857143
2026-09-18T01:00:00Z,Akshan/Samira (NX/SH),0,0
2026-09-18T02:00:00Z,Other,2,0.5
2026-09-18T02:00:00Z,Gnar/Nidalee (BC/SH),0,0
2026-09-18T02:00:00Z,Garen/Udyr (DE/FR),0,0
2026-09-18T02:00:00Z,Championless (SI),0,0
2026-09-18T02:00:00Z,Nilah/Twisted Fate (BW/PZ),0,0
2026-09-18T02:00:00Z,Ashe (FR/PZ),1,0.25
2026-09-18T02:00:00Z,Braum/Zoe (FR/MT),0,0
2026-09-18T02:00:00Z,Ashe/LeBlanc (FR/NX),0,0
2026-09-18T02:00:00Z,Darius/Gwen (NX/SI),0,0
2026-09-18T02:00:00Z,Annie/Jhin (RU/NX),1,0.25
2026-09-18T02:00:00Z,Darius/Gnar (FR/NX),0,0
2026-09-18T02:00:00Z,Akshan/Sivir (DE/SH),0,0
2026-09-18T02:00:00Z,Akshan/Samira (NX/SH),0,0
2026-09-18T03:00:00Z,Other,7,0.4375
2026-09-18T03:00:00Z,Gnar/Nidalee (BC/SH),0,0
2026-09-18T03:00:00Z,Garen/Udyr (DE/FR),0,0
2026-09-18T03:00:00Z,Championless (SI),0,0
2026-09-18T03:00:00Z,Nilah/Twisted Fate (BW/PZ),0,0
2026-09-18T03:00:00Z,Ashe (FR/PZ),0,0
2026-09-18T03:00:00Z,Braum/Zoe (FR/MT),0,0
2026-09-18T03:00:00Z,Ashe/LeBlanc (FR/NX),6,0.375
2026-09-18T03:00:00Z,Darius/Gwen (NX/SI),0,0
2026-09-18T03:00:00Z,Annie/Jhin (RU/NX),1,0.0625
2026-09-18T03:00:00Z,Darius/Gnar (FR/NX),0,0
2026-09-18T03:00:00Z,Akshan/Sivir (DE/SH),2,0.125
2026-09-18T03:00:00Z,Akshan/Samira (NX/SH),0,0
2026-09-18T04:00:00Z,Other,12,0.461538461538462
2026-09-18T04:00:00Z,Gnar/Nidalee (BC/SH),0,0
2026-09-18T04:00:00Z,Garen/Udyr (DE/FR),0,0
2026-09-18T04:00:00Z,Championless (SI),0,0
2026-09-18T04:00:00Z,Nilah/Twisted Fate (BW/PZ),1,0.0384615384615385
2026-09-18T04:00:00Z,Ashe (FR/PZ),0,0
2026-09-18T04:00:00Z,Braum/Zoe (FR/MT),0,0
2026-09-18T04:00:00Z,Ashe/LeBlanc (FR/NX),7,0.269230769230769
2026-09-18T04:00:00Z,Darius/Gwen (NX/SI),1,0.0384615384615385
2026-09-18T04:00:00Z,Annie/Jhin (RU/NX),0,0
2026-09-18T04:00:00Z,Darius/Gnar (FR/NX),1,0.0384615384615385
2026-09-18T04:00:00Z,Akshan/Sivir (DE/SH),4,0.153846153846154
2026-09-18T04:00:00Z,Akshan/Samira (NX/SH),0,0
2026-09-18T05:00:00Z,Other,5,0.3125
2026-09-18T05:00:00Z,Gnar/Nidalee (BC/SH),0,0
2026-09-18T05:00:00Z,Garen/Udyr (DE/FR),0,0
2026-09-18T05:00:00Z,Championless (SI),0,0
2026-09-18T05:00:00Z,Nilah/Twisted Fate (BW/PZ),1,0.0625
2026-09-18T05:00:00Z,Ashe (FR/PZ),0,0
2026-09-18T05:00:00Z,Braum/Zoe (FR/MT),4,0.25
2026-09-18T05:00:00Z,Ashe/LeBlanc (FR/NX),3,0.1875
2026-09-18T05:00:00Z,Darius/Gwen (NX/SI),0,0
2026-09-18T05:00:00Z,Annie/Jhin (RU/NX),0,0
2026-09-18T05:00:00Z,Darius/Gnar (FR/NX),1,0.0625
2026-09-18T05:00:00Z,Akshan/Sivir (DE/SH),2,0.125
2026-09-18T05:00:00Z,Akshan/Samira (NX/SH),0,0
2026-09-18T06:00:00Z,Other,2,0.25
2026-09-18T06:00:00Z,Gnar/Nidalee (BC/SH),0,0
2026-09-18T06:00:00Z,Garen/Udyr (DE/FR),1,0.125
2026-09-18T06:00:00Z,Championless (SI),0,0
2026-09-18T06:00:00Z,Nilah/Twisted Fate (BW/PZ),1,0.125
2026-09-18T06:00:00Z,Ashe (FR/PZ),1,0.125
2026-09-18T06:00:00Z,Braum/Zoe (FR/MT),0,0
2026-09-18T06:00:00Z,Ashe/LeBlanc (FR/NX),1,0.125
2026-09-18T06:00:00Z,Darius/Gwen (NX/SI),0,0
2026-09-18T06:00:00Z,Annie/Jhin (RU/NX),0,0
2026-09-18T06:00:00Z,Darius/Gnar (FR/NX),1,0.125
2026-09-18T06:00:00Z,Akshan/Sivir (DE/SH),1,0.125
2026-09-18T06:00:00Z,Akshan/Samira (NX/SH),0,0
2026-09-18T07:00:00Z,Other,6,0.375
2026-09-18T07:00:00Z,Gnar/Nidalee (BC/SH),0,0
2026-09-18T07:00:00Z,Garen/Udyr (DE/FR),0,0
2026-09-18T07:00:00Z,Championless (SI),1,0.0625
2026-09-18T07:00:00Z,Nilah/Twisted Fate (BW/PZ),0,0
2026-09-18T07:00:00Z,Ashe (FR/PZ),0,0
2026-09-18T07:00:00Z,Braum/Zoe (FR/MT),0,0
2026-09-18T07:00:00Z,Ashe/LeBlanc (FR/NX),3,0.1875
2026-09-18T07:00:00Z,Darius/Gwen (NX/SI),0,0
2026-09-18T07:00:00Z,Annie/Jhin (RU/NX),1,0.0625
2026-09-18T07:00:00Z,Darius/Gnar (FR/NX),3,0.1875
2026-09-18T07:00:00Z,Akshan/Sivir (DE/SH),2,0.125
2026-09-18T07:00:00Z,Akshan/Samira (NX/SH),0,0
2026-09-18T08:00:00Z,Other,14,0.538461538461538
2026-09-18T08:00:00Z,Gnar/Nidalee (BC/SH),0,0
2026-09-18T08:00:00Z,Garen/Udyr (DE/FR),0,0
2026-09-18T08:00:00Z,Championless (SI),1,0.0384615384615385
2026-09-18T08:00:00Z,Nilah/Twisted Fate (BW/PZ),3,0.115384615384615
2026-09-18T08:00:00Z,Ashe (FR/PZ),0,0
2026-09-18T08:00:00Z,Braum/Zoe (FR/MT),0,0
2026-09-18T08:00:00Z,Ashe/LeBlanc (FR/NX),4,0.153846153846154
2026-09-18T08:00:00Z,Darius/Gwen (NX/SI),0,0
2026-09-18T08:00:00Z,Annie/Jhin (RU/NX),4,0.153846153846154
2026-09-18T08:00:00Z,Darius/Gnar (FR/NX),0,0
2026-09-18T08:00:00Z,Akshan/Sivir (DE/SH),0,0
2026-09-18T08:00:00Z,Akshan/Samira (NX/SH),0,0
2026-09-18T09:00:00Z,Other,0,0
2026-09-18T09:00:00Z,Gnar/Nidalee (BC/SH),0,0
2026-09-18T09:00:00Z,Garen/Udyr (DE/FR),3,0.3
2026-09-18T09:00:00Z,Championless (SI),0,0
2026-09-18T09:00:00Z,Nilah/Twisted Fate (BW/PZ),2,0.2
2026-09-18T09:00:00Z,Ashe (FR/PZ),0,0
2026-09-18T09:00:00Z,Braum/Zoe (FR/MT),0,0
2026-09-18T09:00:00Z,Ashe/LeBlanc (FR/NX),0,0
2026-09-18T09:00:00Z,Darius/Gwen (NX/SI),0,0
2026-09-18T09:00:00Z,Annie/Jhin (RU/NX),2,0.2
2026-09-18T09:00:00Z,Darius/Gnar (FR/NX),0,0
2026-09-18T09:00:00Z,Akshan/Sivir (DE/SH),3,0.3
2026-09-18T09:00:00Z,Akshan/Samira (NX/SH),0,0
2026-09-18T10:00:00Z,Other,3,0.136363636363636
2026-09-18T10:00:00Z,Gnar/Nidalee (BC/SH),1,0.0454545454545455
2026-09-18T10:00:00Z,Garen/Udyr (DE/FR),1,0.0454545454545455
2026-09-18T10:00:00Z,Championless (SI),0,0
2026-09-18T10:00:00Z,Nilah/Twisted Fate (BW/PZ),5,0.227272727272727
2026-09-18T10:00:00Z,Ashe (FR/PZ),0,0
2026-09-18T10:00:00Z,Braum/Zoe (FR/MT),2,0.0909090909090909
2026-09-18T10:00:00Z,Ashe/LeBlanc (FR/NX),3,0.136363636363636
2026-09-18T10:00:00Z,Darius/Gwen (NX/SI),0,0
2026-09-18T10:00:00Z,Annie/Jhin (RU/NX),4,0.181818181818182
2026-09-18T10:00:00Z,Darius/Gnar (FR/NX),0,0
2026-09-18T10:00:00Z,Akshan/Sivir (DE/SH),0,0
2026-09-18T10:00:00Z,Akshan/Samira (NX/SH),3,0.136363636363636
2026-09-18T11:00:00Z,Other,8,0.444444444444444
2026-09-18T11:00:00Z,Gnar/Nidalee (BC/SH),0,0
2026-09-18T11:00:00Z,Garen/Udyr (DE/FR),1,0.0555555555555556
2026-09-18T11:00:00Z,Championless (SI),0,0
2026-09-18T11:00:00Z,Nilah/Twisted Fate (BW/PZ),0,0
2026-09-18T11:00:00Z,Ashe (FR/PZ),2,0.111111111111111
2026-09-18T11:00:00Z,Braum/Zoe (FR/MT),1,0.0555555555555556
2026-09-18T11:00:00Z,Ashe/LeBlanc (FR/NX),4,0.222222222222222
2026-09-18T11:00:00Z,Darius/Gwen (NX/SI),0,0
2026-09-18T11:00:00Z,Annie/Jhin (RU/NX),2,0.111111111111111
2026-09-18T11:00:00Z,Darius/Gnar (FR/NX),0,0
2026-09-18T11:00:00Z,Akshan/Sivir (DE/SH),0,0
2026-09-18T11:00:00Z,Akshan/Samira (NX/SH),0,0
2026-09-18T12:00:00Z,Other,7,0.388888888888889
2026-09-18T12:00:00Z,Gnar/Nidalee (BC/SH),1,0.0555555555555556
2026-09-18T12:00:00Z,Garen/Udyr (DE/FR),2,0.111111111111111
2026-09-18T12:00:00Z,Championless (SI),1,0.0555555555555556
2026-09-18T12:00:00Z,Nilah/Twisted Fate (BW/PZ),2,0.111111111111111
2026-09-18T12:00:00Z,Ashe (FR/PZ),0,0
2026-09-18T12:00:00Z,Braum/Zoe (FR/MT),1,0.0555555555555556
2026-09-18T12:00:00Z,Ashe/LeBlanc (FR/NX),0,0
2026-09-18T12:00:00Z,Darius/Gwen (NX/SI),0,0
2026-09-18T12:00:00Z,Annie/Jhin (RU/NX),2,0.111111111111111
2026-09-18T12:00:00Z,Darius/Gnar (FR/NX),1,0.0555555555555556
2026-09-18T12:00:00Z,Akshan/Sivir (DE/SH),1,0.0555555555555556
2026-09-18T12:00:00Z,Akshan/Samira (NX/SH),0,0
2026-09-18T13:00:00Z,Other,3,0.3
2026-09-18T13:00:00Z,Gnar/Nidalee (BC/SH),0,0
2026-09-18T13:00:00Z,Garen/Udyr (DE/FR),0,0
2026-09-18T13:00:00Z,Championless (SI),0,0
2026-09-18T13:00:00Z,Nilah/Twisted Fate (BW/PZ),1,0.1
2026-09-18T13:00:00Z,Ashe (FR/PZ),3,0.3
2026-09-18T13:00:00Z,Braum/Zoe (FR/MT),2,0.2
2026-09-18T13:00:00Z,Ashe/LeBlanc (FR/NX),0,0
2026-09-18T13:00:00Z,Darius/Gwen (NX/SI),1,0.1
2026-09-18T13:00:00Z,Annie/Jhin (RU/NX),0,0
2026-09-18T13:00:00Z,Darius/Gnar (FR/NX),0,0
2026-09-18T13:00:00Z,Akshan/Sivir (DE/SH),0,0
2026-09-18T13:00:00Z,Akshan/Samira (NX/SH),0,0
2026-09-18T14:00:00Z,Other,5,0.357142857142857
2026-09-18T14:00:00Z,Gnar/Nidalee (BC/SH),0,0
2026-09-18T14:00:00Z,Garen/Udyr (DE/FR),2,0.142857142857143
2026-09-18T14:00:00Z,Championless (SI),0,0
2026-09-18T14:00:00Z,Nilah/Twisted Fate (BW/PZ),0,0
2026-09-18T14:00:00Z,Ashe (FR/PZ),1,0.0714285714285714
2026-09-18T14:00:00Z,Braum/Zoe (FR/MT),2,0.142857142857143
2026-09-18T14:00:00Z,Ashe/LeBlanc (FR/NX),3,0.214285714285714
2026-09-18T14:00:00Z,Darius/Gwen (NX/SI),0,0
2026-09-18T14:00:00Z,Annie/Jhin (RU/NX),0,0
2026-09-18T14:00:00Z,Darius/Gnar (FR/NX),0,0
2026-09-18T14:00:00Z,Akshan/Sivir (DE/SH),0,0
2026-09-18T14:00:00Z,Akshan/Samira (NX/SH),1,0.0714285714285714
2026-09-18T15:00:00Z,Other,7,0.388888888888889
2026-09-18T15:00:00Z,Gnar/Nidalee (BC/SH),0,0
2026-09-18T15:00:00Z,Garen/Udyr (DE/FR),0,0
2026-09-18T15:00:00Z,Championless (SI),0,0
2026-09-18T15:00:00Z,Nilah/Twisted Fate (BW/PZ),0,0
2026-09-18T15:00:00Z,Ashe (FR/PZ),0,0
2026-09-18T15:00:00Z,Braum/Zoe (FR/MT),4,0.222222222222222
2026-09-18T15:00:00Z,Ashe/LeBlanc (FR/NX),1,0.0555555555555556
2026-09-18T15:00:00Z,Darius/Gwen (NX/SI),0,0
2026-09-18T15:00:00Z,Annie/Jhin (RU/NX),0,0
2026-09-18T15:00:00Z,Darius/Gnar (FR/NX),2,0.111111111111111
2026-09-18T15:00:00Z,Akshan/Sivir (DE/SH),0,0
2026-09-18T15:00:00Z,Akshan/Samira (NX/SH),4,0.222222222222222
2026-09-18T16:00:00Z,Other,9,0.642857142857143
2026-09-18T16:00:00Z,Gnar/Nidalee (BC/SH),1,0.0714285714285714
2026-09-18T16:00:00Z,Garen/Udyr (DE/FR),0,0
2026-09-18T16:00:00Z,Championless (SI),0,0
2026-09-18T16:00:00Z,Nilah/Twisted Fate (BW/PZ),1,0.0714285714285714
2026-09-18T16:00:00Z,Ashe (FR/PZ),0,0
2026-09-18T16:00:00Z,Braum/Zoe (FR/MT),1,0.0714285714285714
2026-09-18T16:00:00Z,Ashe/LeBlanc (FR/NX),0,0
2026-09-18T16:00:00Z,Darius/Gwen (NX/SI),0,0
2026-09-18T16:00:00Z,Annie/Jhin (RU/NX),0,0
2026-09-18T16:00:00Z,Darius/Gnar (FR/NX),0,0
2026-09-18T16:00:00Z,Akshan/Sivir (DE/SH),1,0.0714285714285714
2026-09-18T16:00:00Z,Akshan/Samira (NX/SH),1,0.0714285714285714
2026-09-18T17:00:00Z,Other,5,0.357142857142857
2026-09-18T17:00:00Z,Gnar/Nidalee (BC/SH),1,0.0714285714285714
2026-09-18T17:00:00Z,Garen/Udyr (DE/FR),0,0
2026-09-18T17:00:00Z,Championless (SI),0,0
2026-09-18T17:00:00Z,Nilah/Twisted Fate (BW/PZ),1,0.0714285714285714
2026-09-18T17:00:00Z,Ashe (FR/PZ),2,0.142857142857143
2026-09-18T17:00:00Z,Braum/Zoe (FR/MT),3,0.214285714285714
2026-09-18T17:00:00Z,Ashe/LeBlanc (FR/NX),0,0
2026-09-18T17:00:00Z,Darius/Gwen (NX/SI),0,0
2026-09-18T17:00:00Z,Annie/Jhin (RU/NX),0,0
2026-09-18T17:00:00Z,Darius/Gnar (FR/NX),1,0.0714285714285714
2026-09-18T17:00:00Z,Akshan/Sivir (DE/SH),1,0.0714285714285714
2026-09-18T17:00:00Z,Akshan/Samira (NX/SH),0,0
2026-09-18T18:00:00Z,Other,8,0.4
2026-09-18T18:00:00Z,Gnar/Nidalee (BC/SH),0,0
2026-09-18T18:00:00Z,Garen/Udyr (DE/FR),0,0
2026-09-18T18:00:00Z,Championless (SI),0,0
2026-09-18T18:00:00Z,Nilah/Twisted Fate (BW/PZ),2,0.1
2026-09-18T18:00:00Z,Ashe (FR/PZ),2,0.1
2026-09-18T18:00:00Z,Braum/Zoe (FR/MT),1,0.05
2026-09-18T18:00:00Z,Ashe/LeBlanc (FR/NX),2,0.1
2026-09-18T18:00:00Z,Darius/Gwen (NX/SI),0,0
2026-09-18T18:00:00Z,Annie/Jhin (RU/NX),0,0
2026-09-18T18:00:00Z,Darius/Gnar (FR/NX),0,0
2026-09-18T18:00:00Z,Akshan/Sivir (DE/SH),0,0
2026-09-18T18:00:00Z,Akshan/Samira (NX/SH),5,0.25
2026-09-18T19:00:00Z,Other,17,0.447368421052632
2026-09-18T19:00:00Z,Gnar/Nidalee (BC/SH),1,0.0263157894736842
2026-09-18T19:00:00Z,Garen/Udyr (DE/FR),0,0
2026-09-18T19:00:00Z,Championless (SI),2,0.0526315789473684
2026-09-18T19:00:00Z,Nilah/Twisted Fate (BW/PZ),4,0.105263157894737
2026-09-18T19:00:00Z,Ashe (FR/PZ),4,0.105263157894737
2026-09-18T19:00:00Z,Braum/Zoe (FR/MT),1,0.0263157894736842
2026-09-18T19:00:00Z,Ashe/LeBlanc (FR/NX),1,0.0263157894736842
2026-09-18T19:00:00Z,Darius/Gwen (NX/SI),0,0
2026-09-18T19:00:00Z,Annie/Jhin (RU/NX),3,0.0789473684210526
2026-09-18T19:00:00Z,Darius/Gnar (FR/NX),0,0
2026-09-18T19:00:00Z,Akshan/Sivir (DE/SH),0,0
2026-09-18T19:00:00Z,Akshan/Samira (NX/SH),5,0.131578947368421
2026-09-18T20:00:00Z,Other,13,0.590909090909091
2026-09-18T20:00:00Z,Gnar/Nidalee (BC/SH),0,0
2026-09-18T20:00:00Z,Garen/Udyr (DE/FR),0,0
2026-09-18T20:00:00Z,Championless (SI),0,0
2026-09-18T20:00:00Z,Nilah/Twisted Fate (BW/PZ),1,0.0454545454545455
2026-09-18T20:00:00Z,Ashe (FR/PZ),3,0.136363636363636
2026-09-18T20:00:00Z,Braum/Zoe (FR/MT),1,0.0454545454545455
2026-09-18T20:00:00Z,Ashe/LeBlanc (FR/NX),0,0
2026-09-18T20:00:00Z,Darius/Gwen (NX/SI),0,0
2026-09-18T20:00:00Z,Annie/Jhin (RU/NX),2,0.0909090909090909
2026-09-18T20:00:00Z,Darius/Gnar (FR/NX),1,0.0454545454545455
2026-09-18T20:00:00Z,Akshan/Sivir (DE/SH),0,0
2026-09-18T20:00:00Z,Akshan/Samira (NX/SH),1,0.0454545454545455
2026-09-18T21:00:00Z,Other,2,0.333333333333333
2026-09-18T21:00:00Z,Gnar/Nidalee (BC/SH),0,0
2026-09-18T21:00:00Z,Garen/Udyr (DE/FR),0,0
2026-09-18T21:00:00Z,Championless (SI),0,0
2026-09-18T21:00:00Z,Nilah/Twisted Fate (BW/PZ),0,0
2026-09-18T21:00:00Z,Ashe (FR/PZ),0,0
2026-09-18T21:00:00Z,Braum/Zoe (FR/MT),0,0
2026-09-18T21:00:00Z,Ashe/LeBlanc (FR/NX),2,0.333333333333333
2026-09-18T21:00:00Z,Darius/Gwen (NX/SI),0,0
2026-09-18T21:00:00Z,Annie/Jhin (RU/NX),2,0.333333333333333
2026-09-18T21:00:00Z,Darius/Gnar (FR/NX),0,0
2026-09-18T21:00:00Z,Akshan/Sivir (DE/SH),0,0
2026-09-18T21:00:00Z,Akshan/Samira (NX/SH),0,0
2026-09-18T22:00:00Z,Other,6,0.6
2026-09-18T22:00:00Z,Gnar/Nidalee (BC/SH),0,0
2026-09-18T22:00:00Z,Garen/Udyr (DE/FR),0,0
2026-09-18T22:00:00Z,Championless (SI),1,0.1
2026-09-18T22:00:00Z,Nilah/Twisted Fate (BW/PZ),0,0
2026-09-18T22:00:00Z,Ashe (FR/PZ),1,0.1
2026-09-18T22:00:00Z,Braum/Zoe (FR/MT),2,0.2
2026-09-18T22:00:00Z,Ashe/LeBlanc (FR/NX),0,0
2026-09-18T22:00:00Z,Darius/Gwen (NX/SI),0,0
2026-09-18T22:00:00Z,Annie/Jhin (RU/NX),0,0
2026-09-18T22:00:00Z,Darius/Gnar (FR/NX),0,0
2026-09-18T22:00:00Z,Akshan/Sivir (DE/SH),0,0
2026-09-18T22:00:00Z,Akshan/Samira (NX/SH),0,0
2026-09-18T23:00:00Z,Other,3,0.5
2026-09-18T23:00:00Z,Gnar/Nidalee (BC/SH),0,0
2026-09-18T23:00:00Z,Garen/Udyr (DE/FR),0,0
2026-09-18T23:00:00Z,Championless (SI),0,0
2026-09-18T23:00:00Z,Nilah/Twisted Fate (BW/PZ),0,0
2026-09-18T23:00:00Z,Ashe (FR/PZ),0,0
2026-09-18T23:00:00Z,Braum/Zoe (FR/MT),3,0.5
2026-09-18T23:00:00Z,Ashe/LeBlanc (FR/NX),0,0
2026-09-18T23:00:00Z,Darius/Gwen (NX/SI),0,0
2026-09-18T23:00:00Z,Annie/Jhin (RU/NX),0,0
2026-09-18T23:00:00Z,Darius/Gnar (FR/NX),0,0
2026-09-18T23:00:00Z,Akshan/Sivir (DE/SH),0,0
2026-09-18T23:00:00Z,Akshan/Samira (NX/SH),0,0
2026-09-19T00:00:00Z,Other,3,0.375
2026-09-19T00:00:00Z,Gnar/Nidalee (BC/SH),0,0
2026-09-19T00:00:00Z,Garen/Udyr (DE/FR),0,0
2026-09-19T00:00:00Z,Championless (SI),0,0
2026-09-19T00:00:00Z,Nilah/Twisted Fate (BW/PZ),0,0
2026-09-19T00:00:00Z,Ashe (FR/PZ),0,0
2026-09-19T00:00:00Z,Braum/Zoe (FR/MT),0,0
2026-09-19T00:00:00Z,Ashe/LeBlanc (FR/NX),4,0.5
2026-09-19T00:00:00Z,Darius/Gwen (NX/SI),0,0
2026-09-19T00:00:00Z,Annie/Jhin (RU/NX),1,0.125
2026-09-19T00:00:00Z,Darius/Gnar (FR/NX),0,0
2026-09-19T00:00:00Z,Akshan/Sivir (DE/SH),0,0
2026-09-19T00:00:00Z,Akshan/Samira (NX/SH),0,0
2026-09-19T01:00:00Z,Other,0,0
2026-09-19T01:00:00Z,Gnar/Nidalee (BC/SH),0,0
2026-09-19T01:00:00Z,Garen/Udyr (DE/FR),1,0.166666666666667
2026-09-19T01:00:00Z,Championless (SI),0,0
2026-09-19T01:00:00Z,Nilah/Twisted Fate (BW/PZ),1,0.166666666666667
2026-09-19T01:00:00Z,Ashe (FR/PZ),3,0.5
2026-09-19T01:00:00Z,Braum/Zoe (FR/MT),0,0
2026-09-19T01:00:00Z,Ashe/LeBlanc (FR/NX),0,0
2026-09-19T01:00:00Z,Darius/Gwen (NX/SI),1,0.166666666666667
2026-09-19T01:00:00Z,Annie/Jhin (RU/NX),0,0
2026-09-19T01:00:00Z,Darius/Gnar (FR/NX),0,0
2026-09-19T01:00:00Z,Akshan/Sivir (DE/SH),0,0
2026-09-19T01:00:00Z,Akshan/Samira (NX/SH),0,0
2026-09-19T02:00:00Z,Other,3,0.375
2026-09-19T02:00:00Z,Gnar/Nidalee (BC/SH),0,0
2026-09-19T02:00:00Z,Garen/Udyr (DE/FR),0,0
2026-09-19T02:00:00Z,Championless (SI),1,0.125
2026-09-19T02:00:00Z,Nilah/Twisted Fate (BW/PZ),1,0.125
2026-09-19T02:00:00Z,Ashe (FR/PZ),1,0.125
2026-09-19T02:00:00Z,Braum/Zoe (FR/MT),2,0.25
2026-09-19T02:00:00Z,Ashe/LeBlanc (FR/NX),0,0
2026-09-19T02:00:00Z,Darius/Gwen (NX/SI),0,0
2026-09-19T02:00:00Z,Annie/Jhin (RU/NX),0,0
2026-09-19T02:00:00Z,Darius/Gnar (FR/NX),0,0
2026-09-19T02:00:00Z,Akshan/Sivir (DE/SH),0,0
2026-09-19T02:00:00Z,Akshan/Samira (NX/SH),0,0
2026-09-19T03:00:00Z,Other,6,0.75
2026-09-19T03:00:00Z,Gnar/Nidalee (BC/SH),0,0
2026-09-19T03:00:00Z,Garen/Udyr (DE/FR),1,0.125
2026-09-19T03:00:00Z,Championless (SI),0,0
2026-09-19T03:00:00Z,Nilah/Twisted Fate (BW/PZ),0,0
2026-09-19T03:00:00Z,Ashe (FR/PZ),0,0
2026-09-19T03:00:00Z,Braum/Zoe (FR/MT),1,0.125
2026-09-19T03:00:00Z,Ashe/LeBlanc (FR/NX),0,0
2026-09-19T03:00:00Z,Darius/Gwen (NX/SI),0,0
2026-09-19T03:00:00Z,Annie/Jhin (RU/NX),0,0
2026-09-19T03:00:00Z,Darius/Gnar (FR/NX),0,0
2026-09-19T03:00:00Z,Akshan/Sivir (DE/SH),0,0
2026-09-19T03:00:00Z,Akshan/Samira (NX/SH),0,0
2026-09-19T04:00:00Z,Other,4,0.333333333333333
2026-09-19T04:00:00Z,Gnar/Nidalee (BC/SH),0,0
2026-09-19T04:00:00Z,Garen/Udyr (DE/FR),3,0.25
2026-09-19T04:00:00Z,Championless (SI),0,0
2026-09-19T04:00:00Z,Nilah/Twisted Fate (BW/PZ),0,0
2026-09-19T04:00:00Z,Ashe (FR/PZ),0,0
2026-09-19T04:00:00Z,Braum/Zoe (FR/MT),0,0
2026-09-19T04:00:00Z,Ashe/LeBlanc (FR/NX),0,0
2026-09-19T04:00:00Z,Darius/Gwen (NX/SI),0,0
2026-09-19T04:00:00Z,Annie/Jhin (RU/NX),0,0
2026-09-19T04:00:00Z,Darius/Gnar (FR/NX),0,0
2026-09-19T04:00:00Z,Akshan/Sivir (DE/SH),2,0.166666666666667
2026-09-19T04:00:00Z,Akshan/Samira (NX/SH),3,0.25
2026-09-19T05:00:00Z,Other,1,0.1
2026-09-19T05:00:00Z,Gnar/Nidalee (BC/SH),0,0
2026-09-19T05:00:00Z,Garen/Udyr (DE/FR),0,0
2026-09-19T05:00:00Z,Championless (SI),2,0.2
2026-09-19T05:00:00Z,Nilah/Twisted Fate (BW/PZ),3,0.3
2026-09-19T05:00:00Z,Ashe (FR/PZ),1,0.1
2026-09-19T05:00:00Z,Braum/Zoe (FR/MT),1,0.1
2026-09-19T05:00:00Z,Ashe/LeBlanc (FR/NX),0,0
2026-09-19T05:00:00Z,Darius/Gwen (NX/SI),0,0
2026-09-19T05:00:00Z,Annie/Jhin (RU/NX),1,0.1
2026-09-19T05:00:00Z,Darius/Gnar (FR/NX),0,0
2026-09-19T05:00:00Z,Akshan/Sivir (DE/SH),0,0
2026-09-19T05:00:00Z,Akshan/Samira (NX/SH),1,0.1
2026-09-19T06:00:00Z,Other,9,0.5625
2026-09-19T06:00:00Z,Gnar/Nidalee (BC/SH),0,0
2026-09-19T06:00:00Z,Garen/Udyr (DE/FR),0,0
2026-09-19T06:00:00Z,Championless (SI),0,0
2026-09-19T06:00:00Z,Nilah/Twisted Fate (BW/PZ),1,0.0625
2026-09-19T06:00:00Z,Ashe (FR/PZ),2,0.125
2026-09-19T06:00:00Z,Braum/Zoe (FR/MT),3,0.1875
2026-09-19T06:00:00Z,Ashe/LeBlanc (FR/NX),1,0.0625
2026-09-19T06:00:00Z,Darius/Gwen (NX/SI),0,0
2026-09-19T06:00:00Z,Annie/Jhin (RU/NX),0,0
2026-09-19T06:00:00Z,Darius/Gnar (FR/NX),0,0
2026-09-19T06:00:00Z,Akshan/Sivir (DE/SH),0,0
2026-09-19T06:00:00Z,Akshan/Samira (NX/SH),0,0
2026-09-19T07:00:00Z,Other,4,1
2026-09-19T07:00:00Z,Gnar/Nidalee (BC/SH),0,0
2026-09-19T07:00:00Z,Garen/Udyr (DE/FR),0,0
2026-09-19T07:00:00Z,Championless (SI),0,0
2026-09-19T07:00:00Z,Nilah/Twisted Fate (BW/PZ),0,0
2026-09-19T07:00:00Z,Ashe (FR/PZ),0,0
2026-09-19T07:00:00Z,Braum/Zoe (FR/MT),0,0
2026-09-19T07:00:00Z,Ashe/LeBlanc (FR/NX),0,0
2026-09-19T07:00:00Z,Darius/Gwen (NX/SI),0,0
2026-09-19T07:00:00Z,Annie/Jhin (RU/NX),0,0
2026-09-19T07:00:00Z,Darius/Gnar (FR/NX),0,0
2026-09-19T07:00:00Z,Akshan/Sivir (DE/SH),0,0
2026-09-19T07:00:00Z,Akshan/Samira (NX/SH),0,0
2026-09-19T08:00:00Z,Other,1,0.166666666666667
2026-09-19T08:00:00Z,Gnar/Nidalee (BC/SH),0,0
2026-09-19T08:00:00Z,Garen/Udyr (DE/FR),2,0.333333333333333
2026-09-19T08:00:00Z,Championless (SI),0,0
2026-09-19T08:00:00Z,Nilah/Twisted Fate (BW/PZ),0,0
2026-09-19T08:00:00Z,Ashe (FR/PZ),1,0.166666666666667
2026-09-19T08:00:00Z,Braum/Zoe (FR/MT),0,0
2026-09-19T08:00:00Z,Ashe/LeBlanc (FR/NX),2,0.333333333333333
2026-09-19T08:00:00Z,Darius/Gwen (NX/SI),0,0
2026-09-19T08:00:00Z,Annie/Jhin (RU/NX),0,0
2026-09-19T08:00:00Z,Darius/Gnar (FR/NX),0,0
2026-09-19T08:00:00Z,Akshan/Sivir (DE/SH),0,0
2026-09-19T08:00:00Z,Akshan/Samira (NX/SH),0,0
2026-09-19T09:00:00Z,Other,3,0.375
2026-09-19T09:00:00Z,Gnar/Nidalee (BC/SH),0,0
2026-09-19T09:00:00Z,Garen/Udyr (DE/FR),3,0.375
2026-09-19T09:00:00Z,Championless (SI),0,0
2026-09-19T09:00:00Z,Nilah/Twisted Fate (BW/PZ),0,0
2026-09-19T09:00:00Z,Ashe (FR/PZ),0,0
2026-09-19T09:00:00Z,Braum/Zoe (FR/MT),0,0
2026-09-19T09:00:00Z,Ashe/LeBlanc (FR/NX),1,0.125
2026-09-19T09:00:00Z,Darius/Gwen (NX/SI),0,0
2026-09-19T09:00:00Z,Annie/Jhin (RU/NX),0,0
2026-09-19T09:00:00Z,Darius/Gnar (FR/NX),0,0
2026-09-19T09:00:00Z,Akshan/Sivir (DE/SH),1,0.125
2026-09-19T09:00:00Z,Akshan/Samira (NX/SH),0,0
2026-09-19T10:00:00Z,Other,4,0.666666666666667
2026-09-19T10:00:00Z,Gnar/Nidalee (BC/SH),0,0
2026-09-19T10:00:00Z,Garen/Udyr (DE/FR),0,0
2026-09-19T10:00:00Z,Championless (SI),0,0
2026-09-19T10:00:00Z,Nilah/Twisted Fate (BW/PZ),0,0
2026-09-19T10:00:00Z,Ashe (FR/PZ),1,0.166666666666667
2026-09-19T10:00:00Z,Braum/Zoe (FR/MT),1,0.166666666666667
2026-09-19T10:00:00Z,Ashe/LeBlanc (FR/NX),0,0
2026-09-19T10:00:00Z,Darius/Gwen (NX/SI),0,0
2026-09-19T10:00:00Z,Annie/Jhin (RU/NX),0,0
2026-09-19T10:00:00Z,Darius/Gnar (FR/NX),0,0
2026-09-19T10:00:00Z,Akshan/Sivir (DE/SH),0,0
2026-09-19T10:00:00Z,Akshan/Samira (NX/SH),0,0
2026-09-19T11:00:00Z,Other,8,0.5
2026-09-19T11:00:00Z,Gnar/Nidalee (BC/SH),0,0
2026-09-19T11:00:00Z,Garen/Udyr (DE/FR),0,0
2026-09-19T11:00:00Z,Championless (SI),0,0
2026-09-19T11:00:00Z,Nilah/Twisted Fate (BW/PZ),0,0
2026-09-19T11:00:00Z,Ashe (FR/PZ),2,0.125
2026-09-19T11:00:00Z,Braum/Zoe (FR/MT),4,0.25
2026-09-19T11:00:00Z,Ashe/LeBlanc (FR/NX),2,0.125
2026-09-19T11:00:00Z,Darius/Gwen (NX/SI),0,0
2026-09-19T11:00:00Z,Annie/Jhin (RU/NX),0,0
2026-09-19T11:00:00Z,Darius/Gnar (FR/NX),0,0
2026-09-19T11:00:00Z,Akshan/Sivir (DE/SH),0,0
2026-09-19T11:00:00Z,Akshan/Samira (NX/SH),0,0
2026-09-19T12:00:00Z,Other,10,0.714285714285714
2026-09-19T12:00:00Z,Gnar/Nidalee (BC/SH),0,0
2026-09-19T12:00:00Z,Garen/Udyr (DE/FR),0,0
2026-09-19T12:00:00Z,Championless (SI),0,0
2026-09-19T12:00:00Z,Nilah/Twisted Fate (BW/PZ),0,0
2026-09-19T12:00:00Z,Ashe (FR/PZ),1,0.0714285714285714
2026-09-19T12:00:00Z,Braum/Zoe (FR/MT),1,0.0714285714285714
2026-09-19T12:00:00Z,Ashe/LeBlanc (FR/NX),1,0.0714285714285714
2026-09-19T12:00:00Z,Darius/Gwen (NX/SI),0,0
2026-09-19T12:00:00Z,Annie/Jhin (RU/NX),1,0.0714285714285714
2026-09-19T12:00:00Z,Darius/Gnar (FR/NX),0,0
2026-09-19T12:00:00Z,Akshan/Sivir (DE/SH),0,0
2026-09-19T12:00:00Z,Akshan/Samira (NX/SH),0,0
2026-09-19T13:00:00Z,Other,6,0.5
2026-09-19T13:00:00Z,Gnar/Nidalee (BC/SH),1,0.0833333333333333
2026-09-19T13:00:00Z,Garen/Udyr (DE/FR),0,0
2026-09-19T13:00:00Z,Championless (SI),0,0
2026-09-19T13:00:00Z,Nilah/Twisted Fate (BW/PZ),1,0.0833333333333333
2026-09-19T13:00:00Z,Ashe (FR/PZ),3,0.25
2026-09-19T13:00:00Z,Braum/Zoe (FR/MT),0,0
2026-09-19T13:00:00Z,Ashe/LeBlanc (FR/NX),1,0.0833333333333333
2026-09-19T13:00:00Z,Darius/Gwen (NX/SI),0,0
2026-09-19T13:00:00Z,Annie/Jhin (RU/NX),0,0
2026-09-19T13:00:00Z,Darius/Gnar (FR/NX),0,0
2026-09-19T13:00:00Z,Akshan/Sivir (DE/SH),0,0
2026-09-19T13:00:00Z,Akshan/Samira (NX/SH),0,0
2026-09-19T14:00:00Z,Other,5,0.5
2026-09-19T14:00:00Z,Gnar/Nidalee (BC/SH),0,0
2026-09-19T14:00:00Z,Garen/Udyr (DE/FR),2,0.2
2026-09-19T14:00:00Z,Championless (SI),0,0
2026-09-19T14:00:00Z,Nilah/Twisted Fate (BW/PZ),0,0
2026-09-19T14:00:00Z,Ashe (FR/PZ),0,0
2026-09-19T14:00:00Z,Braum/Zoe (FR/MT),0,0
2026-09-19T14:00:00Z,Ashe/LeBlanc (FR/NX),2,0.2
2026-09-19T14:00:00Z,Darius/Gwen (NX/SI),0,0
2026-09-19T14:00:00Z,Annie/Jhin (RU/NX),1,0.1
2026-09-19T14:00:00Z,Darius/Gnar (FR/NX),0,0
2026-09-19T14:00:00Z,Akshan/Sivir (DE/SH),0,0
2026-09-19T14:00:00Z,Akshan/Samira (NX/SH),0,0
2026-09-19T15:00:00Z,Other,6,0.6
2026-09-19T15:00:00Z,Gnar/Nidalee (BC/SH),0,0
2026-09-19T15:00:00Z,Garen/Udyr (DE/FR),0,0
2026-09-19T15:00:00Z,Championless (SI),0,0
2026-09-19T15:00:00Z,Nilah/Twisted Fate (BW/PZ),0,0
2026-09-19T15:00:00Z,Ashe (FR/PZ),0,0
2026-09-19T15:00:00Z,Braum/Zoe (FR/MT),3,0.3
2026-09-19T15:00:00Z,Ashe/LeBlanc (FR/NX),1,0.1
2026-09-19T15:00:00Z,Darius/Gwen (NX/SI),0,0
2026-09-19T15:00:00Z,Annie/Jhin (RU/NX),0,0
2026-09-19T15:00:00Z,Darius/Gnar (FR/NX),0,0
2026-09-19T15:00:00Z,Akshan/Sivir (DE/SH),0,0
2026-09-19T15:00:00Z,Akshan/Samira (NX/SH),0,0
2026-09-19T16:00:00Z,Other,6,0.5
2026-09-19T16:00:00Z,Gnar/Nidalee (BC/SH),0,0
2026-09-19T16:00:00Z,Garen/Udyr (DE/FR),0,0
2026-09-19T16:00:00Z,Championless (SI),1,0.0833333333333333
2026-09-19T16:00:00Z,Nilah/Twisted Fate (BW/PZ),0,0
2026-09-19T16:00:00Z,Ashe (FR/PZ),0,0
2026-09-19T16:00:00Z,Braum/Zoe (FR/MT),5,0.416666666666667
2026-09-19T16:00:00Z,Ashe/LeBlanc (FR/NX),0,0
2026-09-19T16:00:00Z,Darius/Gwen (NX/SI),0,0
2026-09-19T16:00:00Z,Annie/Jhin (RU/NX),0,0
2026-09-19T16:00:00Z,Darius/Gnar (FR/NX),0,0
2026-09-19T16:00:00Z,Akshan/Sivir (DE/SH),0,0
2026-09-19T16:00:00Z,Akshan/Samira (NX/SH),0,0
2026-09-19T17:00:00Z,Other,3,0.25
2026-09-19T17:00:00Z,Gnar/Nidalee (BC/SH),1,0.0833333333333333
2026-09-19T17:00:00Z,Garen/Udyr (DE/FR),0,0
2026-09-19T17:00:00Z,Championless (SI),0,0
2026-09-19T17:00:00Z,Nilah/Twisted Fate (BW/PZ),1,0.0833333333333333
2026-09-19T17:00:00Z,Ashe (FR/PZ),1,0.0833333333333333
2026-09-19T17:00:00Z,Braum/Zoe (FR/MT),2,0.166666666666667
2026-09-19T17:00:00Z,Ashe/LeBlanc (FR/NX),2,0.166666666666667
2026-09-19T17:00:00Z,Darius/Gwen (NX/SI),0,0
2026-09-19T17:00:00Z,Annie/Jhin (RU/NX),1,0.0833333333333333
2026-09-19T17:00:00Z,Darius/Gnar (FR/NX),0,0
2026-09-19T17:00:00Z,Akshan/Sivir (DE/SH),0,0
2026-09-19T17:00:00Z,Akshan/Samira (NX/SH),1,0.0833333333333333
2026-09-19T18:00:00Z,Other,1,0.166666666666667
2026-09-19T18:00:00Z,Gnar/Nidalee (BC/SH),0,0
2026-09-19T18:00:00Z,Garen/Udyr (DE/FR),0,0
2026-09-19T18:00:00Z,Championless (SI),0,0
2026-09-19T18:00:00Z,Nilah/Twisted Fate (BW/PZ),0,0
2026-09-19T18:00:00Z,Ashe (FR/PZ),1,0.166666666666667
2026-09-19T18:00:00Z,Braum/Zoe (FR/MT),3,0.5
2026-09-19T18:00:00Z,Ashe/LeBlanc (FR/NX),0,0
2026-09-19T18:00:00Z,Darius/Gwen (NX/SI),0,0
2026-09-19T18:00:00Z,Annie/Jhin (RU/NX),0,0
2026-09-19T18:00:00Z,Darius/Gnar (FR/NX),0,0
2026-09-19T18:00:00Z,Akshan/Sivir (DE/SH),1,0.166666666666667
2026-09-19T18:00:00Z,Akshan/Samira (NX/SH),0,0
2026-09-19T19:00:00Z,Other,2,0.333333333333333
2026-09-19T19:00:00Z,Gnar/Nidalee (BC/SH),0,0
2026-09-19T19:00:00Z,Garen/Udyr (DE/FR),0,0
2026-09-19T19:00:00Z,Championless (SI),0,0
2026-09-19T19:00:00Z,Nilah/Twisted Fate (BW/PZ),0,0
2026-09-19T19:00:00Z,Ashe (FR/PZ),4,0.666666666666667
2026-09-19T19:00:00Z,Braum/Zoe (FR/MT),0,0
2026-09-19T19:00:00Z,Ashe/LeBlanc (FR/NX),0,0
2026-09-19T19:00:00Z,Darius/Gwen (NX/SI),0,0
2026-09-19T19:00:00Z,Annie/Jhin (RU/NX),0,0
2026-09-19T19:00:00Z,Darius/Gnar (FR/NX),0,0
2026-09-19T19:00:00Z,Akshan/Sivir (DE/SH),0,0
2026-09-19T19:00:00Z,Akshan/Samira (NX/SH),0,0
2026-09-19T20:00:00Z,Other,9,0.5625
2026-09-19T20:00:00Z,Gnar/Nidalee (BC/SH),0,0
2026-09-19T20:00:00Z,Garen/Udyr (DE/FR),0,0
2026-09-19T20:00:00Z,Championless (SI),0,0
2026-09-19T20:00:00Z,Nilah/Twisted Fate (BW/PZ),1,0.0625
2026-09-19T20:00:00Z,Ashe (FR/PZ),3,0.1875
2026-09-19T20:00:00Z,Braum/Zoe (FR/MT),0,0
2026-09-19T20:00:00Z,Ashe/LeBlanc (FR/NX),0,0
2026-09-19T20:00:00Z,Darius/Gwen (NX/SI),0,0
2026-09-19T20:00:00Z,Annie/Jhin (RU/NX),3,0.1875
2026-09-19T20:00:00Z,Darius/Gnar (FR/NX),0,0
2026-09-19T20:00:00Z,Akshan/Sivir (DE/SH),0,0
2026-09-19T20:00:00Z,Akshan/Samira (NX/SH),0,0
2026-09-19T21:00:00Z,Other,7,0.5
2026-09-19T21:00:00Z,Gnar/Nidalee (BC/SH),0,0
2026-09-19T21:00:00Z,Garen/Udyr (DE/FR),2,0.142857142857143
2026-09-19T21:00:00Z,Championless (SI),0,0
2026-09-19T21:00:00Z,Nilah/Twisted Fate (BW/PZ),2,0.142857142857143
2026-09-19T21:00:00Z,Ashe (FR/PZ),3,0.214285714285714
2026-09-19T21:00:00Z,Braum/Zoe (FR/MT),0,0
2026-09-19T21:00:00Z,Ashe/LeBlanc (FR/NX),0,0
2026-09-19T21:00:00Z,Darius/Gwen (NX/SI),0,0
2026-09-19T21:00:00Z,Annie/Jhin (RU/NX),0,0
2026-09-19T21:00:00Z,Darius/Gnar (FR/NX),0,0
2026-09-19T21:00:00Z,Akshan/Sivir (DE/SH),0,0
2026-09-19T21:00:00Z,Akshan/Samira (NX/SH),0,0
2026-09-19T22:00:00Z,Other,1,0.5
2026-09-19T22:00:00Z,Gnar/Nidalee (BC/SH),0,0
2026-09-19T22:00:00Z,Garen/Udyr (DE/FR),0,0
2026-09-19T22:00:00Z,Championless (SI),0,0
2026-09-19T22:00:00Z,Nilah/Twisted Fate (BW/PZ),0,0
2026-09-19T22:00:00Z,Ashe (FR/PZ),0,0
2026-09-19T22:00:00Z,Braum/Zoe (FR/MT),1,0.5
2026-09-19T22:00:00Z,Ashe/LeBlanc (FR/NX),0,0
2026-09-19T22:00:00Z,Darius/Gwen (NX/SI),0,0
2026-09-19T22:00:00Z,Annie/Jhin (RU/NX),0,0
2026-09-19T22:00:00Z,Darius/Gnar (FR/NX),0,0
2026-09-19T22:00:00Z,Akshan/Sivir (DE/SH),0,0
2026-09-19T22:00:00Z,Akshan/Samira (NX/SH),0,0
2026-09-19T23:00:00Z,Other,0,0
2026-09-19T23:00:00Z,Gnar/Nidalee (BC/SH),0,0
2026-09-19T23:00:00Z,Garen/Udyr (DE/FR),0,0
2026-09-19T23:00:00Z,Championless (SI),0,0
2026-09-19T23:00:00Z,Nilah/Twisted Fate (BW/PZ),0,0
2026-09-19T23:00:00Z,Ashe (FR/PZ),0,0
2026-09-19T23:00:00Z,Braum/Zoe (FR/MT),2,1
2026-09-19T23:00:00Z,Ashe/LeBlanc (FR/NX),0,0
2026-09-19T23:00:00Z,Darius/Gwen (NX/SI),0,0
2026-09-19T23:00:00Z,Annie/Jhin (RU/NX),0,0
2026-09-19T23:00:00Z,Darius/Gnar (FR/NX),0,0
2026-09-19T23:00:00Z,Akshan/Sivir (DE/SH),0,0
2026-09-19T23:00:00Z,Akshan/Samira (NX/SH),0,0
2026-09-20T00:00:00Z,Other,1,0.5
2026-09-20T00:00:00Z,Gnar/Nidalee (BC/SH),0,0
2026-09-20T00:00:00Z,Garen/Udyr (DE/FR),0,0
2026-09-20T00:00:00Z,Championless (SI),0,0
2026-09-20T00:00:00Z,Nilah/Twisted Fate (BW/PZ),0,0
2026-09-20T00:00:00Z,Ashe (FR/PZ),0,0
2026-09-20T00:00:00Z,Braum/Zoe (FR/MT),0,0
2026-09-20T00:00:00Z,Ashe/LeBlanc (FR/NX),1,0.5
2026-09-20T00:00:00Z,Darius/Gwen (NX/SI),0,0
2026-09-20T00:00:00Z,Annie/Jhin (RU/NX),0,0
2026-09-20T00:00:00Z,Darius/Gnar (FR/NX),0,0
2026-09-20T00:00:00Z,Akshan/Sivir (DE/SH),0,0
2026-09-20T00:00:00Z,Akshan/Samira (NX/SH),0,0
2026-09-20T01:00:00Z,Other,0,0
2026-09-20T01:00:00Z,Gnar/Nidalee (BC/SH),0,0
2026-09-20T01:00:00Z,Garen/Udyr (DE/FR),0,0
2026-09-20T01:00:00Z,Championless (SI),0,0
2026-09-20T01:00:00Z,Nilah/Twisted Fate (BW/PZ),2,0.5
2026-09-20T01:00:00Z,Ashe (FR/PZ),0,0
2026-09-20T01:00:00Z,Braum/Zoe (FR/MT),0,0
2026-09-20T01:00:00Z,Ashe/LeBlanc (FR/NX),2,0.5
2026-09-20T01:00:00Z,Darius/Gwen (NX/SI),0,0
2026-09-20T01:00:00Z,Annie/Jhin (RU/NX),0,0
2026-09-20T01:00:00Z,Darius/Gnar (FR/NX),0,0
2026-09-20T01:00:00Z,Akshan/Sivir (DE/SH),0,0
2026-09-20T01:00:00Z,Akshan/Samira (NX/SH),0,0
2026-09-20T02:00:00Z,Other,7,0.7
2026-09-20T02:00:00Z,Gnar/Nidalee (BC/SH),1,0.1
2026-09-20T02:00:00Z,Garen/Udyr (DE/FR),0,0
2026-09-20T02:00:00Z,Championless (SI),0,0
2026-09-20T02:00:00Z,Nilah/Twisted Fate (BW/PZ),0,0
2026-09-20T02:00:00Z,Ashe (FR/PZ),0,0
2026-09-20T02:00:00Z,Braum/Zoe (FR/MT),1,0.1
2026-09-20T02:00:00Z,Ashe/LeBlanc (FR/NX),1,0.1
2026-09-20T02:00:00Z,Darius/Gwen (NX/SI),0,0
2026-09-20T02:00:00Z,Annie/Jhin (RU/NX),0,0
2026-09-20T02:00:00Z,Darius/Gnar (FR/NX),0,0
2026-09-20T02:00:00Z,Akshan/Sivir (DE/SH),0,0
2026-09-20T02:00:00Z,Akshan/Samira (NX/SH),0,0
2026-09-20T03:00:00Z,Other,3,0.5
2026-09-20T03:00:00Z,Gnar/Nidalee (BC/SH),0,0
2026-09-20T03:00:00Z,Garen/Udyr (DE/FR),0,0
2026-09-20T03:00:00Z,Championless (SI),0,0
2026-09-20T03:00:00Z,Nilah/Twisted Fate (BW/PZ),1,0.166666666666667
2026-09-20T03:00:00Z,Ashe (FR/PZ),1,0.166666666666667
2026-09-20T03:00:00Z,Braum/Zoe (FR/MT),0,0
2026-09-20T03:00:00Z,Ashe/LeBlanc (FR/NX),0,0
2026-09-20T03:00:00Z,Darius/Gwen (NX/SI),0,0
2026-09-20T03:00:00Z,Annie/Jhin (RU/NX),0,0
2026-09-20T03:00:00Z,Darius/Gnar (FR/NX),1,0.166666666666667
2026-09-20T03:00:00Z,Akshan/Sivir (DE/SH),0,0
2026-09-20T03:00:00Z,Akshan/Samira (NX/SH),0,0
2026-09-20T04:00:00Z,Other,3,0.375
2026-09-20T04:00:00Z,Gnar/Nidalee (BC/SH),0,0
2026-09-20T04:00:00Z,Garen/Udyr (DE/FR),0,0
2026-09-20T04:00:00Z,Championless (SI),1,0.125
2026-09-20T04:00:00Z,Nilah/Twisted Fate (BW/PZ),0,0
2026-09-20T04:00:00Z,Ashe (FR/PZ),1,0.125
2026-09-20T04:00:00Z,Braum/Zoe (FR/MT),0,0
2026-09-20T04:00:00Z,Ashe/LeBlanc (FR/NX),2,0.25
2026-09-20T04:00:00Z,Darius/Gwen (NX/SI),0,0
2026-09-20T04:00:00Z,Annie/Jhin (RU/NX),0,0
2026-09-20T04:00:00Z,Darius/Gnar (FR/NX),1,0.125
2026-09-20T04:00:00Z,Akshan/Sivir (DE/SH),0,0
2026-09-20T04:00:00Z,Akshan/Samira (NX/SH),0,0
2026-09-20T05:00:00Z,Other,3,0.75
2026-09-20T05:00:00Z,Gnar/Nidalee (BC/SH),0,0
2026-09-20T05:00:00Z,Garen/Udyr (DE/FR),0,0
2026-09-20T05:00:00Z,Championless (SI),0,0
2026-09-20T05:00:00Z,Nilah/Twisted Fate (BW/PZ),1,0.25
2026-09-20T05:00:00Z,Ashe (FR/PZ),0,0
2026-09-20T05:00:00Z,Braum/Zoe (FR/MT),0,0
2026-09-20T05:00:00Z,Ashe/LeBlanc (FR/NX),0,0
2026-09-20T05:00:00Z,Darius/Gwen (NX/SI),0,0
2026-09-20T05:00:00Z,Annie/Jhin (RU/NX),0,0
2026-09-20T05:00:00Z,Darius/Gnar (FR/NX),0,0
2026-09-20T05:00:00Z,Akshan/Sivir (DE/SH),0,0
2026-09-20T05:00:00Z,Akshan/Samira (NX/SH),0,0
2026-09-20T06:00:00Z,Other,3,0.75
2026-09-20T06:00:00Z,Gnar/Nidalee (BC/SH),0,0
2026-09-20T06:00:00Z,Garen/Udyr (DE/FR),0,0
2026-09-20T06:00:00Z,Championless (SI),0,0
2026-09-20T06:00:00Z,Nilah/Twisted Fate (BW/PZ),0,0
2026-09-20T06:00:00Z,Ashe (FR/PZ),0,0
2026-09-20T06:00:00Z,Braum/Zoe (FR/MT),0,0
2026-09-20T06:00:00Z,Ashe/LeBlanc (FR/NX),0,0
2026-09-20T06:00:00Z,Darius/Gwen (NX/SI),0,0
2026-09-20T06:00:00Z,Annie/Jhin (RU/NX),1,0.25
2026-09-20T06:00:00Z,Darius/Gnar (FR/NX),0,0
2026-09-20T06:00:00Z,Akshan/Sivir (DE/SH),0,0
2026-09-20T06:00:00Z,Akshan/Samira (NX/SH),0,0
2026-09-20T07:00:00Z,Other,10,0.555555555555556
2026-09-20T07:00:00Z,Gnar/Nidalee (BC/SH),1,0.0555555555555556
2026-09-20T07:00:00Z,Garen/Udyr (DE/FR),0,0
2026-09-20T07:00:00Z,Championless (SI),0,0
2026-09-20T07:00:00Z,Nilah/Twisted Fate (BW/PZ),1,0.0555555555555556
2026-09-20T07:00:00Z,Ashe (FR/PZ),5,0.277777777777778
2026-09-20T07:00:00Z,Braum/Zoe (FR/MT),0,0
2026-09-20T07:00:00Z,Ashe/LeBlanc (FR/NX),1,0.0555555555555556
2026-09-20T07:00:00Z,Darius/Gwen (NX/SI),0,0
2026-09-20T07:00:00Z,Annie/Jhin (RU/NX),0,0
2026-09-20T07:00:00Z,Darius/Gnar (FR/NX),0,0
2026-09-20T07:00:00Z,Akshan/Sivir (DE/SH),0,0
2026-09-20T07:00:00Z,Akshan/Samira (NX/SH),0,0
2026-09-20T08:00:00Z,Other,7,0.4375
2026-09-20T08:00:00Z,Gnar/Nidalee (BC/SH),0,0
2026-09-20T08:00:00Z,Garen/Udyr (DE/FR),0,0
2026-09-20T08:00:00Z,Championless (SI),0,0
2026-09-20T08:00:00Z,Nilah/Twisted Fate (BW/PZ),2,0.125
2026-09-20T08:00:00Z,Ashe (FR/PZ),0,0
2026-09-20T08:00:00Z,Braum/Zoe (FR/MT),2,0.125
2026-09-20T08:00:00Z,Ashe/LeBlanc (FR/NX),5,0.3125
2026-09-20T08:00:00Z,Darius/Gwen (NX/SI),0,0
2026-09-20T08:00:00Z,Annie/Jhin (RU/NX),0,0
2026-09-20T08:00:00Z,Darius/Gnar (FR/NX),0,0
2026-09-20T08:00:00Z,Akshan/Sivir (DE/SH),0,0
2026-09-20T08:00:00Z,Akshan/Samira (NX/SH),0,0
2026-09-20T09:00:00Z,Other,0,0
2026-09-20T09:00:00Z,Gnar/Nidalee (BC/SH),0,0
2026-09-20T09:00:00Z,Garen/Udyr (DE/FR),0,0
2026-09-20T09:00:00Z,Championless (SI),0,0
2026-09-20T09:00:00Z,Nilah/Twisted Fate (BW/PZ),0,0
2026-09-20T09:00:00Z,Ashe (FR/PZ),0,0
2026-09-20T09:00:00Z,Braum/Zoe (FR/MT),0,0
2026-09-20T09:00:00Z,Ashe/LeBlanc (FR/NX),4,1
2026-09-20T09:00:00Z,Darius/Gwen (NX/SI),0,0
2026-09-20T09:00:00Z,Annie/Jhin (RU/NX),0,0
2026-09-20T09:00:00Z,Darius/Gnar (FR/NX),0,0
2026-09-20T09:00:00Z,Akshan/Sivir (DE/SH),0,0
2026-09-20T09:00:00Z,Akshan/Samira (NX/SH),0,0
2026-09-20T10:00:00Z,Other,0,0
2026-09-20T10:00:00Z,Gnar/Nidalee (BC/SH),0,0
2026-09-20T10:00:00Z,Garen/Udyr (DE/FR),0,0
2026-09-20T10:00:00Z,Championless (SI),2,0.5
2026-09-20T10:00:00Z,Nilah/Twisted Fate (BW/PZ),0,0
2026-09-20T10:00:00Z,Ashe (FR/PZ),2,0.5
2026-09-20T10:00:00Z,Braum/Zoe (FR/MT),0,0
2026-09-20T10:00:00Z,Ashe/LeBlanc (FR/NX),0,0
2026-09-20T10:00:00Z,Darius/Gwen (NX/SI),0,0
2026-09-20T10:00:00Z,Annie/Jhin (RU/NX),0,0
2026-09-20T10:00:00Z,Darius/Gnar (FR/NX),0,0
2026-09-20T10:00:00Z,Akshan/Sivir (DE/SH),0,0
2026-09-20T10:00:00Z,Akshan/Samira (NX/SH),0,0
2026-09-20T11:00:00Z,Other,3,0.5
2026-09-20T11:00:00Z,Gnar/Nidalee (BC/SH),0,0
2026-09-20T11:00:00Z,Garen/Udyr (DE/FR),0,0
2026-09-20T11:00:00Z,Championless (SI),0,0
2026-09-20T11:00:00Z,Nilah/Twisted Fate (BW/PZ),0,0
2026-09-20T11:00:00Z,Ashe (FR/PZ),1,0.166666666666667
2026-09-20T11:00:00Z,Braum/Zoe (FR/MT),0,0
2026-09-20T11:00:00Z,Ashe/LeBlanc (FR/NX),2,0.333333333333333
2026-09-20T11:00:00Z,Darius/Gwen (NX/SI),0,0
2026-09-20T11:00:00Z,Annie/Jhin (RU/NX),0,0
2026-09-20T11:00:00Z,Darius/Gnar (FR/NX),0,0
2026-09-20T11:00:00Z,Akshan/Sivir (DE/SH),0,0
2026-09-20T11:00:00Z,Akshan/Samira (NX/SH),0,0
2026-09-20T12:00:00Z,Other,3,0.75
2026-09-20T12:00:00Z,Gnar/Nidalee (BC/SH),0,0
2026-09-20T12:00:00Z,Garen/Udyr (DE/FR),0,0
2026-09-20T12:00:00Z,Championless (SI),0,0
2026-09-20T12:00:00Z,Nilah/Twisted Fate (BW/PZ),0,0
2026-09-20T12:00:00Z,Ashe (FR/PZ),1,0.25
2026-09-20T12:00:00Z,Braum/Zoe (FR/MT),0,0
2026-09-20T12:00:00Z,Ashe/LeBlanc (FR/NX),0,0
2026-09-20T12:00:00Z,Darius/Gwen (NX/SI),0,0
2026-09-20T12:00:00Z,Annie/Jhin (RU/NX),0,0
2026-09-20T12:00:00Z,Darius/Gnar (FR/NX),0,0
2026-09-20T12:00:00Z,Akshan/Sivir (DE/SH),0,0
2026-09-20T12:00:00Z,Akshan/Samira (NX/SH),0,0
2026-09-20T13:00:00Z,Other,1,0.25
2026-09-20T13:00:00Z,Gnar/Nidalee (BC/SH),0,0
2026-09-20T13:00:00Z,Garen/Udyr (DE/FR),0,0
2026-09-20T13:00:00Z,Championless (SI),0,0
2026-09-20T13:00:00Z,Nilah/Twisted Fate (BW/PZ),1,0.25
2026-09-20T13:00:00Z,Ashe (FR/PZ),1,0.25
2026-09-20T13:00:00Z,Braum/Zoe (FR/MT),0,0
2026-09-20T13:00:00Z,Ashe/LeBlanc (FR/NX),1,0.25
2026-09-20T13:00:00Z,Darius/Gwen (NX/SI),0,0
2026-09-20T13:00:00Z,Annie/Jhin (RU/NX),0,0
2026-09-20T13:00:00Z,Darius/Gnar (FR/NX),0,0
2026-09-20T13:00:00Z,Akshan/Sivir (DE/SH),0,0
2026-09-20T13:00:00Z,Akshan/Samira (NX/SH),0,0
2026-09-20T14:00:00Z,Other,1,0.25
2026-09-20T14:00:00Z,Gnar/Nidalee (BC/SH),0,0
2026-09-20T14:00:00Z,Garen/Udyr (DE/FR),0,0
2026-09-20T14:00:00Z,Championless (SI),0,0
2026-09-20T14:00:00Z,Nilah/Twisted Fate (BW/PZ),0,0
2026-09-20T14:00:00Z,Ashe (FR/PZ),3,0.75
2026-09-20T14:00:00Z,Braum/Zoe (FR/MT),0,0
2026-09-20T14:00:00Z,Ashe/LeBlanc (FR/NX),0,0
2026-09-20T14:00:00Z,Darius/Gwen (NX/SI),0,0
2026-09-20T14:00:00Z,Annie/Jhin (RU/NX),0,0
2026-09-20T14:00:00Z,Darius/Gnar (FR/NX),0,0
2026-09-20T14:00:00Z,Akshan/Sivir (DE/SH),0,0
2026-09-20T14:00:00Z,Akshan/Samira (NX/SH),0,0
2026-09-20T15:00:00Z,Other,0,0
2026-09-20T15:00:00Z,Gnar/Nidalee (BC/SH),0,0
2026-09-20T15:00:00Z,Garen/Udyr (DE/FR),1,0.5
2026-09-20T15:00:00Z,Championless (SI),0,0
2026-09-20T15:00:00Z,Nilah/Twisted Fate (BW/PZ),0,0
2026-09-20T15:00:00Z,Ashe (FR/PZ),0,0
2026-09-20T15:00:00Z,Braum/Zoe (FR/MT),0,0
2026-09-20T15:00:00Z,Ashe/LeBlanc (FR/NX),0,0
2026-09-20T15:00:00Z,Darius/Gwen (NX/SI),0,0
2026-09-20T15:00:00Z,Annie/Jhin (RU/NX),0,0
2026-09-20T15:00:00Z,Darius/Gnar (FR/NX),0,0
2026-09-20T15:00:00Z,Akshan/Sivir (DE/SH),0,0
2026-09-20T15:00:00Z,Akshan/Samira (NX/SH),1,0.5
2026-09-20T16:00:00Z,Other,8,0.5
2026-09-20T16:00:00Z,Gnar/Nidalee (BC/SH),1,0.0625
2026-09-20T16:00:00Z,Garen/Udyr (DE/FR),2,0.125
2026-09-20T16:00:00Z,Championless (SI),0,0
2026-09-20T16:00:00Z,Nilah/Twisted Fate (BW/PZ),0,0
2026-09-20T16:00:00Z,Ashe (FR/PZ),1,0.0625
2026-09-20T16:00:00Z,Braum/Zoe (FR/MT),1,0.0625
2026-09-20T16:00:00Z,Ashe/LeBlanc (FR/NX),1,0.0625
2026-09-20T16:00:00Z,Darius/Gwen (NX/SI),2,0.125
2026-09-20T16:00:00Z,Annie/Jhin (RU/NX),0,0
2026-09-20T16:00:00Z,Darius/Gnar (FR/NX),0,0
2026-09-20T16:00:00Z,Akshan/Sivir (DE/SH),0,0
2026-09-20T16:00:00Z,Akshan/Samira (NX/SH),0,0
2026-09-20T17:00:00Z,Other,1,0.5
2026-09-20T17:00:00Z,Gnar/Nidalee (BC/SH),0,0
2026-09-20T17:00:00Z,Garen/Udyr (DE/FR),0,0
2026-09-20T17:00:00Z,Championless (SI),0,0
2026-09-20T17:00:00Z,Nilah/Twisted Fate (BW/PZ),0,0
2026-09-20T17:00:00Z,Ashe (FR/PZ),0,0
2026-09-20T17:00:00Z,Braum/Zoe (FR/MT),1,0.5
2026-09-20T17:00:00Z,Ashe/LeBlanc (FR/NX),0,0
2026-09-20T17:00:00Z,Darius/Gwen (NX/SI),0,0
2026-09-20T17:00:00Z,Annie/Jhin (RU/NX),0,0
2026-09-20T17:00:00Z,Darius/Gnar (FR/NX),0,0
2026-09-20T17:00:00Z,Akshan/Sivir (DE/SH),0,0
2026-09-20T17:00:00Z,Akshan/Samira (NX/SH),0,0
2026-09-20T18:00:00Z,Other,3,0.5
2026-09-20T18:00:00Z,Gnar/Nidalee (BC/SH),0,0
2026-09-20T18:00:00Z,Garen/Udyr (DE/FR),0,0
2026-09-20T18:00:00Z,Championless (SI),0,0
2026-09-20T18:00:00Z,Nilah/Twisted Fate (BW/PZ),0,0
2026-09-20T18:00:00Z,Ashe (FR/PZ),1,0.166666666666667
2026-09-20T18:00:00Z,Braum/Zoe (FR/MT),1,0.166666666666667
2026-09-20T18:00:00Z,Ashe/LeBlanc (FR/NX),0,0
2026-09-20T18:00:00Z,Darius/Gwen (NX/SI),1,0.166666666666667
2026-09-20T18:00:00Z,Annie/Jhin (RU/NX),0,0
2026-09-20T18:00:00Z,Darius/Gnar (FR/NX),0,0
2026-09-20T18:00:00Z,Akshan/Sivir (DE/SH),0,0
2026-09-20T18:00:00Z,Akshan/Samira (NX/SH),0,0
2026-09-20T19:00:00Z,Other,9,0.5
2026-09-20T19:00:00Z,Gnar/Nidalee (BC/SH),0,0
2026-09-20T19:00:00Z,Garen/Udyr (DE/FR),0,0
2026-09-20T19:00:00Z,Championless (SI),0,0
2026-09-20T19:00:00Z,Nilah/Twisted Fate (BW/PZ),2,0.111111111111111
2026-09-20T19:00:00Z,Ashe (FR/PZ),2,0.111111111111111
2026-09-20T19:00:00Z,Braum/Zoe (FR/MT),3,0.166666666666667
2026-09-20T19:00:00Z,Ashe/LeBlanc (FR/NX),2,0.111111111111111
2026-09-20T19:00:00Z,Darius/Gwen (NX/SI),0,0
2026-09-20T19:00:00Z,Annie/Jhin (RU/NX),0,0
2026-09-20T19:00:00Z,Darius/Gnar (FR/NX),0,0
2026-09-20T19:00:00Z,Akshan/Sivir (DE/SH),0,0
2026-09-20T19:00:00Z,Akshan/Samira (NX/SH),0,0
2026-09-20T20:00:00Z,Other,4,0.4
2026-09-20T20:00:00Z,Gnar/Nidalee (BC/SH),0,0
2026-09-20T20:00:00Z,Garen/Udyr (DE/FR),0,0
2026-09-20T20:00:00Z,Championless (SI),0,0
2026-09-20T20:00:00Z,Nilah/Twisted Fate (BW/PZ),0,0
2026-09-20T20:00:00Z,Ashe (FR/PZ),1,0.1
2026-09-20T20:00:00Z,Braum/Zoe (FR/MT),1,0.1
2026-09-20T20:00:00Z,Ashe/LeBlanc (FR/NX),2,0.2
2026-09-20T20:00:00Z,Darius/Gwen (NX/SI),2,0.2
2026-09-20T20:00:00Z,Annie/Jhin (RU/NX),0,0
2026-09-20T20:00:00Z,Darius/Gnar (FR/NX),0,0
2026-09-20T20:00:00Z,Akshan/Sivir (DE/SH),0,0
2026-09-20T20:00:00Z,Akshan/Samira (NX/SH),0,0
2026-09-20T21:00:00Z,Other,9,0.75
2026-09-20T21:00:00Z,Gnar/Nidalee (BC/SH),0,0
2026-09-20T21:00:00Z,Garen/Udyr (DE/FR),0,0
2026-09-20T21:00:00Z,Championless (SI),0,0
2026-09-20T21:00:00Z,Nilah/Twisted Fate (BW/PZ),2,0.166666666666667
2026-09-20T21:00:00Z,Ashe (FR/PZ),1,0.0833333333333333
2026-09-20T21:00:00Z,Braum/Zoe (FR/MT),0,0
2026-09-20T21:00:00Z,Ashe/LeBlanc (FR/NX),0,0
2026-09-20T21:00:00Z,Darius/Gwen (NX/SI),0,0
2026-09-20T21:00:00Z,Annie/Jhin (RU/NX),0,0
2026-09-20T21:00:00Z,Darius/Gnar (FR/NX),0,0
2026-09-20T21:00:00Z,Akshan/Sivir (DE/SH),0,0
2026-09-20T21:00:00Z,Akshan/Samira (NX/SH),0,0
2026-09-20T22:00:00Z,Other,1,0.125
2026-09-20T22:00:00Z,Gnar/Nidalee (BC/SH),0,0
2026-09-20T22:00:00Z,Garen/Udyr (DE/FR),0,0
2026-09-20T22:00:00Z,Championless (SI),2,0.25
2026-09-20T22:00:00Z,Nilah/Twisted Fate (BW/PZ),0,0
2026-09-20T22:00:00Z,Ashe (FR/PZ),0,0
2026-09-20T22:00:00Z,Braum/Zoe (FR/MT),3,0.375
2026-09-20T22:00:00Z,Ashe/LeBlanc (FR/NX),1,0.125
2026-09-20T22:00:00Z,Darius/Gwen (NX/SI),0,0
2026-09-20T22:00:00Z,Annie/Jhin (RU/NX),1,0.125
2026-09-20T22:00:00Z,Darius/Gnar (FR/NX),0,0
2026-09-20T22:00:00Z,Akshan/Sivir (DE/SH),0,0
2026-09-20T22:00:00Z,Akshan/Samira (NX/SH),0,0
2026-09-20T23:00:00Z,Other,7,0.583333333333333
2026-09-20T23:00:00Z,Gnar/Nidalee (BC/SH),0,0
2026-09-20T23:00:00Z,Garen/Udyr (DE/FR),0,0
2026-09-20T23:00:00Z,Championless (SI),0,0
2026-09-20T23:00:00Z,Nilah/Twisted Fate (BW/PZ),0,0
2026-09-20T23:00:00Z,Ashe (FR/PZ),1,0.0833333333333333
2026-09-20T23:00:00Z,Braum/Zoe (FR/MT),1,0.0833333333333333
2026-09-20T23:00:00Z,Ashe/LeBlanc (FR/NX),0,0
2026-09-20T23:00:00Z,Darius/Gwen (NX/SI),0,0
2026-09-20T23:00:00Z,Annie/Jhin (RU/NX),0,0
2026-09-20T23:00:00Z,Darius/Gnar (FR/NX),0,0
2026-09-20T23:00:00Z,Akshan/Sivir (DE/SH),3,0.25
2026-09-20T23:00:00Z,Akshan/Samira (NX/SH),0,0
2026-09-21T00:00:00Z,Other,7,0.4375
2026-09-21T00:00:00Z,Gnar/Nidalee (BC/SH),0,0
2026-09-21T00:00:00Z,Garen/Udyr (DE/FR),0,0
2026-09-21T00:00:00Z,Championless (SI),1,0.0625
2026-09-21T00:00:00Z,Nilah/Twisted Fate (BW/PZ),1,0.0625
2026-09-21T00:00:00Z,Ashe (FR/PZ),1,0.0625
2026-09-21T00:00:00Z,Braum/Zoe (FR/MT),1,0.0625
2026-09-21T00:00:00Z,Ashe/LeBlanc (FR/NX),3,0.1875
2026-09-21T00:00:00Z,Darius/Gwen (NX/SI),0,0
2026-09-21T00:00:00Z,Annie/Jhin (RU/NX),0,0
2026-09-21T00:00:00Z,Darius/Gnar (FR/NX),0,0
2026-09-21T00:00:00Z,Akshan/Sivir (DE/SH),2,0.125
2026-09-21T00:00:00Z,Akshan/Samira (NX/SH),0,0
2026-09-21T01:00:00Z,Other,3,0.5
2026-09-21T01:00:00Z,Gnar/Nidalee (BC/SH),0,0
2026-09-21T01:00:00Z,Garen/Udyr (DE/FR),0,0
2026-09-21T01:00:00Z,Championless (SI),0,0
2026-09-21T01:00:00Z,Nilah/Twisted Fate (BW/PZ),0,0
2026-09-21T01:00:00Z,Ashe (FR/PZ),2,0.333333333333333
2026-09-21T01:00:00Z,Braum/Zoe (FR/MT),0,0
2026-09-21T01:00:00Z,Ashe/LeBlanc (FR/NX),0,0
2026-09-21T01:00:00Z,Darius/Gwen (NX/SI),0,0
2026-09-21T01:00:00Z,Annie/Jhin (RU/NX),0,0
2026-09-21T01:00:00Z,Darius/Gnar (FR/NX),0,0
2026-09-21T01:00:00Z,Akshan/Sivir (DE/SH),0,0
2026-09-21T01:00:00Z,Akshan/Samira (NX/SH),1,0.166666666666667
2026-09-21T02:00:00Z,Other,1,0.5
2026-09-21T02:00:00Z,Gnar/Nidalee (BC/SH),0,0
2026-09-21T02:00:00Z,Garen/Udyr (DE/FR),0,0
2026-09-21T02:00:00Z,Championless (SI),0,0
2026-09-21T02:00:00Z,Nilah/Twisted Fate (BW/PZ),0,0
2026-09-21T02:00:00Z,Ashe (FR/PZ),1,0.5
2026-09-21T02:00:00Z,Braum/Zoe (FR/MT),0,0
2026-09-21T02:00:00Z,Ashe/LeBlanc (FR/NX),0,0
2026-09-21T02:00:00Z,Darius/Gwen (NX/SI),0,0
2026-09-21T02:00:00Z,Annie/Jhin (RU/NX),0,0
2026-09-21T02:00:00Z,Darius/Gnar (FR/NX),0,0
2026-09-21T02:00:00Z,Akshan/Sivir (DE/SH),0,0
2026-09-21T02:00:00Z,Akshan/Samira (NX/SH),0,0
2026-09-21T03:00:00Z,Other,1,0.5
2026-09-21T03:00:00Z,Gnar/Nidalee (BC/SH),0,0
2026-09-21T03:00:00Z,Garen/Udyr (DE/FR),0,0
2026-09-21T03:00:00Z,Championless (SI),0,0
2026-09-21T03:00:00Z,Nilah/Twisted Fate (BW/PZ),0,0
2026-09-21T03:00:00Z,Ashe (FR/PZ),0,0
2026-09-21T03:00:00Z,Braum/Zoe (FR/MT),0,0
2026-09-21T03:00:00Z,Ashe/LeBlanc (FR/NX),0,0
2026-09-21T03:00:00Z,Darius/Gwen (NX/SI),0,0
2026-09-21T03:00:00Z,Annie/Jhin (RU/NX),1,0.5
2026-09-21T03:00:00Z,Darius/Gnar (FR/NX),0,0
2026-09-21T03:00:00Z,Akshan/Sivir (DE/SH),0,0
2026-09-21T03:00:00Z,Akshan/Samira (NX/SH),0,0
2026-09-21T04:00:00Z,Other,5,0.5
2026-09-21T04:00:00Z,Gnar/Nidalee (BC/SH),0,0
2026-09-21T04:00:00Z,Garen/Udyr (DE/FR),2,0.2
2026-09-21T04:00:00Z,Championless (SI),0,0
2026-09-21T04:00:00Z,Nilah/Twisted Fate (BW/PZ),0,0
2026-09-21T04:00:00Z,Ashe (FR/PZ),1,0.1
2026-09-21T04:00:00Z,Braum/Zoe (FR/MT),0,0
2026-09-21T04:00:00Z,Ashe/LeBlanc (FR/NX),1,0.1
2026-09-21T04:00:00Z,Darius/Gwen (NX/SI),0,0
2026-09-21T04:00:00Z,Annie/Jhin (RU/NX),0,0
2026-09-21T04:00:00Z,Darius/Gnar (FR/NX),0,0
2026-09-21T04:00:00Z,Akshan/Sivir (DE/SH),1,0.1
2026-09-21T04:00:00Z,Akshan/Samira (NX/SH),0,0
2026-09-21T05:00:00Z,Other,2,0.333333333333333
2026-09-21T05:00:00Z,Gnar/Nidalee (BC/SH),0,0
2026-09-21T05:00:00Z,Garen/Udyr (DE/FR),0,0
2026-09-21T05:00:00Z,Championless (SI),1,0.166666666666667
2026-09-21T05:00:00Z,Nilah/Twisted Fate (BW/PZ),0,0
2026-09-21T05:00:00Z,Ashe (FR/PZ),0,0
2026-09-21T05:00:00Z,Braum/Zoe (FR/MT),1,0.166666666666667
2026-09-21T05:00:00Z,Ashe/LeBlanc (FR/NX),2,0.333333333333333
2026-09-21T05:00:00Z,Darius/Gwen (NX/SI),0,0
2026-09-21T05:00:00Z,Annie/Jhin (RU/NX),0,0
2026-09-21T05:00:00Z,Darius/Gnar (FR/NX),0,0
2026-09-21T05:00:00Z,Akshan/Sivir (DE/SH),0,0
2026-09-21T05:00:00Z,Akshan/Samira (NX/SH),0,0
2026-09-21T06:00:00Z,Other,2,0.25
2026-09-21T06:00:00Z,Gnar/Nidalee (BC/SH),0,0
2026-09-21T06:00:00Z,Garen/Udyr (DE/FR),1,0.125
2026-09-21T06:00:00Z,Championless (SI),0,0
2026-09-21T06:00:00Z,Nilah/Twisted Fate (BW/PZ),0,0
2026-09-21T06:00:00Z,Ashe (FR/PZ),1,0.125
2026-09-21T06:00:00Z,Braum/Zoe (FR/MT),2,0.25
2026-09-21T06:00:00Z,Ashe/LeBlanc (FR/NX),1,0.125
2026-09-21T06:00:00Z,Darius/Gwen (NX/SI),0,0
2026-09-21T06:00:00Z,Annie/Jhin (RU/NX),1,0.125
2026-09-21T06:00:00Z,Darius/Gnar (FR/NX),0,0
2026-09-21T06:00:00Z,Akshan/Sivir (DE/SH),0,0
2026-09-21T06:00:00Z,Akshan/Samira (NX/SH),0,0
2026-09-21T08:00:00Z,Other,4,0.333333333333333
2026-09-21T08:00:00Z,Gnar/Nidalee (BC/SH),0,0
2026-09-21T08:00:00Z,Garen/Udyr (DE/FR),0,0
2026-09-21T08:00:00Z,Championless (SI),1,0.0833333333333333
2026-09-21T08:00:00Z,Nilah/Twisted Fate (BW/PZ),1,0.0833333333333333
2026-09-21T08:00:00Z,Ashe (FR/PZ),1,0.0833333333333333
2026-09-21T08:00:00Z,Braum/Zoe (FR/MT),3,0.25
2026-09-21T08:00:00Z,Ashe/LeBlanc (FR/NX),1,0.0833333333333333
2026-09-21T08:00:00Z,Darius/Gwen (NX/SI),0,0
2026-09-21T08:00:00Z,Annie/Jhin (RU/NX),1,0.0833333333333333
2026-09-21T08:00:00Z,Darius/Gnar (FR/NX),0,0
2026-09-21T08:00:00Z,Akshan/Sivir (DE/SH),0,0
2026-09-21T08:00:00Z,Akshan/Samira (NX/SH),0,0
2026-09-21T09:00:00Z,Other,2,0.333333333333333
2026-09-21T09:00:00Z,Gnar/Nidalee (BC/SH),0,0
2026-09-21T09:00:00Z,Garen/Udyr (DE/FR),0,0
2026-09-21T09:00:00Z,Championless (SI),2,0.333333333333333
2026-09-21T09:00:00Z,Nilah/Twisted Fate (BW/PZ),0,0
2026-09-21T09:00:00Z,Ashe (FR/PZ),0,0
2026-09-21T09:00:00Z,Braum/Zoe (FR/MT),0,0
2026-09-21T09:00:00Z,Ashe/LeBlanc (FR/NX),2,0.333333333333333
2026-09-21T09:00:00Z,Darius/Gwen (NX/SI),0,0
2026-09-21T09:00:00Z,Annie/Jhin (RU/NX),0,0
2026-09-21T09:00:00Z,Darius/Gnar (FR/NX),0,0
2026-09-21T09:00:00Z,Akshan/Sivir (DE/SH),0,0
2026-09-21T09:00:00Z,Akshan/Samira (NX/SH),0,0
2026-09-21T10:00:00Z,Other,1,0.25
2026-09-21T10:00:00Z,Gnar/Nidalee (BC/SH),1,0.25
2026-09-21T10:00:00Z,Garen/Udyr (DE/FR),0,0
2026-09-21T10:00:00Z,Championless (SI),0,0
2026-09-21T10:00:00Z,Nilah/Twisted Fate (BW/PZ),0,0
2026-09-21T10:00:00Z,Ashe (FR/PZ),1,0.25
2026-09-21T10:00:00Z,Braum/Zoe (FR/MT),0,0
2026-09-21T10:00:00Z,Ashe/LeBlanc (FR/NX),1,0.25
2026-09-21T10:00:00Z,Darius/Gwen (NX/SI),0,0
2026-09-21T10:00:00Z,Annie/Jhin (RU/NX),0,0
2026-09-21T10:00:00Z,Darius/Gnar (FR/NX),0,0
2026-09-21T10:00:00Z,Akshan/Sivir (DE/SH),0,0
2026-09-21T10:00:00Z,Akshan/Samira (NX/SH),0,0
2026-09-21T11:00:00Z,Other,9,0.346153846153846
2026-09-21T11:00:00Z,Gnar/Nidalee (BC/SH),2,0.0769230769230769
2026-09-21T11:00:00Z,Garen/Udyr (DE/FR),0,0
2026-09-21T11:00:00Z,Championless (SI),2,0.0769230769230769
2026-09-21T11:00:00Z,Nilah/Twisted Fate (BW/PZ),0,0
2026-09-21T11:00:00Z,Ashe (FR/PZ),3,0.115384615384615
2026-09-21T11:00:00Z,Braum/Zoe (FR/MT),3,0.115384615384615
2026-09-21T11:00:00Z,Ashe/LeBlanc (FR/NX),3,0.115384615384615
2026-09-21T11:00:00Z,Darius/Gwen (NX/SI),4,0.153846153846154
2026-09-21T11:00:00Z,Annie/Jhin (RU/NX),0,0
2026-09-21T11:00:00Z,Darius/Gnar (FR/NX),0,0
2026-09-21T11:00:00Z,Akshan/Sivir (DE/SH),0,0
2026-09-21T11:00:00Z,Akshan/Samira (NX/SH),0,0
2026-09-21T12:00:00Z,Other,9,0.9
2026-09-21T12:00:00Z,Gnar/Nidalee (BC/SH),0,0
2026-09-21T12:00:00Z,Garen/Udyr (DE/FR),0,0
2026-09-21T12:00:00Z,Championless (SI),0,0
2026-09-21T12:00:00Z,Nilah/Twisted Fate (BW/PZ),1,0.1
2026-09-21T12:00:00Z,Ashe (FR/PZ),0,0
2026-09-21T12:00:00Z,Braum/Zoe (FR/MT),0,0
2026-09-21T12:00:00Z,Ashe/LeBlanc (FR/NX),0,0
2026-09-21T12:00:00Z,Darius/Gwen (NX/SI),0,0
2026-09-21T12:00:00Z,Annie/Jhin (RU/NX),0,0
2026-09-21T12:00:00Z,Darius/Gnar (FR/NX),0,0
2026-09-21T12:00:00Z,Akshan/Sivir (DE/SH),0,0
2026-09-21T12:00:00Z,Akshan/Samira (NX/SH),0,0
2026-09-21T13:00:00Z,Other,8,0.571428571428571
2026-09-21T13:00:00Z,Gnar/Nidalee (BC/SH),1,0.0714285714285714
2026-09-21T13:00:00Z,Garen/Udyr (DE/FR),0,0
2026-09-21T13:00:00Z,Championless (SI),0,0
2026-09-21T13:00:00Z,Nilah/Twisted Fate (BW/PZ),0,0
2026-09-21T13:00:00Z,Ashe (FR/PZ),1,0.0714285714285714
2026-09-21T13:00:00Z,Braum/Zoe (FR/MT),1,0.0714285714285714
2026-09-21T13:00:00Z,Ashe/LeBlanc (FR/NX),0,0
2026-09-21T13:00:00Z,Darius/Gwen (NX/SI),0,0
2026-09-21T13:00:00Z,Annie/Jhin (RU/NX),3,0.214285714285714
2026-09-21T13:00:00Z,Darius/Gnar (FR/NX),0,0
2026-09-21T13:00:00Z,Akshan/Sivir (DE/SH),0,0
2026-09-21T13:00:00Z,Akshan/Samira (NX/SH),0,0
2026-09-21T14:00:00Z,Other,7,0.388888888888889
2026-09-21T14:00:00Z,Gnar/Nidalee (BC/SH),0,0
2026-09-21T14:00:00Z,Garen/Udyr (DE/FR),0,0
2026-09-21T14:00:00Z,Championless (SI),1,0.0555555555555556
2026-09-21T14:00:00Z,Nilah/Twisted Fate (BW/PZ),1,0.0555555555555556
2026-09-21T14:00:00Z,Ashe (FR/PZ),2,0.111111111111111
2026-09-21T14:00:00Z,Braum/Zoe (FR/MT),2,0.111111111111111
2026-09-21T14:00:00Z,Ashe/LeBlanc (FR/NX),4,0.222222222222222
2026-09-21T14:00:00Z,Darius/Gwen (NX/SI),1,0.0555555555555556
2026-09-21T14:00:00Z,Annie/Jhin (RU/NX),0,0
2026-09-21T14:00:00Z,Darius/Gnar (FR/NX),0,0
2026-09-21T14:00:00Z,Akshan/Sivir (DE/SH),0,0
2026-09-21T14:00:00Z,Akshan/Samira (NX/SH),0,0
2026-09-21T15:00:00Z,Other,4,0.25
2026-09-21T15:00:00Z,Gnar/Nidalee (BC/SH),0,0
2026-09-21T15:00:00Z,Garen/Udyr (DE/FR),1,0.0625
2026-09-21T15:00:00Z,Championless (SI),0,0
2026-09-21T15:00:00Z,Nilah/Twisted Fate (BW/PZ),0,0
2026-09-21T15:00:00Z,Ashe (FR/PZ),4,0.25
2026-09-21T15:00:00Z,Braum/Zoe (FR/MT),3,0.1875
2026-09-21T15:00:00Z,Ashe/LeBlanc (FR/NX),3,0.1875
2026-09-21T15:00:00Z,Darius/Gwen (NX/SI),0,0
2026-09-21T15:00:00Z,Annie/Jhin (RU/NX),0,0
2026-09-21T15:00:00Z,Darius/Gnar (FR/NX),0,0
2026-09-21T15:00:00Z,Akshan/Sivir (DE/SH),1,0.0625
2026-09-21T15:00:00Z,Akshan/Samira (NX/SH),0,0
2026-09-21T16:00:00Z,Other,4,0.333333333333333
2026-09-21T16:00:00Z,Gnar/Nidalee (BC/SH),0,0
2026-09-21T16:00:00Z,Garen/Udyr (DE/FR),1,0.0833333333333333
2026-09-21T16:00:00Z,Championless (SI),1,0.0833333333333333
2026-09-21T16:00:00Z,Nilah/Twisted Fate (BW/PZ),2,0.166666666666667
2026-09-21T16:00:00Z,Ashe (FR/PZ),1,0.0833333333333333
2026-09-21T16:00:00Z,Braum/Zoe (FR/MT),1,0.0833333333333333
2026-09-21T16:00:00Z,Ashe/LeBlanc (FR/NX),1,0.0833333333333333
2026-09-21T16:00:00Z,Darius/Gwen (NX/SI),0,0
2026-09-21T16:00:00Z,Annie/Jhin (RU/NX),0,0
2026-09-21T16:00:00Z,Darius/Gnar (FR/NX),0,0
2026-09-21T16:00:00Z,Akshan/Sivir (DE/SH),0,0
2026-09-21T16:00:00Z,Akshan/Samira (NX/SH),1,0.0833333333333333
2026-09-21T17:00:00Z,Other,10,0.625
2026-09-21T17:00:00Z,Gnar/Nidalee (BC/SH),0,0
2026-09-21T17:00:00Z,Garen/Udyr (DE/FR),0,0
2026-09-21T17:00:00Z,Championless (SI),0,0
2026-09-21T17:00:00Z,Nilah/Twisted Fate (BW/PZ),1,0.0625
2026-09-21T17:00:00Z,Ashe (FR/PZ),2,0.125
2026-09-21T17:00:00Z,Braum/Zoe (FR/MT),0,0
2026-09-21T17:00:00Z,Ashe/LeBlanc (FR/NX),0,0
2026-09-21T17:00:00Z,Darius/Gwen (NX/SI),1,0.0625
2026-09-21T17:00:00Z,Annie/Jhin (RU/NX),0,0
2026-09-21T17:00:00Z,Darius/Gnar (FR/NX),2,0.125
2026-09-21T17:00:00Z,Akshan/Sivir (DE/SH),0,0
2026-09-21T17:00:00Z,Akshan/Samira (NX/SH),0,0
2026-09-21T18:00:00Z,Other,3,0.3
2026-09-21T18:00:00Z,Gnar/Nidalee (BC/SH),1,0.1
2026-09-21T18:00:00Z,Garen/Udyr (DE/FR),1,0.1
2026-09-21T18:00:00Z,Championless (SI),0,0
2026-09-21T18:00:00Z,Nilah/Twisted Fate (BW/PZ),0,0
2026-09-21T18:00:00Z,Ashe (FR/PZ),1,0.1
2026-09-21T18:00:00Z,Braum/Zoe (FR/MT),0,0
2026-09-21T18:00:00Z,Ashe/LeBlanc (FR/NX),2,0.2
2026-09-21T18:00:00Z,Darius/Gwen (NX/SI),2,0.2
2026-09-21T18:00:00Z,Annie/Jhin (RU/NX),0,0
2026-09-21T18:00:00Z,Darius/Gnar (FR/NX),0,0
2026-09-21T18:00:00Z,Akshan/Sivir (DE/SH),0,0
2026-09-21T18:00:00Z,Akshan/Samira (NX/SH),0,0
2026-09-21T19:00:00Z,Other,8,0.444444444444444
2026-09-21T19:00:00Z,Gnar/Nidalee (BC/SH),1,0.0555555555555556
2026-09-21T19:00:00Z,Garen/Udyr (DE/FR),1,0.0555555555555556
2026-09-21T19:00:00Z,Championless (SI),0,0
2026-09-21T19:00:00Z,Nilah/Twisted Fate (BW/PZ),1,0.0555555555555556
2026-09-21T19:00:00Z,Ashe (FR/PZ),4,0.222222222222222
2026-09-21T19:00:00Z,Braum/Zoe (FR/MT),1,0.0555555555555556
2026-09-21T19:00:00Z,Ashe/LeBlanc (FR/NX),1,0.0555555555555556
2026-09-21T19:00:00Z,Darius/Gwen (NX/SI),0,0
2026-09-21T19:00:00Z,Annie/Jhin (RU/NX),1,0.0555555555555556
2026-09-21T19:00:00Z,Darius/Gnar (FR/NX),0,0
2026-09-21T19:00:00Z,Akshan/Sivir (DE/SH),0,0
2026-09-21T19:00:00Z,Akshan/Samira (NX/SH),0,0
2026-09-21T20:00:00Z,Other,7,0.5
2026-09-21T20:00:00Z,Gnar/Nidalee (BC/SH),0,0
2026-09-21T20:00:00Z,Garen/Udyr (DE/FR),0,0
2026-09-21T20:00:00Z,Championless (SI),0,0
2026-09-21T20:00:00Z,Nilah/Twisted Fate (BW/PZ),0,0
2026-09-21T20:00:00Z,Ashe (FR/PZ),1,0.0714285714285714
2026-09-21T20:00:00Z,Braum/Zoe (FR/MT),1,0.0714285714285714
2026-09-21T20:00:00Z,Ashe/LeBlanc (FR/NX),3,0.214285714285714
2026-09-21T20:00:00Z,Darius/Gwen (NX/SI),1,0.0714285714285714
2026-09-21T20:00:00Z,Annie/Jhin (RU/NX),0,0
2026-09-21T20:00:00Z,Darius/Gnar (FR/NX),1,0.0714285714285714
2026-09-21T20:00:00Z,Akshan/Sivir (DE/SH),0,0
2026-09-21T20:00:00Z,Akshan/Samira (NX/SH),0,0
2026-09-21T21:00:00Z,Other,2,0.5
2026-09-21T21:00:00Z,Gnar/Nidalee (BC/SH),0,0
2026-09-21T21:00:00Z,Garen/Udyr (DE/FR),0,0
2026-09-21T21:00:00Z,Championless (SI),0,0
2026-09-21T21:00:00Z,Nilah/Twisted Fate (BW/PZ),0,0
2026-09-21T21:00:00Z,Ashe (FR/PZ),1,0.25
2026-09-21T21:00:00Z,Braum/Zoe (FR/MT),0,0
2026-09-21T21:00:00Z,Ashe/LeBlanc (FR/NX),0,0
2026-09-21T21:00:00Z,Darius/Gwen (NX/SI),0,0
2026-09-21T21:00:00Z,Annie/Jhin (RU/NX),0,0
2026-09-21T21:00:00Z,Darius/Gnar (FR/NX),1,0.25
2026-09-21T21:00:00Z,Akshan/Sivir (DE/SH),0,0
2026-09-21T21:00:00Z,Akshan/Samira (NX/SH),0,0
2026-09-21T22:00:00Z,Other,3,0.75
2026-09-21T22:00:00Z,Gnar/Nidalee (BC/SH),0,0
2026-09-21T22:00:00Z,Garen/Udyr (DE/FR),0,0
2026-09-21T22:00:00Z,Championless (SI),1,0.25
2026-09-21T22:00:00Z,Nilah/Twisted Fate (BW/PZ),0,0
2026-09-21T22:00:00Z,Ashe (FR/PZ),0,0
2026-09-21T22:00:00Z,Braum/Zoe (FR/MT),0,0
2026-09-21T22:00:00Z,Ashe/LeBlanc (FR/NX),0,0
2026-09-21T22:00:00Z,Darius/Gwen (NX/SI),0,0
2026-09-21T22:00:00Z,Annie/Jhin (RU/NX),0,0
2026-09-21T22:00:00Z,Darius/Gnar (FR/NX),0,0
2026-09-21T22:00:00Z,Akshan/Sivir (DE/SH),0,0
2026-09-21T22:00:00Z,Akshan/Samira (NX/SH),0,0
2026-09-21T23:00:00Z,Other,1,0.5
2026-09-21T23:00:00Z,Gnar/Nidalee (BC/SH),0,0
2026-09-21T23:00:00Z,Garen/Udyr (DE/FR),0,0
2026-09-21T23:00:00Z,Championless (SI),0,0
2026-09-21T23:00:00Z,Nilah/Twisted Fate (BW/PZ),0,0
2026-09-21T23:00:00Z,Ashe (FR/PZ),1,0.5
2026-09-21T23:00:00Z,Braum/Zoe (FR/MT),0,0
2026-09-21T23:00:00Z,Ashe/LeBlanc (FR/NX),0,0
2026-09-21T23:00:00Z,Darius/Gwen (NX/SI),0,0
2026-09-21T23:00:00Z,Annie/Jhin (RU/NX),0,0
2026-09-21T23:00:00Z,Darius/Gnar (FR/NX),0,0
2026-09-21T23:00:00Z,Akshan/Sivir (DE/SH),0,0
2026-09-21T23:00:00Z,Akshan/Samira (NX/SH),0,0
2026-09-22T00:00:00Z,Other,0,0
2026-09-22T00:00:00Z,Gnar/Nidalee (BC/SH),0,0
2026-09-22T00:00:00Z,Garen/Udyr (DE/FR),0,0
2026-09-22T00:00:00Z,Championless (SI),0,0
2026-09-22T00:00:00Z,Nilah/Twisted Fate (BW/PZ),0,0
2026-09-22T00:00:00Z,Ashe (FR/PZ),0,0
2026-09-22T00:00:00Z,Braum/Zoe (FR/MT),1,0.5
2026-09-22T00:00:00Z,Ashe/LeBlanc (FR/NX),0,0
2026-09-22T00:00:00Z,Darius/Gwen (NX/SI),0,0
2026-09-22T00:00:00Z,Annie/Jhin (RU/NX),0,0
2026-09-22T00:00:00Z,Darius/Gnar (FR/NX),0,0
2026-09-22T00:00:00Z,Akshan/Sivir (DE/SH),1,0.5
2026-09-22T00:00:00Z,Akshan/Samira (NX/SH),0,0
2026-09-22T01:00:00Z,Other,3,0.3
2026-09-22T01:00:00Z,Gnar/Nidalee (BC/SH),1,0.1
2026-09-22T01:00:00Z,Garen/Udyr (DE/FR),0,0
2026-09-22T01:00:00Z,Championless (SI),1,0.1
2026-09-22T01:00:00Z,Nilah/Twisted Fate (BW/PZ),1,0.1
2026-09-22T01:00:00Z,Ashe (FR/PZ),0,0
2026-09-22T01:00:00Z,Braum/Zoe (FR/MT),1,0.1
2026-09-22T01:00:00Z,Ashe/LeBlanc (FR/NX),3,0.3
2026-09-22T01:00:00Z,Darius/Gwen (NX/SI),0,0
2026-09-22T01:00:00Z,Annie/Jhin (RU/NX),0,0
2026-09-22T01:00:00Z,Darius/Gnar (FR/NX),0,0
2026-09-22T01:00:00Z,Akshan/Sivir (DE/SH),0,0
2026-09-22T01:00:00Z,Akshan/Samira (NX/SH),0,0
2026-09-22T02:00:00Z,Other,5,0.5
2026-09-22T02:00:00Z,Gnar/Nidalee (BC/SH),0,0
2026-09-22T02:00:00Z,Garen/Udyr (DE/FR),1,0.1
2026-09-22T02:00:00Z,Championless (SI),0,0
2026-09-22T02:00:00Z,Nilah/Twisted Fate (BW/PZ),0,0
2026-09-22T02:00:00Z,Ashe (FR/PZ),0,0
2026-09-22T02:00:00Z,Braum/Zoe (FR/MT),3,0.3
2026-09-22T02:00:00Z,Ashe/LeBlanc (FR/NX),1,0.1
2026-09-22T02:00:00Z,Darius/Gwen (NX/SI),0,0
2026-09-22T02:00:00Z,Annie/Jhin (RU/NX),0,0
2026-09-22T02:00:00Z,Darius/Gnar (FR/NX),0,0
2026-09-22T02:00:00Z,Akshan/Sivir (DE/SH),0,0
2026-09-22T02:00:00Z,Akshan/Samira (NX/SH),0,0
2026-09-22T03:00:00Z,Other,6,0.6
2026-09-22T03:00:00Z,Gnar/Nidalee (BC/SH),0,0
2026-09-22T03:00:00Z,Garen/Udyr (DE/FR),0,0
2026-09-22T03:00:00Z,Championless (SI),0,0
2026-09-22T03:00:00Z,Nilah/Twisted Fate (BW/PZ),0,0
2026-09-22T03:00:00Z,Ashe (FR/PZ),1,0.1
2026-09-22T03:00:00Z,Braum/Zoe (FR/MT),0,0
2026-09-22T03:00:00Z,Ashe/LeBlanc (FR/NX),3,0.3
2026-09-22T03:00:00Z,Darius/Gwen (NX/SI),0,0
2026-09-22T03:00:00Z,Annie/Jhin (RU/NX),0,0
2026-09-22T03:00:00Z,Darius/Gnar (FR/NX),0,0
2026-09-22T03:00:00Z,Akshan/Sivir (DE/SH),0,0
2026-09-22T03:00:00Z,Akshan/Samira (NX/SH),0,0
2026-09-22T05:00:00Z,Other,1,0.166666666666667
2026-09-22T05:00:00Z,Gnar/Nidalee (BC/SH),0,0
2026-09-22T05:00:00Z,Garen/Udyr (DE/FR),0,0
2026-09-22T05:00:00Z,Championless (SI),0,0
2026-09-22T05:00:00Z,Nilah/Twisted Fate (BW/PZ),1,0.166666666666667
2026-09-22T05:00:00Z,Ashe (FR/PZ),0,0
2026-09-22T05:00:00Z,Braum/Zoe (FR/MT),0,0
2026-09-22T05:00:00Z,Ashe/LeBlanc (FR/NX),4,0.666666666666667
2026-09-22T05:00:00Z,Darius/Gwen (NX/SI),0,0
2026-09-22T05:00:00Z,Annie/Jhin (RU/NX),0,0
2026-09-22T05:00:00Z,Darius/Gnar (FR/NX),0,0
2026-09-22T05:00:00Z,Akshan/Sivir (DE/SH),0,0
2026-09-22T05:00:00Z,Akshan/Samira (NX/SH),0,0
2026-09-22T06:00:00Z,Other,2,0.5
2026-09-22T06:00:00Z,Gnar/Nidalee (BC/SH),1,0.25
2026-09-22T06:00:00Z,Garen/Udyr (DE/FR),0,0
2026-09-22T06:00:00Z,Championless (SI),0,0
2026-09-22T06:00:00Z,Nilah/Twisted Fate (BW/PZ),0,0
2026-09-22T06:00:00Z,Ashe (FR/PZ),0,0
2026-09-22T06:00:00Z,Braum/Zoe (FR/MT),0,0
2026-09-22T06:00:00Z,Ashe/LeBlanc (FR/NX),1,0.25
2026-09-22T06:00:00Z,Darius/Gwen (NX/SI),0,0
2026-09-22T06:00:00Z,Annie/Jhin (RU/NX),0,0
2026-09-22T06:00:00Z,Darius/Gnar (FR/NX),0,0
2026-09-22T06:00:00Z,Akshan/Sivir (DE/SH),0,0
2026-09-22T06:00:00Z,Akshan/Samira (NX/SH),0,0
2026-09-22T07:00:00Z,Other,3,0.75
2026-09-22T07:00:00Z,Gnar/Nidalee (BC/SH),0,0
2026-09-22T07:00:00Z,Garen/Udyr (DE/FR),0,0
2026-09-22T07:00:00Z,Championless (SI),1,0.25
2026-09-22T07:00:00Z,Nilah/Twisted Fate (BW/PZ),0,0
2026-09-22T07:00:00Z,Ashe (FR/PZ),0,0
2026-09-22T07:00:00Z,Braum/Zoe (FR/MT),0,0
2026-09-22T07:00:00Z,Ashe/LeBlanc (FR/NX),0,0
2026-09-22T07:00:00Z,Darius/Gwen (NX/SI),0,0
2026-09-22T07:00:00Z,Annie/Jhin (RU/NX),0,0
2026-09-22T07:00:00Z,Darius/Gnar (FR/NX),0,0
2026-09-22T07:00:00Z,Akshan/Sivir (DE/SH),0,0
2026-09-22T07:00:00Z,Akshan/Samira (NX/SH),0,0
2026-09-22T08:00:00Z,Other,3,0.5
2026-09-22T08:00:00Z,Gnar/Nidalee (BC/SH),0,0
2026-09-22T08:00:00Z,Garen/Udyr (DE/FR),1,0.166666666666667
2026-09-22T08:00:00Z,Championless (SI),0,0
2026-09-22T08:00:00Z,Nilah/Twisted Fate (BW/PZ),0,0
2026-09-22T08:00:00Z,Ashe (FR/PZ),2,0.333333333333333
2026-09-22T08:00:00Z,Braum/Zoe (FR/MT),0,0
2026-09-22T08:00:00Z,Ashe/LeBlanc (FR/NX),0,0
2026-09-22T08:00:00Z,Darius/Gwen (NX/SI),0,0
2026-09-22T08:00:00Z,Annie/Jhin (RU/NX),0,0
2026-09-22T08:00:00Z,Darius/Gnar (FR/NX),0,0
2026-09-22T08:00:00Z,Akshan/Sivir (DE/SH),0,0
2026-09-22T08:00:00Z,Akshan/Samira (NX/SH),0,0
2026-09-22T09:00:00Z,Other,3,0.375
2026-09-22T09:00:00Z,Gnar/Nidalee (BC/SH),0,0
2026-09-22T09:00:00Z,Garen/Udyr (DE/FR),0,0
2026-09-22T09:00:00Z,Championless (SI),0,0
2026-09-22T09:00:00Z,Nilah/Twisted Fate (BW/PZ),1,0.125
2026-09-22T09:00:00Z,Ashe (FR/PZ),1,0.125
2026-09-22T09:00:00Z,Braum/Zoe (FR/MT),2,0.25
2026-09-22T09:00:00Z,Ashe/LeBlanc (FR/NX),0,0
2026-09-22T09:00:00Z,Darius/Gwen (NX/SI),1,0.125
2026-09-22T09:00:00Z,Annie/Jhin (RU/NX),0,0
2026-09-22T09:00:00Z,Darius/Gnar (FR/NX),0,0
2026-09-22T09:00:00Z,Akshan/Sivir (DE/SH),0,0
2026-09-22T09:00:00Z,Akshan/Samira (NX/SH),0,0
2026-09-22T10:00:00Z,Other,5,0.3125
2026-09-22T10:00:00Z,Gnar/Nidalee (BC/SH),2,0.125
2026-09-22T10:00:00Z,Garen/Udyr (DE/FR),0,0
2026-09-22T10:00:00Z,Championless (SI),2,0.125
2026-09-22T10:00:00Z,Nilah/Twisted Fate (BW/PZ),0,0
2026-09-22T10:00:00Z,Ashe (FR/PZ),1,0.0625
2026-09-22T10:00:00Z,Braum/Zoe (FR/MT),5,0.3125
2026-09-22T10:00:00Z,Ashe/LeBlanc (FR/NX),1,0.0625
2026-09-22T10:00:00Z,Darius/Gwen (NX/SI),0,0
2026-09-22T10:00:00Z,Annie/Jhin (RU/NX),0,0
2026-09-22T10:00:00Z,Darius/Gnar (FR/NX),0,0
2026-09-22T10:00:00Z,Akshan/Sivir (DE/SH),0,0
2026-09-22T10:00:00Z,Akshan/Samira (NX/SH),0,0
2026-09-22T12:00:00Z,Other,7,0.7
2026-09-22T12:00:00Z,Gnar/Nidalee (BC/SH),0,0
2026-09-22T12:00:00Z,Garen/Udyr (DE/FR),0,0
2026-09-22T12:00:00Z,Championless (SI),0,0
2026-09-22T12:00:00Z,Nilah/Twisted Fate (BW/PZ),0,0
2026-09-22T12:00:00Z,Ashe (FR/PZ),0,0
2026-09-22T12:00:00Z,Braum/Zoe (FR/MT),1,0.1
2026-09-22T12:00:00Z,Ashe/LeBlanc (FR/NX),2,0.2
2026-09-22T12:00:00Z,Darius/Gwen (NX/SI),0,0
2026-09-22T12:00:00Z,Annie/Jhin (RU/NX),0,0
2026-09-22T12:00:00Z,Darius/Gnar (FR/NX),0,0
2026-09-22T12:00:00Z,Akshan/Sivir (DE/SH),0,0
2026-09-22T12:00:00Z,Akshan/Samira (NX/SH),0,0
2026-09-22T13:00:00Z,Other,1,0.5
2026-09-22T13:00:00Z,Gnar/Nidalee (BC/SH),0,0
2026-09-22T13:00:00Z,Garen/Udyr (DE/FR),0,0
2026-09-22T13:00:00Z,Championless (SI),0,0
2026-09-22T13:00:00Z,Nilah/Twisted Fate (BW/PZ),0,0
2026-09-22T13:00:00Z,Ashe (FR/PZ),1,0.5
2026-09-22T13:00:00Z,Braum/Zoe (FR/MT),0,0
2026-09-22T13:00:00Z,Ashe/LeBlanc (FR/NX),0,0
2026-09-22T13:00:00Z,Darius/Gwen (NX/SI),0,0
2026-09-22T13:00:00Z,Annie/Jhin (RU/NX),0,0
2026-09-22T13:00:00Z,Darius/Gnar (FR/NX),0,0
2026-09-22T13:00:00Z,Akshan/Sivir (DE/SH),0,0
2026-09-22T13:00:00Z,Akshan/Samira (NX/SH),0,0
2026-09-22T14:00:00Z,Other,2,0.25
2026-09-22T14:00:00Z,Gnar/Nidalee (BC/SH),0,0
2026-09-22T14:00:00Z,Garen/Udyr (DE/FR),0,0
2026-09-22T14:00:00Z,Championless (SI),2,0.25
2026-09-22T14:00:00Z,Nilah/Twisted Fate (BW/PZ),0,0
2026-09-22T14:00:00Z,Ashe (FR/PZ),1,0.125
2026-09-22T14:00:00Z,Braum/Zoe (FR/MT),0,0
2026-09-22T14:00:00Z,Ashe/LeBlanc (FR/NX),0,0
2026-09-22T14:00:00Z,Darius/Gwen (NX/SI),0,0
2026-09-22T14:00:00Z,Annie/Jhin (RU/NX),1,0.125
2026-09-22T14:00:00Z,Darius/Gnar (FR/NX),2,0.25
2026-09-22T14:00:00Z,Akshan/Sivir (DE/SH),0,0
2026-09-22T14:00:00Z,Akshan/Samira (NX/SH),0,0
2026-09-22T15:00:00Z,Other,9,0.3
2026-09-22T15:00:00Z,Gnar/Nidalee (BC/SH),2,0.0666666666666667
2026-09-22T15:00:00Z,Garen/Udyr (DE/FR),0,0
2026-09-22T15:00:00Z,Championless (SI),7,0.233333333333333
2026-09-22T15:00:00Z,Nilah/Twisted Fate (BW/PZ),2,0.0666666666666667
2026-09-22T15:00:00Z,Ashe (FR/PZ),3,0.1
2026-09-22T15:00:00Z,Braum/Zoe (FR/MT),5,0.166666666666667
2026-09-22T15:00:00Z,Ashe/LeBlanc (FR/NX),0,0
2026-09-22T15:00:00Z,Darius/Gwen (NX/SI),1,0.0333333333333333
2026-09-22T15:00:00Z,Annie/Jhin (RU/NX),0,0
2026-09-22T15:00:00Z,Darius/Gnar (FR/NX),1,0.0333333333333333
2026-09-22T15:00:00Z,Akshan/Sivir (DE/SH),0,0
2026-09-22T15:00:00Z,Akshan/Samira (NX/SH),0,0
2026-09-22T16:00:00Z,Other,5,0.625
2026-09-22T16:00:00Z,Gnar/Nidalee (BC/SH),0,0
2026-09-22T16:00:00Z,Garen/Udyr (DE/FR),0,0
2026-09-22T16:00:00Z,Championless (SI),0,0
2026-09-22T16:00:00Z,Nilah/Twisted Fate (BW/PZ),0,0
2026-09-22T16:00:00Z,Ashe (FR/PZ),0,0
2026-09-22T16:00:00Z,Braum/Zoe (FR/MT),2,0.25
2026-09-22T16:00:00Z,Ashe/LeBlanc (FR/NX),0,0
2026-09-22T16:00:00Z,Darius/Gwen (NX/SI),1,0.125
2026-09-22T16:00:00Z,Annie/Jhin (RU/NX),0,0
2026-09-22T16:00:00Z,Darius/Gnar (FR/NX),0,0
2026-09-22T16:00:00Z,Akshan/Sivir (DE/SH),0,0
2026-09-22T16:00:00Z,Akshan/Samira (NX/SH),0,0
2026-09-22T17:00:00Z,Other,3,0.375
2026-09-22T17:00:00Z,Gnar/Nidalee (BC/SH),1,0.125
2026-09-22T17:00:00Z,Garen/Udyr (DE/FR),0,0
2026-09-22T17:00:00Z,Championless (SI),1,0.125
2026-09-22T17:00:00Z,Nilah/Twisted Fate (BW/PZ),0,0
2026-09-22T17:00:00Z,Ashe (FR/PZ),2,0.25
2026-09-22T17:00:00Z,Braum/Zoe (FR/MT),0,0
2026-09-22T17:00:00Z,Ashe/LeBlanc (FR/NX),1,0.125
2026-09-22T17:00:00Z,Darius/Gwen (NX/SI),0,0
2026-09-22T17:00:00Z,Annie/Jhin (RU/NX),0,0
2026-09-22T17:00:00Z,Darius/Gnar (FR/NX),0,0
2026-09-22T17:00:00Z,Akshan/Sivir (DE/SH),0,0
2026-09-22T17:00:00Z,Akshan/Samira (NX/SH),0,0
2026-09-22T18:00:00Z,Other,9,0.75
2026-09-22T18:00:00Z,Gnar/Nidalee (BC/SH),0,0
2026-09-22T18:00:00Z,Garen/Udyr (DE/FR),0,0
2026-09-22T18:00:00Z,Championless (SI),0,0
2026-09-22T18:00:00Z,Nilah/Twisted Fate (BW/PZ),0,0
2026-09-22T18:00:00Z,Ashe (FR/PZ),0,0
2026-09-22T18:00:00Z,Braum/Zoe (FR/MT),0,0
2026-09-22T18:00:00Z,Ashe/LeBlanc (FR/NX),1,0.0833333333333333
2026-09-22T18:00:00Z,Darius/Gwen (NX/SI),0,0
2026-09-22T18:00:00Z,Annie/Jhin (RU/NX),0,0
2026-09-22T18:00:00Z,Darius/Gnar (FR/NX),1,0.0833333333333333
2026-09-22T18:00:00Z,Akshan/Sivir (DE/SH),0,0
2026-09-22T18:00:00Z,Akshan/Samira (NX/SH),1,0.0833333333333333
2026-09-22T19:00:00Z,Other,1,0.125
2026-09-22T19:00:00Z,Gnar/Nidalee (BC/SH),0,0
2026-09-22T19:00:00Z,Garen/Udyr (DE/FR),0,0
2026-09-22T19:00:00Z,Championless (SI),2,0.25
2026-09-22T19:00:00Z,Nilah/Twisted Fate (BW/PZ),0,0
2026-09-22T19:00:00Z,Ashe (FR/PZ),1,0.125
2026-09-22T19:00:00Z,Braum/Zoe (FR/MT),0,0
2026-09-22T19:00:00Z,Ashe/LeBlanc (FR/NX),3,0.375
2026-09-22T19:00:00Z,Darius/Gwen (NX/SI),0,0
2026-09-22T19:00:00Z,Annie/Jhin (RU/NX),0,0
2026-09-22T19:00:00Z,Darius/Gnar (FR/NX),1,0.125
2026-09-22T19:00:00Z,Akshan/Sivir (DE/SH),0,0
2026-09-22T19:00:00Z,Akshan/Samira (NX/SH),0,0
2026-09-22T20:00:00Z,Other,6,0.375
2026-09-22T20:00:00Z,Gnar/Nidalee (BC/SH),0,0
2026-09-22T20:00:00Z,Garen/Udyr (DE/FR),0,0
2026-09-22T20:00:00Z,Championless (SI),0,0
2026-09-22T20:00:00Z,Nilah/Twisted Fate (BW/PZ),0,0
2026-09-22T20:00:00Z,Ashe (FR/PZ),3,0.1875
2026-09-22T20:00:00Z,Braum/Zoe (FR/MT),1,0.0625
2026-09-22T20:00:00Z,Ashe/LeBlanc (FR/NX),3,0.1875
2026-09-22T20:00:00Z,Darius/Gwen (NX/SI),2,0.125
2026-09-22T20:00:00Z,Annie/Jhin (RU/NX),1,0.0625
2026-09-22T20:00:00Z,Darius/Gnar (FR/NX),0,0
2026-09-22T20:00:00Z,Akshan/Sivir (DE/SH),0,0
2026-09-22T20:00:00Z,Akshan/Samira (NX/SH),0,0
2026-09-22T21:00:00Z,Other,2,0.25
2026-09-22T21:00:00Z,Gnar/Nidalee (BC/SH),0,0
2026-09-22T21:00:00Z,Garen/Udyr (DE/FR),0,0
2026-09-22T21:00:00Z,Championless (SI),0,0
2026-09-22T21:00:00Z,Nilah/Twisted Fate (BW/PZ),0,0
2026-09-22T21:00:00Z,Ashe (FR/PZ),1,0.125
2026-09-22T21:00:00Z,Braum/Zoe (FR/MT),1,0.125
2026-09-22T21:00:00Z,Ashe/LeBlanc (FR/NX),3,0.375
2026-09-22T21:00:00Z,Darius/Gwen (NX/SI),1,0.125
2026-09-22T21:00:00Z,Annie/Jhin (RU/NX),0,0
2026-09-22T21:00:00Z,Darius/Gnar (FR/NX),0,0
2026-09-22T21:00:00Z,Akshan/Sivir (DE/SH),0,0
2026-09-22T21:00:00Z,Akshan/Samira (NX/SH),0,0
2026-09-22T22:00:00Z,Other,8,1
2026-09-22T22:00:00Z,Gnar/Nidalee (BC/SH),0,0
2026-09-22T22:00:00Z,Garen/Udyr (DE/FR),0,0
2026-09-22T22:00:00Z,Championless (SI),0,0
2026-09-22T22:00:00Z,Nilah/Twisted Fate (BW/PZ),0,0
2026-09-22T22:00:00Z,Ashe (FR/PZ),0,0
2026-09-22T22:00:00Z,Braum/Zoe (FR/MT),0,0
2026-09-22T22:00:00Z,Ashe/LeBlanc (FR/NX),0,0
2026-09-22T22:00:00Z,Darius/Gwen (NX/SI),0,0
2026-09-22T22:00:00Z,Annie/Jhin (RU/NX),0,0
2026-09-22T22:00:00Z,Darius/Gnar (FR/NX),0,0
2026-09-22T22:00:00Z,Akshan/Sivir (DE/SH),0,0
2026-09-22T22:00:00Z,Akshan/Samira (NX/SH),0,0
2026-09-22T23:00:00Z,Other,1,0.25
2026-09-22T23:00:00Z,Gnar/Nidalee (BC/SH),0,0
2026-09-22T23:00:00Z,Garen/Udyr (DE/FR),0,0
2026-09-22T23:00:00Z,Championless (SI),0,0
2026-09-22T23:00:00Z,Nilah/Twisted Fate (BW/PZ),0,0
2026-09-22T23:00:00Z,Ashe (FR/PZ),1,0.25
2026-09-22T23:00:00Z,Braum/Zoe (FR/MT),1,0.25
2026-09-22T23:00:00Z,Ashe/LeBlanc (FR/NX),0,0
2026-09-22T23:00:00Z,Darius/Gwen (NX/SI),1,0.25
2026-09-22T23:00:00Z,Annie/Jhin (RU/NX),0,0
2026-09-22T23:00:00Z,Darius/Gnar (FR/NX),0,0
2026-09-22T23:00:00Z,Akshan/Sivir (DE/SH),0,0
2026-09-22T23:00:00Z,Akshan/Samira (NX/SH),0,0
2026-09-23T00:00:00Z,Other,7,0.7
2026-09-23T00:00:00Z,Gnar/Nidalee (BC/SH),0,0
2026-09-23T00:00:00Z,Garen/Udyr (DE/FR),0,0
2026-09-23T00:00:00Z,Championless (SI),0,0
2026-09-23T00:00:00Z,Nilah/Twisted Fate (BW/PZ),0,0
2026-09-23T00:00:00Z,Ashe (FR/PZ),2,0.2
2026-09-23T00:00:00Z,Braum/Zoe (FR/MT),0,0
2026-09-23T00:00:00Z,Ashe/LeBlanc (FR/NX),0,0
2026-09-23T00:00:00Z,Darius/Gwen (NX/SI),1,0.1
2026-09-23T00:00:00Z,Annie/Jhin (RU/NX),0,0
2026-09-23T00:00:00Z,Darius/Gnar (FR/NX),0,0
2026-09-23T00:00:00Z,Akshan/Sivir (DE/SH),0,0
2026-09-23T00:00:00Z,Akshan/Samira (NX/SH),0,0
2026-09-23T02:00:00Z,Other,4,1
2026-09-23T02:00:00Z,Gnar/Nidalee (BC/SH),0,0
2026-09-23T02:00:00Z,Garen/Udyr (DE/FR),0,0
2026-09-23T02:00:00Z,Championless (SI),0,0
2026-09-23T02:00:00Z,Nilah/Twisted Fate (BW/PZ),0,0
2026-09-23T02:00:00Z,Ashe (FR/PZ),0,0
2026-09-23T02:00:00Z,Braum/Zoe (FR/MT),0,0
2026-09-23T02:00:00Z,Ashe/LeBlanc (FR/NX),0,0
2026-09-23T02:00:00Z,Darius/Gwen (NX/SI),0,0
2026-09-23T02:00:00Z,Annie/Jhin (RU/NX),0,0
2026-09-23T02:00:00Z,Darius/Gnar (FR/NX),0,0
2026-09-23T02:00:00Z,Akshan/Sivir (DE/SH),0,0
2026-09-23T02:00:00Z,Akshan/Samira (NX/SH),0,0
2026-09-23T03:00:00Z,Other,2,1
2026-09-23T03:00:00Z,Gnar/Nidalee (BC/SH),0,0
2026-09-23T03:00:00Z,Garen/Udyr (DE/FR),0,0
2026-09-23T03:00:00Z,Championless (SI),0,0
2026-09-23T03:00:00Z,Nilah/Twisted Fate (BW/PZ),0,0
2026-09-23T03:00:00Z,Ashe (FR/PZ),0,0
2026-09-23T03:00:00Z,Braum/Zoe (FR/MT),0,0
2026-09-23T03:00:00Z,Ashe/LeBlanc (FR/NX),0,0
2026-09-23T03:00:00Z,Darius/Gwen (NX/SI),0,0
2026-09-23T03:00:00Z,Annie/Jhin (RU/NX),0,0
2026-09-23T03:00:00Z,Darius/Gnar (FR/NX),0,0
2026-09-23T03:00:00Z,Akshan/Sivir (DE/SH),0,0
2026-09-23T03:00:00Z,Akshan/Samira (NX/SH),0,0
2026-09-23T04:00:00Z,Other,1,0.5
2026-09-23T04:00:00Z,Gnar/Nidalee (BC/SH),0,0
2026-09-23T04:00:00Z,Garen/Udyr (DE/FR),0,0
2026-09-23T04:00:00Z,Championless (SI),0,0
2026-09-23T04:00:00Z,Nilah/Twisted Fate (BW/PZ),0,0
2026-09-23T04:00:00Z,Ashe (FR/PZ),0,0
2026-09-23T04:00:00Z,Braum/Zoe (FR/MT),0,0
2026-09-23T04:00:00Z,Ashe/LeBlanc (FR/NX),1,0.5
2026-09-23T04:00:00Z,Darius/Gwen (NX/SI),0,0
2026-09-23T04:00:00Z,Annie/Jhin (RU/NX),0,0
2026-09-23T04:00:00Z,Darius/Gnar (FR/NX),0,0
2026-09-23T04:00:00Z,Akshan/Sivir (DE/SH),0,0
2026-09-23T04:00:00Z,Akshan/Samira (NX/SH),0,0
2026-09-23T06:00:00Z,Other,0,0
2026-09-23T06:00:00Z,Gnar/Nidalee (BC/SH),0,0
2026-09-23T06:00:00Z,Garen/Udyr (DE/FR),0,0
2026-09-23T06:00:00Z,Championless (SI),0,0
2026-09-23T06:00:00Z,Nilah/Twisted Fate (BW/PZ),0,0
2026-09-23T06:00:00Z,Ashe (FR/PZ),0,0
2026-09-23T06:00:00Z,Braum/Zoe (FR/MT),2,1
2026-09-23T06:00:00Z,Ashe/LeBlanc (FR/NX),0,0
2026-09-23T06:00:00Z,Darius/Gwen (NX/SI),0,0
2026-09-23T06:00:00Z,Annie/Jhin (RU/NX),0,0
2026-09-23T06:00:00Z,Darius/Gnar (FR/NX),0,0
2026-09-23T06:00:00Z,Akshan/Sivir (DE/SH),0,0
2026-09-23T06:00:00Z,Akshan/Samira (NX/SH),0,0
2026-09-23T07:00:00Z,Other,2,1
2026-09-23T07:00:00Z,Gnar/Nidalee (BC/SH),0,0
2026-09-23T07:00:00Z,Garen/Udyr (DE/FR),0,0
2026-09-23T07:00:00Z,Championless (SI),0,0
2026-09-23T07:00:00Z,Nilah/Twisted Fate (BW/PZ),0,0
2026-09-23T07:00:00Z,Ashe (FR/PZ),0,0
2026-09-23T07:00:00Z,Braum/Zoe (FR/MT),0,0
2026-09-23T07:00:00Z,Ashe/LeBlanc (FR/NX),0,0
2026-09-23T07:00:00Z,Darius/Gwen (NX/SI),0,0
2026-09-23T07:00:00Z,Annie/Jhin (RU/NX),0,0
2026-09-23T07:00:00Z,Darius/Gnar (FR/NX),0,0
2026-09-23T07:00:00Z,Akshan/Sivir (DE/SH),0,0
2026-09-23T07:00:00Z,Akshan/Samira (NX/SH),0,0
2026-09-23T08:00:00Z,Other,7,0.583333333333333
2026-09-23T08:00:00Z,Gnar/Nidalee (BC/SH),0,0
2026-09-23T08:00:00Z,Garen/Udyr (DE/FR),0,0
2026-09-23T08:00:00Z,Championless (SI),0,0
2026-09-23T08:00:00Z,Nilah/Twisted Fate (BW/PZ),0,0
2026-09-23T08:00:00Z,Ashe (FR/PZ),1,0.0833333333333333
2026-09-23T08:00:00Z,Braum/Zoe (FR/MT),2,0.166666666666667
2026-09-23T08:00:00Z,Ashe/LeBlanc (FR/NX),0,0
2026-09-23T08:00:00Z,Darius/Gwen (NX/SI),0,0
2026-09-23T08:00:00Z,Annie/Jhin (RU/NX),0,0
2026-09-23T08:00:00Z,Darius/Gnar (FR/NX),2,0.166666666666667
2026-09-23T08:00:00Z,Akshan/Sivir (DE/SH),0,0
2026-09-23T08:00:00Z,Akshan/Samira (NX/SH),0,0
