time,archetype_1,n,freq
2024-02-07T18:00:00Z,Other,991,0.697887323943662
2024-02-07T18:00:00Z,Elder Dragon/Volibear (RU/FR),38,0.0267605633802817
2024-02-07T18:00:00Z,Ashe/LeBlanc (FR/NX),29,0.0204225352112676
2024-02-07T18:00:00Z,Caitlyn/Teemo (FR/PZ),32,0.0225352112676056
2024-02-07T18:00:00Z,Seraphine/Sett (IO/PZ),8,0.00563380281690141
2024-02-07T18:00:00Z,Janna/Nilah (BW/PZ),38,0.0267605633802817
2024-02-07T18:00:00Z,Karma/Sett (IO/PZ),21,0.0147887323943662
2024-02-07T18:00:00Z,Aurelion Sol/Elder Dragon (RU/MT),30,0.0211267605633803
2024-02-07T18:00:00Z,Elder Dragon/Galio/Morgana (RU/DE),53,0.0373239436619718
2024-02-07T18:00:00Z,Pyke/Rek'Sai (BW/SH),59,0.0415492957746479
2024-02-07T18:00:00Z,Gwen/Zed (IO/SI),30,0.0211267605633803
2024-02-07T18:00:00Z,Elder Dragon/Mordekaiser/Viego (RU/SI),35,0.0246478873239437
2024-02-07T18:00:00Z,Annie/Jhin (RU/NX),56,0.0394366197183099
2024-02-07T19:00:00Z,Other,1086,0.710732984293194
2024-02-07T19:00:00Z,Elder Dragon/Volibear (RU/FR),17,0.0111256544502618
2024-02-07T19:00:00Z,Ashe/LeBlanc (FR/NX),30,0.0196335078534031
2024-02-07T19:00:00Z,Caitlyn/Teemo (FR/PZ),32,0.0209424083769634
2024-02-07T19:00:00Z,Seraphine/Sett (IO/PZ),17,0.0111256544502618
2024-02-07T19:00:00Z,Janna/Nilah (BW/PZ),44,0.0287958115183246
2024-02-07T19:00:00Z,Karma/Sett (IO/PZ),24,0.0157068062827225
2024-02-07T19:00:00Z,Aurelion Sol/Elder Dragon (RU/MT),23,0.0150523560209424
2024-02-07T19:00:00Z,Elder Dragon/Galio/Morgana (RU/DE),44,0.0287958115183246
2024-02-07T19:00:00Z,Pyke/Rek'Sai (BW/SH),43,0.0281413612565445
2024-02-07T19:00:00Z,Gwen/Zed (IO/SI),51,0.0333769633507853
2024-02-07T19:00:00Z,Elder Dragon/Mordekaiser/Viego (RU/SI),47,0.0307591623036649
2024-02-07T19:00:00Z,Annie/Jhin (RU/NX),70,0.0458115183246073
2024-02-07T20:00:00Z,Other,1158,0.727386934673367
2024-02-07T20:00:00Z,Elder Dragon/Volibear (RU/FR),19,0.0119346733668342
2024-02-07T20:00:00Z,Ashe/LeBlanc (FR/NX),24,0.0150753768844221
2024-02-07T20:00:00Z,Caitlyn/Teemo (FR/PZ),22,0.0138190954773869
2024-02-07T20:00:00Z,Seraphine/Sett (IO/PZ),27,0.0169597989949749
2024-02-07T20:00:00Z,Janna/Nilah (BW/PZ),32,0.0201005025125628
2024-02-07T20:00:00Z,Karma/Sett (IO/PZ),16,0.0100502512562814
2024-02-07T20:00:00Z,Aurelion Sol/Elder Dragon (RU/MT),34,0.021356783919598
2024-02-07T20:00:00Z,Elder Dragon/Galio/Morgana (RU/DE),49,0.0307788944723618
2024-02-07T20:00:00Z,Pyke/Rek'Sai (BW/SH),65,0.0408291457286432
2024-02-07T20:00:00Z,Gwen/Zed (IO/SI),52,0.0326633165829146
2024-02-07T20:00:00Z,Elder Dragon/Mordekaiser/Viego (RU/SI),46,0.028894472361809
2024-02-07T20:00:00Z,Annie/Jhin (RU/NX),48,0.0301507537688442
2024-02-07T21:00:00Z,Other,1145,0.704182041820418
2024-02-07T21:00:00Z,Elder Dragon/Volibear (RU/FR),34,0.020910209102091
2024-02-07T21:00:00Z,Ashe/LeBlanc (FR/NX),34,0.020910209102091
2024-02-07T21:00:00Z,Caitlyn/Teemo (FR/PZ),30,0.018450184501845
2024-02-07T21:00:00Z,Seraphine/Sett (IO/PZ),40,0.02460024600246
2024-02-07T21:00:00Z,Janna/Nilah (BW/PZ),19,0.0116851168511685
2024-02-07T21:00:00Z,Karma/Sett (IO/PZ),11,0.00676506765067651
2024-02-07T21:00:00Z,Aurelion Sol/Elder Dragon (RU/MT),36,0.022140221402214
2024-02-07T21:00:00Z,Elder Dragon/Galio/Morgana (RU/DE),65,0.0399753997539975
2024-02-07T21:00:00Z,Pyke/Rek'Sai (BW/SH),59,0.0362853628536285
2024-02-07T21:00:00Z,Gwen/Zed (IO/SI),31,0.0190651906519065
2024-02-07T21:00:00Z,Elder Dragon/Mordekaiser/Viego (RU/SI),64,0.039360393603936
2024-02-07T21:00:00Z,Annie/Jhin (RU/NX),58,0.035670356703567
2024-02-07T22:00:00Z,Other,1216,0.720379146919431
2024-02-07T22:00:00Z,Elder Dragon/Volibear (RU/FR),21,0.0124407582938389
2024-02-07T22:00:00Z,Ashe/LeBlanc (FR/NX),30,0.0177725118483412
2024-02-07T22:00:00Z,Caitlyn/Teemo (FR/PZ),22,0.0130331753554502
2024-02-07T22:00:00Z,Seraphine/Sett (IO/PZ),27,0.0159952606635071
2024-02-07T22:00:00Z,Janna/Nilah (BW/PZ),19,0.0112559241706161
2024-02-07T22:00:00Z,Karma/Sett (IO/PZ),15,0.00888625592417062
2024-02-07T22:00:00Z,Aurelion Sol/Elder Dragon (RU/MT),44,0.0260663507109005
2024-02-07T22:00:00Z,Elder Dragon/Galio/Morgana (RU/DE),59,0.0349526066350711
2024-02-07T22:00:00Z,Pyke/Rek'Sai (BW/SH),51,0.0302132701421801
2024-02-07T22:00:00Z,Gwen/Zed (IO/SI),48,0.028436018957346
2024-02-07T22:00:00Z,Elder Dragon/Mordekaiser/Viego (RU/SI),58,0.0343601895734597
2024-02-07T22:00:00Z,Annie/Jhin (RU/NX),78,0.0462085308056872
2024-02-07T23:00:00Z,Other,1051,0.689632545931759
2024-02-07T23:00:00Z,Elder Dragon/Volibear (RU/FR),8,0.005249343832021
2024-02-07T23:00:00Z,Ashe/LeBlanc (FR/NX),28,0.0183727034120735
2024-02-07T23:00:00Z,Caitlyn/Teemo (FR/PZ),31,0.0203412073490814
2024-02-07T23:00:00Z,Seraphine/Sett (IO/PZ),34,0.0223097112860892
2024-02-07T23:00:00Z,Janna/Nilah (BW/PZ),27,0.0177165354330709
2024-02-07T23:00:00Z,Karma/Sett (IO/PZ),25,0.0164041994750656
2024-02-07T23:00:00Z,Aurelion Sol/Elder Dragon (RU/MT),41,0.0269028871391076
2024-02-07T23:00:00Z,Elder Dragon/Galio/Morgana (RU/DE),55,0.0360892388451444
2024-02-07T23:00:00Z,Pyke/Rek'Sai (BW/SH),63,0.0413385826771654
2024-02-07T23:00:00Z,Gwen/Zed (IO/SI),43,0.0282152230971129
2024-02-07T23:00:00Z,Elder Dragon/Mordekaiser/Viego (RU/SI),44,0.0288713910761155
2024-02-07T23:00:00Z,Annie/Jhin (RU/NX),74,0.0485564304461942
2024-02-08T00:00:00Z,Other,1076,0.692406692406692
2024-02-08T00:00:00Z,Elder Dragon/Volibear (RU/FR),12,0.00772200772200772
2024-02-08T00:00:00Z,Ashe/LeBlanc (FR/NX),32,0.0205920205920206
2024-02-08T00:00:00Z,Caitlyn/Teemo (FR/PZ),29,0.0186615186615187
2024-02-08T00:00:00Z,Seraphine/Sett (IO/PZ),26,0.0167310167310167
2024-02-08T00:00:00Z,Janna/Nilah (BW/PZ),54,0.0347490347490348
2024-02-08T00:00:00Z,Karma/Sett (IO/PZ),7,0.00450450450450451
2024-02-08T00:00:00Z,Aurelion Sol/Elder Dragon (RU/MT),30,0.0193050193050193
2024-02-08T00:00:00Z,Elder Dragon/Galio/Morgana (RU/DE),50,0.0321750321750322
2024-02-08T00:00:00Z,Pyke/Rek'Sai (BW/SH),47,0.0302445302445302
2024-02-08T00:00:00Z,Gwen/Zed (IO/SI),51,0.0328185328185328
2024-02-08T00:00:00Z,Elder Dragon/Mordekaiser/Viego (RU/SI),84,0.0540540540540541
2024-02-08T00:00:00Z,Annie/Jhin (RU/NX),56,0.036036036036036
2024-02-08T01:00:00Z,Other,1143,0.757957559681698
2024-02-08T01:00:00Z,Elder Dragon/Volibear (RU/FR),13,0.00862068965517241
2024-02-08T01:00:00Z,Ashe/LeBlanc (FR/NX),24,0.0159151193633952
2024-02-08T01:00:00Z,Caitlyn/Teemo (FR/PZ),27,0.0179045092838196
2024-02-08T01:00:00Z,Seraphine/Sett (IO/PZ),18,0.0119363395225464
2024-02-08T01:00:00Z,Janna/Nilah (BW/PZ),46,0.0305039787798409
2024-02-08T01:00:00Z,Karma/Sett (IO/PZ),25,0.01657824933687
2024-02-08T01:00:00Z,Aurelion Sol/Elder Dragon (RU/MT),16,0.0106100795755968
2024-02-08T01:00:00Z,Elder Dragon/Galio/Morgana (RU/DE),23,0.0152519893899204
2024-02-08T01:00:00Z,Pyke/Rek'Sai (BW/SH),38,0.0251989389920424
2024-02-08T01:00:00Z,Gwen/Zed (IO/SI),50,0.0331564986737401
2024-02-08T01:00:00Z,Elder Dragon/Mordekaiser/Viego (RU/SI),53,0.0351458885941645
2024-02-08T01:00:00Z,Annie/Jhin (RU/NX),32,0.0212201591511936
2024-02-08T02:00:00Z,Other,1057,0.684585492227979
2024-02-08T02:00:00Z,Elder Dragon/Volibear (RU/FR),44,0.0284974093264249
2024-02-08T02:00:00Z,Ashe/LeBlanc (FR/NX),27,0.0174870466321244
2024-02-08T02:00:00Z,Caitlyn/Teemo (FR/PZ),23,0.0148963730569948
2024-02-08T02:00:00Z,Seraphine/Sett (IO/PZ),27,0.0174870466321244
2024-02-08T02:00:00Z,Janna/Nilah (BW/PZ),26,0.016839378238342
2024-02-08T02:00:00Z,Karma/Sett (IO/PZ),17,0.0110103626943005
2024-02-08T02:00:00Z,Aurelion Sol/Elder Dragon (RU/MT),28,0.0181347150259067
2024-02-08T02:00:00Z,Elder Dragon/Galio/Morgana (RU/DE),49,0.0317357512953368
2024-02-08T02:00:00Z,Pyke/Rek'Sai (BW/SH),58,0.0375647668393782
2024-02-08T02:00:00Z,Gwen/Zed (IO/SI),61,0.0395077720207254
2024-02-08T02:00:00Z,Elder Dragon/Mordekaiser/Viego (RU/SI),69,0.0446891191709845
2024-02-08T02:00:00Z,Annie/Jhin (RU/NX),58,0.0375647668393782
2024-02-08T03:00:00Z,Other,991,0.721251819505095
2024-02-08T03:00:00Z,Elder Dragon/Volibear (RU/FR),31,0.0225618631732169
2024-02-08T03:00:00Z,Ashe/LeBlanc (FR/NX),16,0.0116448326055313
2024-02-08T03:00:00Z,Caitlyn/Teemo (FR/PZ),24,0.0174672489082969
2024-02-08T03:00:00Z,Seraphine/Sett (IO/PZ),31,0.0225618631732169
2024-02-08T03:00:00Z,Janna/Nilah (BW/PZ),9,0.00655021834061135
2024-02-08T03:00:00Z,Karma/Sett (IO/PZ),19,0.0138282387190684
2024-02-08T03:00:00Z,Aurelion Sol/Elder Dragon (RU/MT),30,0.0218340611353712
2024-02-08T03:00:00Z,Elder Dragon/Galio/Morgana (RU/DE),41,0.0298398835516739
2024-02-08T03:00:00Z,Pyke/Rek'Sai (BW/SH),33,0.0240174672489083
2024-02-08T03:00:00Z,Gwen/Zed (IO/SI),50,0.0363901018922853
2024-02-08T03:00:00Z,Elder Dragon/Mordekaiser/Viego (RU/SI),42,0.0305676855895197
2024-02-08T03:00:00Z,Annie/Jhin (RU/NX),57,0.0414847161572052
2024-02-08T04:00:00Z,Other,909,0.696018376722818
2024-02-08T04:00:00Z,Elder Dragon/Volibear (RU/FR),27,0.0206738131699847
2024-02-08T04:00:00Z,Ashe/LeBlanc (FR/NX),29,0.0222052067381317
2024-02-08T04:00:00Z,Caitlyn/Teemo (FR/PZ),19,0.0145482388973966
2024-02-08T04:00:00Z,Seraphine/Sett (IO/PZ),28,0.0214395099540582
2024-02-08T04:00:00Z,Janna/Nilah (BW/PZ),17,0.0130168453292496
2024-02-08T04:00:00Z,Karma/Sett (IO/PZ),24,0.0183767228177642
2024-02-08T04:00:00Z,Aurelion Sol/Elder Dragon (RU/MT),25,0.0191424196018377
2024-02-08T04:00:00Z,Elder Dragon/Galio/Morgana (RU/DE),37,0.0283307810107198
2024-02-08T04:00:00Z,Pyke/Rek'Sai (BW/SH),55,0.0421133231240429
2024-02-08T04:00:00Z,Gwen/Zed (IO/SI),49,0.0375191424196018
2024-02-08T04:00:00Z,Elder Dragon/Mordekaiser/Viego (RU/SI),50,0.0382848392036753
2024-02-08T04:00:00Z,Annie/Jhin (RU/NX),37,0.0283307810107198
2024-02-08T05:00:00Z,Other,951,0.692139737991266
2024-02-08T05:00:00Z,Elder Dragon/Volibear (RU/FR),31,0.0225618631732169
2024-02-08T05:00:00Z,Ashe/LeBlanc (FR/NX),18,0.0131004366812227
2024-02-08T05:00:00Z,Caitlyn/Teemo (FR/PZ),31,0.0225618631732169
2024-02-08T05:00:00Z,Seraphine/Sett (IO/PZ),18,0.0131004366812227
2024-02-08T05:00:00Z,Janna/Nilah (BW/PZ),34,0.024745269286754
2024-02-08T05:00:00Z,Karma/Sett (IO/PZ),21,0.0152838427947598
2024-02-08T05:00:00Z,Aurelion Sol/Elder Dragon (RU/MT),21,0.0152838427947598
2024-02-08T05:00:00Z,Elder Dragon/Galio/Morgana (RU/DE),21,0.0152838427947598
2024-02-08T05:00:00Z,Pyke/Rek'Sai (BW/SH),57,0.0414847161572052
2024-02-08T05:00:00Z,Gwen/Zed (IO/SI),44,0.0320232896652111
2024-02-08T05:00:00Z,Elder Dragon/Mordekaiser/Viego (RU/SI),62,0.0451237263464338
2024-02-08T05:00:00Z,Annie/Jhin (RU/NX),65,0.0473071324599709
2024-02-08T06:00:00Z,Other,872,0.658610271903323
2024-02-08T06:00:00Z,Elder Dragon/Volibear (RU/FR),32,0.0241691842900302
2024-02-08T06:00:00Z,Ashe/LeBlanc (FR/NX),19,0.0143504531722054
2024-02-08T06:00:00Z,Caitlyn/Teemo (FR/PZ),30,0.0226586102719033
2024-02-08T06:00:00Z,Seraphine/Sett (IO/PZ),8,0.00604229607250755
2024-02-08T06:00:00Z,Janna/Nilah (BW/PZ),18,0.013595166163142
2024-02-08T06:00:00Z,Karma/Sett (IO/PZ),47,0.0354984894259819
2024-02-08T06:00:00Z,Aurelion Sol/Elder Dragon (RU/MT),35,0.0264350453172205
2024-02-08T06:00:00Z,Elder Dragon/Galio/Morgana (RU/DE),31,0.0234138972809668
2024-02-08T06:00:00Z,Pyke/Rek'Sai (BW/SH),50,0.0377643504531722
2024-02-08T06:00:00Z,Gwen/Zed (IO/SI),49,0.0370090634441088
2024-02-08T06:00:00Z,Elder Dragon/Mordekaiser/Viego (RU/SI),59,0.0445619335347432
2024-02-08T06:00:00Z,Annie/Jhin (RU/NX),74,0.0558912386706949
2024-02-08T07:00:00Z,Other,1073,0.714380825565912
2024-02-08T07:00:00Z,Elder Dragon/Volibear (RU/FR),29,0.0193075898801598
2024-02-08T07:00:00Z,Ashe/LeBlanc (FR/NX),24,0.0159786950732357
2024-02-08T07:00:00Z,Caitlyn/Teemo (FR/PZ),21,0.0139813581890812
2024-02-08T07:00:00Z,Seraphine/Sett (IO/PZ),16,0.0106524633821571
2024-02-08T07:00:00Z,Janna/Nilah (BW/PZ),27,0.0179760319573901
2024-02-08T07:00:00Z,Karma/Sett (IO/PZ),38,0.0252996005326232
2024-02-08T07:00:00Z,Aurelion Sol/Elder Dragon (RU/MT),63,0.0419440745672437
2024-02-08T07:00:00Z,Elder Dragon/Galio/Morgana (RU/DE),33,0.0219707057256991
2024-02-08T07:00:00Z,Pyke/Rek'Sai (BW/SH),47,0.0312916111850866
2024-02-08T07:00:00Z,Gwen/Zed (IO/SI),34,0.0226364846870839
2024-02-08T07:00:00Z,Elder Dragon/Mordekaiser/Viego (RU/SI),59,0.0392809587217044
2024-02-08T07:00:00Z,Annie/Jhin (RU/NX),38,0.0252996005326232
2024-02-08T08:00:00Z,Other,1103,0.705242966751918
2024-02-08T08:00:00Z,Elder Dragon/Volibear (RU/FR),27,0.0172634271099744
2024-02-08T08:00:00Z,Ashe/LeBlanc (FR/NX),24,0.0153452685421995
2024-02-08T08:00:00Z,Caitlyn/Teemo (FR/PZ),11,0.00703324808184143
2024-02-08T08:00:00Z,Seraphine/Sett (IO/PZ),13,0.00831202046035806
2024-02-08T08:00:00Z,Janna/Nilah (BW/PZ),42,0.0268542199488491
2024-02-08T08:00:00Z,Karma/Sett (IO/PZ),37,0.0236572890025575
2024-02-08T08:00:00Z,Aurelion Sol/Elder Dragon (RU/MT),45,0.028772378516624
2024-02-08T08:00:00Z,Elder Dragon/Galio/Morgana (RU/DE),47,0.0300511508951407
2024-02-08T08:00:00Z,Pyke/Rek'Sai (BW/SH),63,0.0402813299232737
2024-02-08T08:00:00Z,Gwen/Zed (IO/SI),49,0.0313299232736573
2024-02-08T08:00:00Z,Elder Dragon/Mordekaiser/Viego (RU/SI),47,0.0300511508951407
2024-02-08T08:00:00Z,Annie/Jhin (RU/NX),56,0.0358056265984655
2024-02-08T09:00:00Z,Other,1091,0.678482587064677
2024-02-08T09:00:00Z,Elder Dragon/Volibear (RU/FR),41,0.0254975124378109
2024-02-08T09:00:00Z,Ashe/LeBlanc (FR/NX),17,0.0105721393034826
2024-02-08T09:00:00Z,Caitlyn/Teemo (FR/PZ),37,0.0230099502487562
2024-02-08T09:00:00Z,Seraphine/Sett (IO/PZ),23,0.0143034825870647
2024-02-08T09:00:00Z,Janna/Nilah (BW/PZ),40,0.0248756218905473
2024-02-08T09:00:00Z,Karma/Sett (IO/PZ),58,0.0360696517412935
2024-02-08T09:00:00Z,Aurelion Sol/Elder Dragon (RU/MT),60,0.0373134328358209
2024-02-08T09:00:00Z,Elder Dragon/Galio/Morgana (RU/DE),42,0.0261194029850746
2024-02-08T09:00:00Z,Pyke/Rek'Sai (BW/SH),40,0.0248756218905473
2024-02-08T09:00:00Z,Gwen/Zed (IO/SI),38,0.0236318407960199
2024-02-08T09:00:00Z,Elder Dragon/Mordekaiser/Viego (RU/SI),68,0.0422885572139304
2024-02-08T09:00:00Z,Annie/Jhin (RU/NX),53,0.0329601990049751
2024-02-08T10:00:00Z,Other,1194,0.708185053380783
2024-02-08T10:00:00Z,Elder Dragon/Volibear (RU/FR),15,0.00889679715302491
2024-02-08T10:00:00Z,Ashe/LeBlanc (FR/NX),20,0.0118623962040332
2024-02-08T10:00:00Z,Caitlyn/Teemo (FR/PZ),20,0.0118623962040332
2024-02-08T10:00:00Z,Seraphine/Sett (IO/PZ),19,0.0112692763938316
2024-02-08T10:00:00Z,Janna/Nilah (BW/PZ),42,0.0249110320284698
2024-02-08T10:00:00Z,Karma/Sett (IO/PZ),39,0.0231316725978648
2024-02-08T10:00:00Z,Aurelion Sol/Elder Dragon (RU/MT),44,0.0260972716488731
2024-02-08T10:00:00Z,Elder Dragon/Galio/Morgana (RU/DE),57,0.0338078291814947
2024-02-08T10:00:00Z,Pyke/Rek'Sai (BW/SH),29,0.0172004744958482
2024-02-08T10:00:00Z,Gwen/Zed (IO/SI),66,0.0391459074733096
2024-02-08T10:00:00Z,Elder Dragon/Mordekaiser/Viego (RU/SI),81,0.0480427046263345
2024-02-08T10:00:00Z,Annie/Jhin (RU/NX),60,0.0355871886120997
2024-02-08T11:00:00Z,Other,1271,0.694535519125683
2024-02-08T11:00:00Z,Elder Dragon/Volibear (RU/FR),54,0.0295081967213115
2024-02-08T11:00:00Z,Ashe/LeBlanc (FR/NX),37,0.0202185792349727
2024-02-08T11:00:00Z,Caitlyn/Teemo (FR/PZ),19,0.0103825136612022
2024-02-08T11:00:00Z,Seraphine/Sett (IO/PZ),32,0.0174863387978142
2024-02-08T11:00:00Z,Janna/Nilah (BW/PZ),47,0.0256830601092896
2024-02-08T11:00:00Z,Karma/Sett (IO/PZ),31,0.0169398907103825
2024-02-08T11:00:00Z,Aurelion Sol/Elder Dragon (RU/MT),35,0.0191256830601093
2024-02-08T11:00:00Z,Elder Dragon/Galio/Morgana (RU/DE),46,0.0251366120218579
2024-02-08T11:00:00Z,Pyke/Rek'Sai (BW/SH),64,0.0349726775956284
2024-02-08T11:00:00Z,Gwen/Zed (IO/SI),47,0.0256830601092896
2024-02-08T11:00:00Z,Elder Dragon/Mordekaiser/Viego (RU/SI),67,0.0366120218579235
2024-02-08T11:00:00Z,Annie/Jhin (RU/NX),80,0.0437158469945355
2024-02-08T12:00:00Z,Other,1365,0.695010183299389
2024-02-08T12:00:00Z,Elder Dragon/Volibear (RU/FR),27,0.0137474541751528
2024-02-08T12:00:00Z,Ashe/LeBlanc (FR/NX),28,0.0142566191446029
2024-02-08T12:00:00Z,Caitlyn/Teemo (FR/PZ),21,0.0106924643584521
2024-02-08T12:00:00Z,Seraphine/Sett (IO/PZ),36,0.0183299389002037
2024-02-08T12:00:00Z,Janna/Nilah (BW/PZ),34,0.0173116089613035
2024-02-08T12:00:00Z,Karma/Sett (IO/PZ),59,0.030040733197556
2024-02-08T12:00:00Z,Aurelion Sol/Elder Dragon (RU/MT),52,0.0264765784114053
2024-02-08T12:00:00Z,Elder Dragon/Galio/Morgana (RU/DE),44,0.0224032586558045
2024-02-08T12:00:00Z,Pyke/Rek'Sai (BW/SH),83,0.0422606924643585
2024-02-08T12:00:00Z,Gwen/Zed (IO/SI),71,0.0361507128309572
2024-02-08T12:00:00Z,Elder Dragon/Mordekaiser/Viego (RU/SI),62,0.0315682281059063
2024-02-08T12:00:00Z,Annie/Jhin (RU/NX),82,0.0417515274949083
2024-02-08T13:00:00Z,Other,1448,0.706341463414634
2024-02-08T13:00:00Z,Elder Dragon/Volibear (RU/FR),37,0.0180487804878049
2024-02-08T13:00:00Z,Ashe/LeBlanc (FR/NX),40,0.0195121951219512
2024-02-08T13:00:00Z,Caitlyn/Teemo (FR/PZ),32,0.015609756097561
2024-02-08T13:00:00Z,Seraphine/Sett (IO/PZ),20,0.00975609756097561
2024-02-08T13:00:00Z,Janna/Nilah (BW/PZ),28,0.0136585365853659
2024-02-08T13:00:00Z,Karma/Sett (IO/PZ),44,0.0214634146341463
2024-02-08T13:00:00Z,Aurelion Sol/Elder Dragon (RU/MT),57,0.0278048780487805
2024-02-08T13:00:00Z,Elder Dragon/Galio/Morgana (RU/DE),55,0.0268292682926829
2024-02-08T13:00:00Z,Pyke/Rek'Sai (BW/SH),80,0.0390243902439024
2024-02-08T13:00:00Z,Gwen/Zed (IO/SI),60,0.0292682926829268
2024-02-08T13:00:00Z,Elder Dragon/Mordekaiser/Viego (RU/SI),69,0.0336585365853659
2024-02-08T13:00:00Z,Annie/Jhin (RU/NX),80,0.0390243902439024
2024-02-08T14:00:00Z,Other,1453,0.700578592092575
2024-02-08T14:00:00Z,Elder Dragon/Volibear (RU/FR),28,0.0135004821600771
2024-02-08T14:00:00Z,Ashe/LeBlanc (FR/NX),48,0.0231436837029894
2024-02-08T14:00:00Z,Caitlyn/Teemo (FR/PZ),49,0.023625843780135
2024-02-08T14:00:00Z,Seraphine/Sett (IO/PZ),41,0.0197685631629701
2024-02-08T14:00:00Z,Janna/Nilah (BW/PZ),39,0.0188042430086789
2024-02-08T14:00:00Z,Karma/Sett (IO/PZ),36,0.017357762777242
2024-02-08T14:00:00Z,Aurelion Sol/Elder Dragon (RU/MT),51,0.0245901639344262
2024-02-08T14:00:00Z,Elder Dragon/Galio/Morgana (RU/DE),51,0.0245901639344262
2024-02-08T14:00:00Z,Pyke/Rek'Sai (BW/SH),67,0.032304725168756
2024-02-08T14:00:00Z,Gwen/Zed (IO/SI),77,0.0371263259402122
2024-02-08T14:00:00Z,Elder Dragon/Mordekaiser/Viego (RU/SI),74,0.0356798457087753
2024-02-08T14:00:00Z,Annie/Jhin (RU/NX),60,0.0289296046287367
2024-02-08T15:00:00Z,Other,1491,0.691558441558442
2024-02-08T15:00:00Z,Elder Dragon/Volibear (RU/FR),45,0.0208719851576994
2024-02-08T15:00:00Z,Ashe/LeBlanc (FR/NX),38,0.0176252319109462
2024-02-08T15:00:00Z,Caitlyn/Teemo (FR/PZ),55,0.0255102040816327
2024-02-08T15:00:00Z,Seraphine/Sett (IO/PZ),43,0.0199443413729128
2024-02-08T15:00:00Z,Janna/Nilah (BW/PZ),44,0.0204081632653061
2024-02-08T15:00:00Z,Karma/Sett (IO/PZ),52,0.0241187384044527
2024-02-08T15:00:00Z,Aurelion Sol/Elder Dragon (RU/MT),37,0.0171614100185529
2024-02-08T15:00:00Z,Elder Dragon/Galio/Morgana (RU/DE),55,0.0255102040816327
2024-02-08T15:00:00Z,Pyke/Rek'Sai (BW/SH),66,0.0306122448979592
2024-02-08T15:00:00Z,Gwen/Zed (IO/SI),80,0.0371057513914657
2024-02-08T15:00:00Z,Elder Dragon/Mordekaiser/Viego (RU/SI),77,0.0357142857142857
2024-02-08T15:00:00Z,Annie/Jhin (RU/NX),73,0.0338589981447124
2024-02-08T16:00:00Z,Other,1560,0.713632204940531
2024-02-08T16:00:00Z,Elder Dragon/Volibear (RU/FR),37,0.0169258920402562
2024-02-08T16:00:00Z,Ashe/LeBlanc (FR/NX),34,0.0155535224153705
2024-02-08T16:00:00Z,Caitlyn/Teemo (FR/PZ),19,0.00869167429094236
2024-02-08T16:00:00Z,Seraphine/Sett (IO/PZ),50,0.0228728270814273
2024-02-08T16:00:00Z,Janna/Nilah (BW/PZ),32,0.0146386093321135
2024-02-08T16:00:00Z,Karma/Sett (IO/PZ),42,0.0192131747483989
2024-02-08T16:00:00Z,Aurelion Sol/Elder Dragon (RU/MT),56,0.0256175663311985
2024-02-08T16:00:00Z,Elder Dragon/Galio/Morgana (RU/DE),58,0.0265324794144556
2024-02-08T16:00:00Z,Pyke/Rek'Sai (BW/SH),47,0.0215004574565416
2024-02-08T16:00:00Z,Gwen/Zed (IO/SI),75,0.0343092406221409
2024-02-08T16:00:00Z,Elder Dragon/Mordekaiser/Viego (RU/SI),59,0.0269899359560842
2024-02-08T16:00:00Z,Annie/Jhin (RU/NX),117,0.0535224153705398
2024-02-08T17:00:00Z,Other,1555,0.708751139471285
2024-02-08T17:00:00Z,Elder Dragon/Volibear (RU/FR),61,0.0278030993618961
2024-02-08T17:00:00Z,Ashe/LeBlanc (FR/NX),51,0.0232452142206016
2024-02-08T17:00:00Z,Caitlyn/Teemo (FR/PZ),25,0.0113947128532361
2024-02-08T17:00:00Z,Seraphine/Sett (IO/PZ),34,0.0154968094804011
2024-02-08T17:00:00Z,Janna/Nilah (BW/PZ),22,0.0100273473108478
2024-02-08T17:00:00Z,Karma/Sett (IO/PZ),42,0.0191431175934366
2024-02-08T17:00:00Z,Aurelion Sol/Elder Dragon (RU/MT),55,0.0250683682771194
2024-02-08T17:00:00Z,Elder Dragon/Galio/Morgana (RU/DE),54,0.02461257976299
2024-02-08T17:00:00Z,Pyke/Rek'Sai (BW/SH),57,0.0259799453053783
2024-02-08T17:00:00Z,Gwen/Zed (IO/SI),53,0.0241567912488605
2024-02-08T17:00:00Z,Elder Dragon/Mordekaiser/Viego (RU/SI),84,0.0382862351868733
2024-02-08T17:00:00Z,Annie/Jhin (RU/NX),101,0.0460346399270738
2024-02-08T18:00:00Z,Other,1385,0.690428713858425
2024-02-08T18:00:00Z,Elder Dragon/Volibear (RU/FR),56,0.0279162512462612
2024-02-08T18:00:00Z,Ashe/LeBlanc (FR/NX),43,0.0214356929212363
2024-02-08T18:00:00Z,Caitlyn/Teemo (FR/PZ),22,0.0109670987038883
2024-02-08T18:00:00Z,Seraphine/Sett (IO/PZ),28,0.0139581256231306
2024-02-08T18:00:00Z,Janna/Nilah (BW/PZ),43,0.0214356929212363
2024-02-08T18:00:00Z,Karma/Sett (IO/PZ),32,0.0159521435692921
2024-02-08T18:00:00Z,Aurelion Sol/Elder Dragon (RU/MT),27,0.0134596211365902
2024-02-08T18:00:00Z,Elder Dragon/Galio/Morgana (RU/DE),45,0.022432701894317
2024-02-08T18:00:00Z,Pyke/Rek'Sai (BW/SH),69,0.0343968095712861
2024-02-08T18:00:00Z,Gwen/Zed (IO/SI),74,0.036889332003988
2024-02-08T18:00:00Z,Elder Dragon/Mordekaiser/Viego (RU/SI),81,0.0403788634097707
2024-02-08T18:00:00Z,Annie/Jhin (RU/NX),101,0.0503489531405783
2024-02-08T19:00:00Z,Other,1402,0.727933541017653
2024-02-08T19:00:00Z,Elder Dragon/Volibear (RU/FR),25,0.0129802699896158
2024-02-08T19:00:00Z,Ashe/LeBlanc (FR/NX),13,0.00674974039460021
2024-02-08T19:00:00Z,Caitlyn/Teemo (FR/PZ),70,0.0363447559709242
2024-02-08T19:00:00Z,Seraphine/Sett (IO/PZ),23,0.0119418483904465
2024-02-08T19:00:00Z,Janna/Nilah (BW/PZ),36,0.0186915887850467
2024-02-08T19:00:00Z,Karma/Sett (IO/PZ),36,0.0186915887850467
2024-02-08T19:00:00Z,Aurelion Sol/Elder Dragon (RU/MT),31,0.0160955347871236
2024-02-08T19:00:00Z,Elder Dragon/Galio/Morgana (RU/DE),34,0.0176531671858775
2024-02-08T19:00:00Z,Pyke/Rek'Sai (BW/SH),54,0.0280373831775701
2024-02-08T19:00:00Z,Gwen/Zed (IO/SI),53,0.0275181723779855
2024-02-08T19:00:00Z,Elder Dragon/Mordekaiser/Viego (RU/SI),69,0.0358255451713396
2024-02-08T19:00:00Z,Annie/Jhin (RU/NX),80,0.0415368639667705
2024-02-08T20:00:00Z,Other,1273,0.721655328798186
2024-02-08T20:00:00Z,Elder Dragon/Volibear (RU/FR),27,0.0153061224489796
2024-02-08T20:00:00Z,Ashe/LeBlanc (FR/NX),28,0.0158730158730159
2024-02-08T20:00:00Z,Caitlyn/Teemo (FR/PZ),50,0.0283446712018141
2024-02-08T20:00:00Z,Seraphine/Sett (IO/PZ),28,0.0158730158730159
2024-02-08T20:00:00Z,Janna/Nilah (BW/PZ),33,0.0187074829931973
2024-02-08T20:00:00Z,Karma/Sett (IO/PZ),31,0.0175736961451247
2024-02-08T20:00:00Z,Aurelion Sol/Elder Dragon (RU/MT),37,0.0209750566893424
2024-02-08T20:00:00Z,Elder Dragon/Galio/Morgana (RU/DE),25,0.014172335600907
2024-02-08T20:00:00Z,Pyke/Rek'Sai (BW/SH),63,0.0357142857142857
2024-02-08T20:00:00Z,Gwen/Zed (IO/SI),56,0.0317460317460317
2024-02-08T20:00:00Z,Elder Dragon/Mordekaiser/Viego (RU/SI),47,0.0266439909297052
2024-02-08T20:00:00Z,Annie/Jhin (RU/NX),66,0.0374149659863946
2024-02-08T21:00:00Z,Other,1325,0.70855614973262
2024-02-08T21:00:00Z,Elder Dragon/Volibear (RU/FR),26,0.013903743315508
2024-02-08T21:00:00Z,Ashe/LeBlanc (FR/NX),20,0.0106951871657754
2024-02-08T21:00:00Z,Caitlyn/Teemo (FR/PZ),51,0.0272727272727273
2024-02-08T21:00:00Z,Seraphine/Sett (IO/PZ),27,0.0144385026737968
2024-02-08T21:00:00Z,Janna/Nilah (BW/PZ),40,0.0213903743315508
2024-02-08T21:00:00Z,Karma/Sett (IO/PZ),35,0.018716577540107
2024-02-08T21:00:00Z,Aurelion Sol/Elder Dragon (RU/MT),31,0.0165775401069519
2024-02-08T21:00:00Z,Elder Dragon/Galio/Morgana (RU/DE),48,0.025668449197861
2024-02-08T21:00:00Z,Pyke/Rek'Sai (BW/SH),96,0.0513368983957219
2024-02-08T21:00:00Z,Gwen/Zed (IO/SI),31,0.0165775401069519
2024-02-08T21:00:00Z,Elder Dragon/Mordekaiser/Viego (RU/SI),45,0.0240641711229947
2024-02-08T21:00:00Z,Annie/Jhin (RU/NX),95,0.0508021390374332
2024-02-08T22:00:00Z,Other,1364,0.742110990206746
2024-02-08T22:00:00Z,Elder Dragon/Volibear (RU/FR),37,0.0201305767138194
2024-02-08T22:00:00Z,Ashe/LeBlanc (FR/NX),26,0.014145810663765
2024-02-08T22:00:00Z,Caitlyn/Teemo (FR/PZ),24,0.0130576713819369
2024-02-08T22:00:00Z,Seraphine/Sett (IO/PZ),22,0.0119695321001088
2024-02-08T22:00:00Z,Janna/Nilah (BW/PZ),20,0.0108813928182807
2024-02-08T22:00:00Z,Karma/Sett (IO/PZ),34,0.0184983677910773
2024-02-08T22:00:00Z,Aurelion Sol/Elder Dragon (RU/MT),21,0.0114254624591948
2024-02-08T22:00:00Z,Elder Dragon/Galio/Morgana (RU/DE),40,0.0217627856365615
2024-02-08T22:00:00Z,Pyke/Rek'Sai (BW/SH),69,0.0375408052230686
2024-02-08T22:00:00Z,Gwen/Zed (IO/SI),69,0.0375408052230686
2024-02-08T22:00:00Z,Elder Dragon/Mordekaiser/Viego (RU/SI),42,0.0228509249183896
2024-02-08T22:00:00Z,Annie/Jhin (RU/NX),70,0.0380848748639826
2024-02-08T23:00:00Z,Other,1210,0.736906211936663
2024-02-08T23:00:00Z,Elder Dragon/Volibear (RU/FR),12,0.00730816077953715
2024-02-08T23:00:00Z,Ashe/LeBlanc (FR/NX),29,0.0176613885505481
2024-02-08T23:00:00Z,Caitlyn/Teemo (FR/PZ),39,0.0237515225334957
2024-02-08T23:00:00Z,Seraphine/Sett (IO/PZ),29,0.0176613885505481
2024-02-08T23:00:00Z,Janna/Nilah (BW/PZ),25,0.0152253349573691
2024-02-08T23:00:00Z,Karma/Sett (IO/PZ),22,0.0133982947624848
2024-02-08T23:00:00Z,Aurelion Sol/Elder Dragon (RU/MT),25,0.0152253349573691
2024-02-08T23:00:00Z,Elder Dragon/Galio/Morgana (RU/DE),49,0.0298416565164434
2024-02-08T23:00:00Z,Pyke/Rek'Sai (BW/SH),46,0.0280146163215591
2024-02-08T23:00:00Z,Gwen/Zed (IO/SI),52,0.0316686967113276
2024-02-08T23:00:00Z,Elder Dragon/Mordekaiser/Viego (RU/SI),44,0.0267965895249696
2024-02-08T23:00:00Z,Annie/Jhin (RU/NX),60,0.0365408038976857
2024-02-09T00:00:00Z,Other,1124,0.732724902216428
2024-02-09T00:00:00Z,Elder Dragon/Volibear (RU/FR),16,0.0104302477183833
2024-02-09T00:00:00Z,Ashe/LeBlanc (FR/NX),30,0.0195567144719687
2024-02-09T00:00:00Z,Caitlyn/Teemo (FR/PZ),31,0.0202086049543677
2024-02-09T00:00:00Z,Seraphine/Sett (IO/PZ),28,0.0182529335071708
2024-02-09T00:00:00Z,Janna/Nilah (BW/PZ),20,0.0130378096479791
2024-02-09T00:00:00Z,Karma/Sett (IO/PZ),30,0.0195567144719687
2024-02-09T00:00:00Z,Aurelion Sol/Elder Dragon (RU/MT),17,0.0110821382007823
2024-02-09T00:00:00Z,Elder Dragon/Galio/Morgana (RU/DE),28,0.0182529335071708
2024-02-09T00:00:00Z,Pyke/Rek'Sai (BW/SH),62,0.0404172099087353
2024-02-09T00:00:00Z,Gwen/Zed (IO/SI),61,0.0397653194263364
2024-02-09T00:00:00Z,Elder Dragon/Mordekaiser/Viego (RU/SI),27,0.0176010430247718
2024-02-09T00:00:00Z,Annie/Jhin (RU/NX),60,0.0391134289439374
2024-02-09T01:00:00Z,Other,1147,0.697688564476886
2024-02-09T01:00:00Z,Elder Dragon/Volibear (RU/FR),37,0.0225060827250608
2024-02-09T01:00:00Z,Ashe/LeBlanc (FR/NX),25,0.0152068126520681
2024-02-09T01:00:00Z,Caitlyn/Teemo (FR/PZ),34,0.0206812652068127
2024-02-09T01:00:00Z,Seraphine/Sett (IO/PZ),33,0.0200729927007299
2024-02-09T01:00:00Z,Janna/Nilah (BW/PZ),23,0.0139902676399027
2024-02-09T01:00:00Z,Karma/Sett (IO/PZ),26,0.0158150851581509
2024-02-09T01:00:00Z,Aurelion Sol/Elder Dragon (RU/MT),18,0.0109489051094891
2024-02-09T01:00:00Z,Elder Dragon/Galio/Morgana (RU/DE),43,0.0261557177615572
2024-02-09T01:00:00Z,Pyke/Rek'Sai (BW/SH),49,0.0298053527980535
2024-02-09T01:00:00Z,Gwen/Zed (IO/SI),77,0.0468369829683698
2024-02-09T01:00:00Z,Elder Dragon/Mordekaiser/Viego (RU/SI),62,0.037712895377129
2024-02-09T01:00:00Z,Annie/Jhin (RU/NX),70,0.0425790754257908
2024-02-09T02:00:00Z,Other,1089,0.708062418725618
2024-02-09T02:00:00Z,Elder Dragon/Volibear (RU/FR),23,0.0149544863459038
2024-02-09T02:00:00Z,Ashe/LeBlanc (FR/NX),34,0.0221066319895969
2024-02-09T02:00:00Z,Caitlyn/Teemo (FR/PZ),22,0.0143042912873862
2024-02-09T02:00:00Z,Seraphine/Sett (IO/PZ),28,0.0182054616384915
2024-02-09T02:00:00Z,Janna/Nilah (BW/PZ),25,0.0162548764629389
2024-02-09T02:00:00Z,Karma/Sett (IO/PZ),31,0.0201560468140442
2024-02-09T02:00:00Z,Aurelion Sol/Elder Dragon (RU/MT),50,0.0325097529258778
2024-02-09T02:00:00Z,Elder Dragon/Galio/Morgana (RU/DE),29,0.0188556566970091
2024-02-09T02:00:00Z,Pyke/Rek'Sai (BW/SH),32,0.0208062418725618
2024-02-09T02:00:00Z,Gwen/Zed (IO/SI),69,0.0448634590377113
2024-02-09T02:00:00Z,Elder Dragon/Mordekaiser/Viego (RU/SI),65,0.0422626788036411
2024-02-09T02:00:00Z,Annie/Jhin (RU/NX),41,0.0266579973992198
2024-02-09T03:00:00Z,Other,1025,0.666449934980494
2024-02-09T03:00:00Z,Elder Dragon/Volibear (RU/FR),13,0.00845253576072822
2024-02-09T03:00:00Z,Ashe/LeBlanc (FR/NX),33,0.0214564369310793
2024-02-09T03:00:00Z,Caitlyn/Teemo (FR/PZ),23,0.0149544863459038
2024-02-09T03:00:00Z,Seraphine/Sett (IO/PZ),33,0.0214564369310793
2024-02-09T03:00:00Z,Janna/Nilah (BW/PZ),28,0.0182054616384915
2024-02-09T03:00:00Z,Karma/Sett (IO/PZ),33,0.0214564369310793
2024-02-09T03:00:00Z,Aurelion Sol/Elder Dragon (RU/MT),37,0.0240572171651495
2024-02-09T03:00:00Z,Elder Dragon/Galio/Morgana (RU/DE),35,0.0227568270481144
2024-02-09T03:00:00Z,Pyke/Rek'Sai (BW/SH),52,0.0338101430429129
2024-02-09T03:00:00Z,Gwen/Zed (IO/SI),71,0.0461638491547464
2024-02-09T03:00:00Z,Elder Dragon/Mordekaiser/Viego (RU/SI),75,0.0487646293888166
2024-02-09T03:00:00Z,Annie/Jhin (RU/NX),80,0.0520156046814044
2024-02-09T04:00:00Z,Other,959,0.706185567010309
2024-02-09T04:00:00Z,Elder Dragon/Volibear (RU/FR),17,0.0125184094256259
2024-02-09T04:00:00Z,Ashe/LeBlanc (FR/NX),25,0.0184094256259205
2024-02-09T04:00:00Z,Caitlyn/Teemo (FR/PZ),26,0.0191458026509573
2024-02-09T04:00:00Z,Seraphine/Sett (IO/PZ),42,0.0309278350515464
2024-02-09T04:00:00Z,Janna/Nilah (BW/PZ),27,0.0198821796759941
2024-02-09T04:00:00Z,Karma/Sett (IO/PZ),23,0.0169366715758468
2024-02-09T04:00:00Z,Aurelion Sol/Elder Dragon (RU/MT),20,0.0147275405007364
2024-02-09T04:00:00Z,Elder Dragon/Galio/Morgana (RU/DE),30,0.0220913107511046
2024-02-09T04:00:00Z,Pyke/Rek'Sai (BW/SH),48,0.0353460972017673
2024-02-09T04:00:00Z,Gwen/Zed (IO/SI),37,0.0272459499263623
2024-02-09T04:00:00Z,Elder Dragon/Mordekaiser/Viego (RU/SI),57,0.0419734904270987
2024-02-09T04:00:00Z,Annie/Jhin (RU/NX),47,0.0346097201767305
2024-02-09T05:00:00Z,Other,1052,0.718579234972678
2024-02-09T05:00:00Z,Elder Dragon/Volibear (RU/FR),14,0.00956284153005464
2024-02-09T05:00:00Z,Ashe/LeBlanc (FR/NX),24,0.0163934426229508
2024-02-09T05:00:00Z,Caitlyn/Teemo (FR/PZ),38,0.0259562841530055
2024-02-09T05:00:00Z,Seraphine/Sett (IO/PZ),34,0.023224043715847
2024-02-09T05:00:00Z,Janna/Nilah (BW/PZ),30,0.0204918032786885
2024-02-09T05:00:00Z,Karma/Sett (IO/PZ),28,0.0191256830601093
2024-02-09T05:00:00Z,Aurelion Sol/Elder Dragon (RU/MT),22,0.0150273224043716
2024-02-09T05:00:00Z,Elder Dragon/Galio/Morgana (RU/DE),36,0.0245901639344262
2024-02-09T05:00:00Z,Pyke/Rek'Sai (BW/SH),48,0.0327868852459016
2024-02-09T05:00:00Z,Gwen/Zed (IO/SI),37,0.0252732240437159
2024-02-09T05:00:00Z,Elder Dragon/Mordekaiser/Viego (RU/SI),61,0.0416666666666667
2024-02-09T05:00:00Z,Annie/Jhin (RU/NX),40,0.0273224043715847
2024-02-09T06:00:00Z,Other,1102,0.686176836861768
2024-02-09T06:00:00Z,Elder Dragon/Volibear (RU/FR),14,0.0087173100871731
2024-02-09T06:00:00Z,Ashe/LeBlanc (FR/NX),24,0.0149439601494396
2024-02-09T06:00:00Z,Caitlyn/Teemo (FR/PZ),38,0.0236612702366127
2024-02-09T06:00:00Z,Seraphine/Sett (IO/PZ),45,0.0280199252801993
2024-02-09T06:00:00Z,Janna/Nilah (BW/PZ),45,0.0280199252801993
2024-02-09T06:00:00Z,Karma/Sett (IO/PZ),42,0.0261519302615193
2024-02-09T06:00:00Z,Aurelion Sol/Elder Dragon (RU/MT),39,0.0242839352428394
2024-02-09T06:00:00Z,Elder Dragon/Galio/Morgana (RU/DE),32,0.0199252801992528
2024-02-09T06:00:00Z,Pyke/Rek'Sai (BW/SH),43,0.026774595267746
2024-02-09T06:00:00Z,Gwen/Zed (IO/SI),50,0.0311332503113325
2024-02-09T06:00:00Z,Elder Dragon/Mordekaiser/Viego (RU/SI),65,0.0404732254047323
2024-02-09T06:00:00Z,Annie/Jhin (RU/NX),67,0.0417185554171856
2024-02-09T07:00:00Z,Other,1142,0.691283292978208
2024-02-09T07:00:00Z,Elder Dragon/Volibear (RU/FR),27,0.0163438256658596
2024-02-09T07:00:00Z,Ashe/LeBlanc (FR/NX),27,0.0163438256658596
2024-02-09T07:00:00Z,Caitlyn/Teemo (FR/PZ),27,0.0163438256658596
2024-02-09T07:00:00Z,Seraphine/Sett (IO/PZ),39,0.0236077481840194
2024-02-09T07:00:00Z,Janna/Nilah (BW/PZ),33,0.0199757869249395
2024-02-09T07:00:00Z,Karma/Sett (IO/PZ),35,0.0211864406779661
2024-02-09T07:00:00Z,Aurelion Sol/Elder Dragon (RU/MT),59,0.0357142857142857
2024-02-09T07:00:00Z,Elder Dragon/Galio/Morgana (RU/DE),42,0.0254237288135593
2024-02-09T07:00:00Z,Pyke/Rek'Sai (BW/SH),49,0.0296610169491525
2024-02-09T07:00:00Z,Gwen/Zed (IO/SI),45,0.0272397094430993
2024-02-09T07:00:00Z,Elder Dragon/Mordekaiser/Viego (RU/SI),59,0.0357142857142857
2024-02-09T07:00:00Z,Annie/Jhin (RU/NX),68,0.0411622276029056
2024-02-09T08:00:00Z,Other,1034,0.688415446071904
2024-02-09T08:00:00Z,Elder Dragon/Volibear (RU/FR),28,0.018641810918775
2024-02-09T08:00:00Z,Ashe/LeBlanc (FR/NX),16,0.0106524633821571
2024-02-09T08:00:00Z,Caitlyn/Teemo (FR/PZ),24,0.0159786950732357
2024-02-09T08:00:00Z,Seraphine/Sett (IO/PZ),34,0.0226364846870839
2024-02-09T08:00:00Z,Janna/Nilah (BW/PZ),23,0.0153129161118509
2024-02-09T08:00:00Z,Karma/Sett (IO/PZ),41,0.0272969374167776
2024-02-09T08:00:00Z,Aurelion Sol/Elder Dragon (RU/MT),59,0.0392809587217044
2024-02-09T08:00:00Z,Elder Dragon/Galio/Morgana (RU/DE),28,0.018641810918775
2024-02-09T08:00:00Z,Pyke/Rek'Sai (BW/SH),67,0.044607190412783
2024-02-09T08:00:00Z,Gwen/Zed (IO/SI),40,0.0266311584553928
2024-02-09T08:00:00Z,Elder Dragon/Mordekaiser/Viego (RU/SI),65,0.0432756324900133
2024-02-09T08:00:00Z,Annie/Jhin (RU/NX),43,0.0286284953395473
2024-02-09T09:00:00Z,Other,1037,0.653846153846154
2024-02-09T09:00:00Z,Elder Dragon/Volibear (RU/FR),27,0.0170239596469105
2024-02-09T09:00:00Z,Ashe/LeBlanc (FR/NX),17,0.010718789407314
2024-02-09T09:00:00Z,Caitlyn/Teemo (FR/PZ),43,0.0271122320302648
2024-02-09T09:00:00Z,Seraphine/Sett (IO/PZ),45,0.0283732660781841
2024-02-09T09:00:00Z,Janna/Nilah (BW/PZ),28,0.0176544766708701
2024-02-09T09:00:00Z,Karma/Sett (IO/PZ),43,0.0271122320302648
2024-02-09T09:00:00Z,Aurelion Sol/Elder Dragon (RU/MT),38,0.0239596469104666
2024-02-09T09:00:00Z,Elder Dragon/Galio/Morgana (RU/DE),42,0.0264817150063052
2024-02-09T09:00:00Z,Pyke/Rek'Sai (BW/SH),59,0.0372005044136192
2024-02-09T09:00:00Z,Gwen/Zed (IO/SI),59,0.0372005044136192
2024-02-09T09:00:00Z,Elder Dragon/Mordekaiser/Viego (RU/SI),67,0.0422446406052963
2024-02-09T09:00:00Z,Annie/Jhin (RU/NX),81,0.0510718789407314
2024-02-09T10:00:00Z,Other,1192,0.704491725768322
2024-02-09T10:00:00Z,Elder Dragon/Volibear (RU/FR),55,0.0325059101654846
2024-02-09T10:00:00Z,Ashe/LeBlanc (FR/NX),37,0.0218676122931442
2024-02-09T10:00:00Z,Caitlyn/Teemo (FR/PZ),23,0.0135933806146572
2024-02-09T10:00:00Z,Seraphine/Sett (IO/PZ),33,0.0195035460992908
2024-02-09T10:00:00Z,Janna/Nilah (BW/PZ),37,0.0218676122931442
2024-02-09T10:00:00Z,Karma/Sett (IO/PZ),32,0.0189125295508274
2024-02-09T10:00:00Z,Aurelion Sol/Elder Dragon (RU/MT),45,0.0265957446808511
2024-02-09T10:00:00Z,Elder Dragon/Galio/Morgana (RU/DE),26,0.0153664302600473
2024-02-09T10:00:00Z,Pyke/Rek'Sai (BW/SH),43,0.0254137115839244
2024-02-09T10:00:00Z,Gwen/Zed (IO/SI),42,0.024822695035461
2024-02-09T10:00:00Z,Elder Dragon/Mordekaiser/Viego (RU/SI),59,0.0348699763593381
2024-02-09T10:00:00Z,Annie/Jhin (RU/NX),68,0.0401891252955083
2024-02-09T11:00:00Z,Other,1303,0.720685840707965
2024-02-09T11:00:00Z,Elder Dragon/Volibear (RU/FR),41,0.0226769911504425
2024-02-09T11:00:00Z,Ashe/LeBlanc (FR/NX),25,0.0138274336283186
2024-02-09T11:00:00Z,Caitlyn/Teemo (FR/PZ),37,0.0204646017699115
2024-02-09T11:00:00Z,Seraphine/Sett (IO/PZ),28,0.0154867256637168
2024-02-09T11:00:00Z,Janna/Nilah (BW/PZ),16,0.00884955752212389
2024-02-09T11:00:00Z,Karma/Sett (IO/PZ),36,0.0199115044247788
2024-02-09T11:00:00Z,Aurelion Sol/Elder Dragon (RU/MT),41,0.0226769911504425
2024-02-09T11:00:00Z,Elder Dragon/Galio/Morgana (RU/DE),53,0.0293141592920354
2024-02-09T11:00:00Z,Pyke/Rek'Sai (BW/SH),34,0.0188053097345133
2024-02-09T11:00:00Z,Gwen/Zed (IO/SI),60,0.0331858407079646
2024-02-09T11:00:00Z,Elder Dragon/Mordekaiser/Viego (RU/SI),41,0.0226769911504425
2024-02-09T11:00:00Z,Annie/Jhin (RU/NX),93,0.0514380530973451
2024-02-09T12:00:00Z,Other,1321,0.689457202505219
2024-02-09T12:00:00Z,Elder Dragon/Volibear (RU/FR),27,0.0140918580375783
2024-02-09T12:00:00Z,Ashe/LeBlanc (FR/NX),34,0.0177453027139875
2024-02-09T12:00:00Z,Caitlyn/Teemo (FR/PZ),36,0.0187891440501044
2024-02-09T12:00:00Z,Seraphine/Sett (IO/PZ),45,0.0234864300626305
2024-02-09T12:00:00Z,Janna/Nilah (BW/PZ),15,0.00782881002087683
2024-02-09T12:00:00Z,Karma/Sett (IO/PZ),40,0.0208768267223382
2024-02-09T12:00:00Z,Aurelion Sol/Elder Dragon (RU/MT),62,0.0323590814196242
2024-02-09T12:00:00Z,Elder Dragon/Galio/Morgana (RU/DE),24,0.0125260960334029
2024-02-09T12:00:00Z,Pyke/Rek'Sai (BW/SH),54,0.0281837160751566
2024-02-09T12:00:00Z,Gwen/Zed (IO/SI),94,0.0490605427974948
2024-02-09T12:00:00Z,Elder Dragon/Mordekaiser/Viego (RU/SI),58,0.0302713987473904
2024-02-09T12:00:00Z,Annie/Jhin (RU/NX),106,0.0553235908141962
2024-02-09T13:00:00Z,Other,1358,0.685166498486377
2024-02-09T13:00:00Z,Elder Dragon/Volibear (RU/FR),39,0.0196770938446014
2024-02-09T13:00:00Z,Ashe/LeBlanc (FR/NX),42,0.0211907164480323
2024-02-09T13:00:00Z,Caitlyn/Teemo (FR/PZ),30,0.0151362260343088
2024-02-09T13:00:00Z,Seraphine/Sett (IO/PZ),58,0.029263370332997
2024-02-09T13:00:00Z,Janna/Nilah (BW/PZ),31,0.0156407669021191
2024-02-09T13:00:00Z,Karma/Sett (IO/PZ),52,0.0262361251261352
2024-02-09T13:00:00Z,Aurelion Sol/Elder Dragon (RU/MT),46,0.0232088799192735
2024-02-09T13:00:00Z,Elder Dragon/Galio/Morgana (RU/DE),34,0.0171543895055499
2024-02-09T13:00:00Z,Pyke/Rek'Sai (BW/SH),48,0.024217961654894
2024-02-09T13:00:00Z,Gwen/Zed (IO/SI),91,0.0459132189707366
2024-02-09T13:00:00Z,Elder Dragon/Mordekaiser/Viego (RU/SI),75,0.0378405650857719
2024-02-09T13:00:00Z,Annie/Jhin (RU/NX),78,0.0393541876892028
2024-02-09T14:00:00Z,Other,1452,0.673469387755102
2024-02-09T14:00:00Z,Elder Dragon/Volibear (RU/FR),52,0.0241187384044527
2024-02-09T14:00:00Z,Ashe/LeBlanc (FR/NX),22,0.0102040816326531
2024-02-09T14:00:00Z,Caitlyn/Teemo (FR/PZ),22,0.0102040816326531
2024-02-09T14:00:00Z,Seraphine/Sett (IO/PZ),53,0.024582560296846
2024-02-09T14:00:00Z,Janna/Nilah (BW/PZ),41,0.0190166975881262
2024-02-09T14:00:00Z,Karma/Sett (IO/PZ),60,0.0278293135435993
2024-02-09T14:00:00Z,Aurelion Sol/Elder Dragon (RU/MT),61,0.0282931354359926
2024-02-09T14:00:00Z,Elder Dragon/Galio/Morgana (RU/DE),57,0.0264378478664193
2024-02-09T14:00:00Z,Pyke/Rek'Sai (BW/SH),80,0.0371057513914657
2024-02-09T14:00:00Z,Gwen/Zed (IO/SI),84,0.038961038961039
2024-02-09T14:00:00Z,Elder Dragon/Mordekaiser/Viego (RU/SI),78,0.036178107606679
2024-02-09T14:00:00Z,Annie/Jhin (RU/NX),94,0.0435992578849722
2024-02-09T15:00:00Z,Other,1409,0.68265503875969
2024-02-09T15:00:00Z,Elder Dragon/Volibear (RU/FR),41,0.0198643410852713
2024-02-09T15:00:00Z,Ashe/LeBlanc (FR/NX),23,0.0111434108527132
2024-02-09T15:00:00Z,Caitlyn/Teemo (FR/PZ),16,0.00775193798449612
2024-02-09T15:00:00Z,Seraphine/Sett (IO/PZ),44,0.0213178294573643
2024-02-09T15:00:00Z,Janna/Nilah (BW/PZ),31,0.0150193798449612
2024-02-09T15:00:00Z,Karma/Sett (IO/PZ),41,0.0198643410852713
2024-02-09T15:00:00Z,Aurelion Sol/Elder Dragon (RU/MT),55,0.0266472868217054
2024-02-09T15:00:00Z,Elder Dragon/Galio/Morgana (RU/DE),61,0.0295542635658915
2024-02-09T15:00:00Z,Pyke/Rek'Sai (BW/SH),86,0.0416666666666667
2024-02-09T15:00:00Z,Gwen/Zed (IO/SI),92,0.0445736434108527
2024-02-09T15:00:00Z,Elder Dragon/Mordekaiser/Viego (RU/SI),73,0.0353682170542636
2024-02-09T15:00:00Z,Annie/Jhin (RU/NX),92,0.0445736434108527
2024-02-09T16:00:00Z,Other,1486,0.6937441643324
2024-02-09T16:00:00Z,Elder Dragon/Volibear (RU/FR),13,0.00606909430438842
2024-02-09T16:00:00Z,Ashe/LeBlanc (FR/NX),35,0.0163398692810458
2024-02-09T16:00:00Z,Caitlyn/Teemo (FR/PZ),42,0.0196078431372549
2024-02-09T16:00:00Z,Seraphine/Sett (IO/PZ),38,0.0177404295051354
2024-02-09T16:00:00Z,Janna/Nilah (BW/PZ),24,0.0112044817927171
2024-02-09T16:00:00Z,Karma/Sett (IO/PZ),41,0.019140989729225
2024-02-09T16:00:00Z,Aurelion Sol/Elder Dragon (RU/MT),51,0.0238095238095238
2024-02-09T16:00:00Z,Elder Dragon/Galio/Morgana (RU/DE),58,0.027077497665733
2024-02-09T16:00:00Z,Pyke/Rek'Sai (BW/SH),71,0.0331465919701214
2024-02-09T16:00:00Z,Gwen/Zed (IO/SI),98,0.0457516339869281
2024-02-09T16:00:00Z,Elder Dragon/Mordekaiser/Viego (RU/SI),82,0.0382819794584501
2024-02-09T16:00:00Z,Annie/Jhin (RU/NX),103,0.0480859010270775
2024-02-09T17:00:00Z,Other,1336,0.672708962739174
2024-02-09T17:00:00Z,Elder Dragon/Volibear (RU/FR),27,0.013595166163142
2024-02-09T17:00:00Z,Ashe/LeBlanc (FR/NX),51,0.0256797583081571
2024-02-09T17:00:00Z,Caitlyn/Teemo (FR/PZ),47,0.0236656596173212
2024-02-09T17:00:00Z,Seraphine/Sett (IO/PZ),50,0.0251762336354481
2024-02-09T17:00:00Z,Janna/Nilah (BW/PZ),44,0.0221550855991944
2024-02-09T17:00:00Z,Karma/Sett (IO/PZ),37,0.0186304128902316
2024-02-09T17:00:00Z,Aurelion Sol/Elder Dragon (RU/MT),37,0.0186304128902316
2024-02-09T17:00:00Z,Elder Dragon/Galio/Morgana (RU/DE),53,0.026686807653575
2024-02-09T17:00:00Z,Pyke/Rek'Sai (BW/SH),67,0.0337361530715005
2024-02-09T17:00:00Z,Gwen/Zed (IO/SI),66,0.0332326283987915
2024-02-09T17:00:00Z,Elder Dragon/Mordekaiser/Viego (RU/SI),72,0.0362537764350453
2024-02-09T17:00:00Z,Annie/Jhin (RU/NX),99,0.0498489425981873
2024-02-09T18:00:00Z,Other,1318,0.701063829787234
2024-02-09T18:00:00Z,Elder Dragon/Volibear (RU/FR),27,0.0143617021276596
2024-02-09T18:00:00Z,Ashe/LeBlanc (FR/NX),27,0.0143617021276596
2024-02-09T18:00:00Z,Caitlyn/Teemo (FR/PZ),53,0.0281914893617021
2024-02-09T18:00:00Z,Seraphine/Sett (IO/PZ),27,0.0143617021276596
2024-02-09T18:00:00Z,Janna/Nilah (BW/PZ),31,0.0164893617021277
2024-02-09T18:00:00Z,Karma/Sett (IO/PZ),30,0.0159574468085106
2024-02-09T18:00:00Z,Aurelion Sol/Elder Dragon (RU/MT),37,0.0196808510638298
2024-02-09T18:00:00Z,Elder Dragon/Galio/Morgana (RU/DE),64,0.0340425531914894
2024-02-09T18:00:00Z,Pyke/Rek'Sai (BW/SH),64,0.0340425531914894
2024-02-09T18:00:00Z,Gwen/Zed (IO/SI),55,0.0292553191489362
2024-02-09T18:00:00Z,Elder Dragon/Mordekaiser/Viego (RU/SI),72,0.0382978723404255
2024-02-09T18:00:00Z,Annie/Jhin (RU/NX),75,0.0398936170212766
2024-02-09T19:00:00Z,Other,1239,0.671908893709328
2024-02-09T19:00:00Z,Elder Dragon/Volibear (RU/FR),26,0.0140997830802603
2024-02-09T19:00:00Z,Ashe/LeBlanc (FR/NX),63,0.0341648590021692
2024-02-09T19:00:00Z,Caitlyn/Teemo (FR/PZ),51,0.0276572668112798
2024-02-09T19:00:00Z,Seraphine/Sett (IO/PZ),24,0.0130151843817787
2024-02-09T19:00:00Z,Janna/Nilah (BW/PZ),37,0.0200650759219089
2024-02-09T19:00:00Z,Karma/Sett (IO/PZ),25,0.0135574837310195
2024-02-09T19:00:00Z,Aurelion Sol/Elder Dragon (RU/MT),30,0.0162689804772234
2024-02-09T19:00:00Z,Elder Dragon/Galio/Morgana (RU/DE),41,0.022234273318872
2024-02-09T19:00:00Z,Pyke/Rek'Sai (BW/SH),75,0.0406724511930586
2024-02-09T19:00:00Z,Gwen/Zed (IO/SI),82,0.044468546637744
2024-02-09T19:00:00Z,Elder Dragon/Mordekaiser/Viego (RU/SI),73,0.039587852494577
2024-02-09T19:00:00Z,Annie/Jhin (RU/NX),78,0.0422993492407809
2024-02-09T20:00:00Z,Other,1105,0.69672131147541
2024-02-09T20:00:00Z,Elder Dragon/Volibear (RU/FR),26,0.0163934426229508
2024-02-09T20:00:00Z,Ashe/LeBlanc (FR/NX),33,0.0208070617906683
2024-02-09T20:00:00Z,Caitlyn/Teemo (FR/PZ),32,0.0201765447667087
2024-02-09T20:00:00Z,Seraphine/Sett (IO/PZ),23,0.0145018915510719
2024-02-09T20:00:00Z,Janna/Nilah (BW/PZ),29,0.0182849936948298
2024-02-09T20:00:00Z,Karma/Sett (IO/PZ),37,0.0233291298865069
2024-02-09T20:00:00Z,Aurelion Sol/Elder Dragon (RU/MT),23,0.0145018915510719
2024-02-09T20:00:00Z,Elder Dragon/Galio/Morgana (RU/DE),26,0.0163934426229508
2024-02-09T20:00:00Z,Pyke/Rek'Sai (BW/SH),67,0.0422446406052963
2024-02-09T20:00:00Z,Gwen/Zed (IO/SI),72,0.0453972257250946
2024-02-09T20:00:00Z,Elder Dragon/Mordekaiser/Viego (RU/SI),53,0.0334174022698613
2024-02-09T20:00:00Z,Annie/Jhin (RU/NX),60,0.0378310214375788
2024-02-09T21:00:00Z,Other,1216,0.711943793911007
2024-02-09T21:00:00Z,Elder Dragon/Volibear (RU/FR),31,0.0181498829039813
2024-02-09T21:00:00Z,Ashe/LeBlanc (FR/NX),28,0.0163934426229508
2024-02-09T21:00:00Z,Caitlyn/Teemo (FR/PZ),36,0.0210772833723653
2024-02-09T21:00:00Z,Seraphine/Sett (IO/PZ),34,0.0199063231850117
2024-02-09T21:00:00Z,Janna/Nilah (BW/PZ),44,0.0257611241217799
2024-02-09T21:00:00Z,Karma/Sett (IO/PZ),37,0.0216627634660422
2024-02-09T21:00:00Z,Aurelion Sol/Elder Dragon (RU/MT),23,0.0134660421545667
2024-02-09T21:00:00Z,Elder Dragon/Galio/Morgana (RU/DE),33,0.0193208430913349
2024-02-09T21:00:00Z,Pyke/Rek'Sai (BW/SH),52,0.0304449648711944
2024-02-09T21:00:00Z,Gwen/Zed (IO/SI),68,0.0398126463700234
2024-02-09T21:00:00Z,Elder Dragon/Mordekaiser/Viego (RU/SI),60,0.0351288056206089
2024-02-09T21:00:00Z,Annie/Jhin (RU/NX),46,0.0269320843091335
2024-02-09T22:00:00Z,Other,1154,0.693509615384615
2024-02-09T22:00:00Z,Elder Dragon/Volibear (RU/FR),25,0.0150240384615385
2024-02-09T22:00:00Z,Ashe/LeBlanc (FR/NX),29,0.0174278846153846
2024-02-09T22:00:00Z,Caitlyn/Teemo (FR/PZ),31,0.0186298076923077
2024-02-09T22:00:00Z,Seraphine/Sett (IO/PZ),33,0.0198317307692308
2024-02-09T22:00:00Z,Janna/Nilah (BW/PZ),48,0.0288461538461538
2024-02-09T22:00:00Z,Karma/Sett (IO/PZ),33,0.0198317307692308
2024-02-09T22:00:00Z,Aurelion Sol/Elder Dragon (RU/MT),33,0.0198317307692308
2024-02-09T22:00:00Z,Elder Dragon/Galio/Morgana (RU/DE),41,0.0246394230769231
2024-02-09T22:00:00Z,Pyke/Rek'Sai (BW/SH),59,0.0354567307692308
2024-02-09T22:00:00Z,Gwen/Zed (IO/SI),35,0.0210336538461538
2024-02-09T22:00:00Z,Elder Dragon/Mordekaiser/Viego (RU/SI),63,0.0378605769230769
2024-02-09T22:00:00Z,Annie/Jhin (RU/NX),80,0.0480769230769231
2024-02-09T23:00:00Z,Other,1102,0.687032418952619
2024-02-09T23:00:00Z,Elder Dragon/Volibear (RU/FR),15,0.00935162094763092
2024-02-09T23:00:00Z,Ashe/LeBlanc (FR/NX),52,0.0324189526184539
2024-02-09T23:00:00Z,Caitlyn/Teemo (FR/PZ),29,0.0180798004987531
2024-02-09T23:00:00Z,Seraphine/Sett (IO/PZ),38,0.0236907730673317
2024-02-09T23:00:00Z,Janna/Nilah (BW/PZ),33,0.020573566084788
2024-02-09T23:00:00Z,Karma/Sett (IO/PZ),27,0.0168329177057357
2024-02-09T23:00:00Z,Aurelion Sol/Elder Dragon (RU/MT),27,0.0168329177057357
2024-02-09T23:00:00Z,Elder Dragon/Galio/Morgana (RU/DE),36,0.0224438902743142
2024-02-09T23:00:00Z,Pyke/Rek'Sai (BW/SH),67,0.0417705735660848
2024-02-09T23:00:00Z,Gwen/Zed (IO/SI),48,0.029925187032419
2024-02-09T23:00:00Z,Elder Dragon/Mordekaiser/Viego (RU/SI),45,0.0280548628428928
2024-02-09T23:00:00Z,Annie/Jhin (RU/NX),85,0.0529925187032419
2024-02-10T00:00:00Z,Other,1007,0.666887417218543
2024-02-10T00:00:00Z,Elder Dragon/Volibear (RU/FR),29,0.019205298013245
2024-02-10T00:00:00Z,Ashe/LeBlanc (FR/NX),45,0.0298013245033113
2024-02-10T00:00:00Z,Caitlyn/Teemo (FR/PZ),54,0.0357615894039735
2024-02-10T00:00:00Z,Seraphine/Sett (IO/PZ),48,0.0317880794701987
2024-02-10T00:00:00Z,Janna/Nilah (BW/PZ),31,0.0205298013245033
2024-02-10T00:00:00Z,Karma/Sett (IO/PZ),19,0.0125827814569536
2024-02-10T00:00:00Z,Aurelion Sol/Elder Dragon (RU/MT),20,0.0132450331125828
2024-02-10T00:00:00Z,Elder Dragon/Galio/Morgana (RU/DE),27,0.0178807947019868
2024-02-10T00:00:00Z,Pyke/Rek'Sai (BW/SH),48,0.0317880794701987
2024-02-10T00:00:00Z,Gwen/Zed (IO/SI),53,0.0350993377483444
2024-02-10T00:00:00Z,Elder Dragon/Mordekaiser/Viego (RU/SI),60,0.0397350993377483
2024-02-10T00:00:00Z,Annie/Jhin (RU/NX),69,0.0456953642384106
2024-02-10T01:00:00Z,Other,968,0.646194926568758
2024-02-10T01:00:00Z,Elder Dragon/Volibear (RU/FR),33,0.0220293724966622
2024-02-10T01:00:00Z,Ashe/LeBlanc (FR/NX),30,0.0200267022696929
2024-02-10T01:00:00Z,Caitlyn/Teemo (FR/PZ),35,0.0233644859813084
2024-02-10T01:00:00Z,Seraphine/Sett (IO/PZ),32,0.0213618157543391
2024-02-10T01:00:00Z,Janna/Nilah (BW/PZ),28,0.0186915887850467
2024-02-10T01:00:00Z,Karma/Sett (IO/PZ),19,0.0126835781041389
2024-02-10T01:00:00Z,Aurelion Sol/Elder Dragon (RU/MT),28,0.0186915887850467
2024-02-10T01:00:00Z,Elder Dragon/Galio/Morgana (RU/DE),36,0.0240320427236315
2024-02-10T01:00:00Z,Pyke/Rek'Sai (BW/SH),68,0.0453938584779706
2024-02-10T01:00:00Z,Gwen/Zed (IO/SI),104,0.0694259012016021
2024-02-10T01:00:00Z,Elder Dragon/Mordekaiser/Viego (RU/SI),39,0.0260347129506008
2024-02-10T01:00:00Z,Annie/Jhin (RU/NX),78,0.0520694259012016
2024-02-10T02:00:00Z,Other,908,0.674591381872214
2024-02-10T02:00:00Z,Elder Dragon/Volibear (RU/FR),8,0.00594353640416048
2024-02-10T02:00:00Z,Ashe/LeBlanc (FR/NX),26,0.0193164933135215
2024-02-10T02:00:00Z,Caitlyn/Teemo (FR/PZ),34,0.025260029717682
2024-02-10T02:00:00Z,Seraphine/Sett (IO/PZ),38,0.0282317979197623
2024-02-10T02:00:00Z,Janna/Nilah (BW/PZ),28,0.0208023774145617
2024-02-10T02:00:00Z,Karma/Sett (IO/PZ),24,0.0178306092124814
2024-02-10T02:00:00Z,Aurelion Sol/Elder Dragon (RU/MT),4,0.00297176820208024
2024-02-10T02:00:00Z,Elder Dragon/Galio/Morgana (RU/DE),42,0.0312035661218425
2024-02-10T02:00:00Z,Pyke/Rek'Sai (BW/SH),59,0.0438335809806835
2024-02-10T02:00:00Z,Gwen/Zed (IO/SI),47,0.0349182763744428
2024-02-10T02:00:00Z,Elder Dragon/Mordekaiser/Viego (RU/SI),57,0.0423476968796434
2024-02-10T02:00:00Z,Annie/Jhin (RU/NX),71,0.0527488855869242
2024-02-10T03:00:00Z,Other,881,0.676651305683564
2024-02-10T03:00:00Z,Elder Dragon/Volibear (RU/FR),22,0.0168970814132104
2024-02-10T03:00:00Z,Ashe/LeBlanc (FR/NX),22,0.0168970814132104
2024-02-10T03:00:00Z,Caitlyn/Teemo (FR/PZ),22,0.0168970814132104
2024-02-10T03:00:00Z,Seraphine/Sett (IO/PZ),34,0.0261136712749616
2024-02-10T03:00:00Z,Janna/Nilah (BW/PZ),44,0.0337941628264209
2024-02-10T03:00:00Z,Karma/Sett (IO/PZ),31,0.0238095238095238
2024-02-10T03:00:00Z,Aurelion Sol/Elder Dragon (RU/MT),9,0.00691244239631337
2024-02-10T03:00:00Z,Elder Dragon/Galio/Morgana (RU/DE),42,0.032258064516129
2024-02-10T03:00:00Z,Pyke/Rek'Sai (BW/SH),54,0.0414746543778802
2024-02-10T03:00:00Z,Gwen/Zed (IO/SI),43,0.033026113671275
2024-02-10T03:00:00Z,Elder Dragon/Mordekaiser/Viego (RU/SI),56,0.0430107526881721
2024-02-10T03:00:00Z,Annie/Jhin (RU/NX),42,0.032258064516129
2024-02-10T04:00:00Z,Other,871,0.660849772382398
2024-02-10T04:00:00Z,Elder Dragon/Volibear (RU/FR),23,0.0174506828528073
2024-02-10T04:00:00Z,Ashe/LeBlanc (FR/NX),25,0.0189681335356601
2024-02-10T04:00:00Z,Caitlyn/Teemo (FR/PZ),18,0.0136570561456753
2024-02-10T04:00:00Z,Seraphine/Sett (IO/PZ),36,0.0273141122913505
2024-02-10T04:00:00Z,Janna/Nilah (BW/PZ),31,0.0235204855842185
2024-02-10T04:00:00Z,Karma/Sett (IO/PZ),13,0.00986342943854325
2024-02-10T04:00:00Z,Aurelion Sol/Elder Dragon (RU/MT),24,0.0182094081942337
2024-02-10T04:00:00Z,Elder Dragon/Galio/Morgana (RU/DE),26,0.0197268588770865
2024-02-10T04:00:00Z,Pyke/Rek'Sai (BW/SH),80,0.0606980273141123
2024-02-10T04:00:00Z,Gwen/Zed (IO/SI),49,0.0371775417298938
2024-02-10T04:00:00Z,Elder Dragon/Mordekaiser/Viego (RU/SI),53,0.0402124430955994
2024-02-10T04:00:00Z,Annie/Jhin (RU/NX),69,0.0523520485584219
2024-02-10T05:00:00Z,Other,738,0.674588665447898
2024-02-10T05:00:00Z,Elder Dragon/Volibear (RU/FR),12,0.0109689213893967
2024-02-10T05:00:00Z,Ashe/LeBlanc (FR/NX),15,0.0137111517367459
2024-02-10T05:00:00Z,Caitlyn/Teemo (FR/PZ),25,0.0228519195612431
2024-02-10T05:00:00Z,Seraphine/Sett (IO/PZ),31,0.0283363802559415
2024-02-10T05:00:00Z,Janna/Nilah (BW/PZ),29,0.026508226691042
2024-02-10T05:00:00Z,Karma/Sett (IO/PZ),13,0.0118829981718464
2024-02-10T05:00:00Z,Aurelion Sol/Elder Dragon (RU/MT),33,0.030164533820841
2024-02-10T05:00:00Z,Elder Dragon/Galio/Morgana (RU/DE),17,0.0155393053016453
2024-02-10T05:00:00Z,Pyke/Rek'Sai (BW/SH),59,0.0539305301645338
2024-02-10T05:00:00Z,Gwen/Zed (IO/SI),40,0.036563071297989
2024-02-10T05:00:00Z,Elder Dragon/Mordekaiser/Viego (RU/SI),42,0.0383912248628885
2024-02-10T05:00:00Z,Annie/Jhin (RU/NX),40,0.036563071297989
2024-02-10T06:00:00Z,Other,382,0.70479704797048
2024-02-10T06:00:00Z,Elder Dragon/Volibear (RU/FR),3,0.00553505535055351
2024-02-10T06:00:00Z,Ashe/LeBlanc (FR/NX),6,0.011070110701107
2024-02-10T06:00:00Z,Caitlyn/Teemo (FR/PZ),4,0.00738007380073801
2024-02-10T06:00:00Z,Seraphine/Sett (IO/PZ),14,0.025830258302583
2024-02-10T06:00:00Z,Janna/Nilah (BW/PZ),4,0.00738007380073801
2024-02-10T06:00:00Z,Karma/Sett (IO/PZ),23,0.0424354243542435
2024-02-10T06:00:00Z,Aurelion Sol/Elder Dragon (RU/MT),10,0.018450184501845
2024-02-10T06:00:00Z,Elder Dragon/Galio/Morgana (RU/DE),6,0.011070110701107
2024-02-10T06:00:00Z,Pyke/Rek'Sai (BW/SH),17,0.0313653136531365
2024-02-10T06:00:00Z,Gwen/Zed (IO/SI),33,0.0608856088560886
2024-02-10T06:00:00Z,Elder Dragon/Mordekaiser/Viego (RU/SI),18,0.033210332103321
2024-02-10T06:00:00Z,Annie/Jhin (RU/NX),22,0.040590405904059
2024-02-10T07:00:00Z,Other,17,0.607142857142857
2024-02-10T07:00:00Z,Elder Dragon/Volibear (RU/FR),0,0
2024-02-10T07:00:00Z,Ashe/LeBlanc (FR/NX),1,0.0357142857142857
2024-02-10T07:00:00Z,Caitlyn/Teemo (FR/PZ),0,0
2024-02-10T07:00:00Z,Seraphine/Sett (IO/PZ),1,0.0357142857142857
2024-02-10T07:00:00Z,Janna/Nilah (BW/PZ),1,0.0357142857142857
2024-02-10T07:00:00Z,Karma/Sett (IO/PZ),0,0
2024-02-10T07:00:00Z,Aurelion Sol/Elder Dragon (RU/MT),1,0.0357142857142857
2024-02-10T07:00:00Z,Elder Dragon/Galio/Morgana (RU/DE),0,0
2024-02-10T07:00:00Z,Pyke/Rek'Sai (BW/SH),2,0.0714285714285714
2024-02-10T07:00:00Z,Gwen/Zed (IO/SI),1,0.0357142857142857
2024-02-10T07:00:00Z,Elder Dragon/Mordekaiser/Viego (RU/SI),0,0
2024-02-10T07:00:00Z,Annie/Jhin (RU/NX),4,0.142857142857143
