archetype_1,archetype_2,mu_win,mu_n,mu_wr
Malphite/Yasuo (IO/MT),Azir/Irelia (IO/SH),0,1,0
The Poro King (BW/RU),Azir/Irelia (IO/SH),0,1,0
Maokai/Nautilus (BW/SI),Azir/Irelia (IO/SH),0,1,0
Jhin/Udyr (FR/RU),Azir/Irelia (IO/SH),0,1,0
Garen/Udyr (DE/FR),Azir/Irelia (IO/SH),0,1,0
Fizz/Samira (BW/NX),Azir/Irelia (IO/SH),0,1,0
Morgana/Udyr (DE/FR),Azir/Irelia (IO/SH),0,1,0
LeBlanc/Sivir (NX/SH),Azir/Irelia (IO/SH),0,1,0
Azir/Irelia (IO/SH),Miss Fortune/Poppy (BW/DE),0,1,0
Akshan/Master Yi (IO/SH),Azir/Irelia (IO/SH),0,1,0
Irelia/Miss Fortune (BW/IO),Azir/Irelia (IO/SH),0,1,0
Illaoi (BW/IO),Azir/Irelia (IO/SH),0,1,0
Ryze (RU/SI),Azir/Irelia (IO/SH),0,1,0
Jinx/Lulu (BC/PZ),Akshan/Mordekaiser (SI/SH),0,1,0
Elder Dragon/Trundle/Volibear (RU/FR),Azir/Irelia (IO/SH),0,1,0
Akshan/Zilean (BC/SH),Azir/Irelia (IO/SH),0,1,0
Azir/Irelia (IO/SH),The Poro King (PZ/RU),0,1,0
Braum/The Poro King (FR/RU),Azir/Irelia (IO/SH),0,1,0
Ezreal/Kennen (IO/PZ),Senna/Viktor (PZ/SI),0,1,0
Lux: Illuminated/Zoe (DE/MT),Senna/Viktor (PZ/SI),0,1,0
Elise (FR/SI),Azir/Irelia (IO/SH),0,1,0
Azir/Irelia (IO/SH),Fizz/Yuumi (BC/PZ),0,1,0
Evelynn/Kayle (RU/MT),Azir/Irelia (IO/SH),0,1,0
Azir/Irelia (IO/SH),Elise/Twisted Fate (BW/SI),0,1,0
Championless (MT/SI),Azir/Irelia (IO/SH),0,1,0
Gwen/Kindred (NX/SI),Senna/Viktor (PZ/SI),0,1,0
Senna/Viktor (PZ/SI),Vayne/Zed (DE/IO),0,1,0
Senna/Viktor (PZ/SI),Samira/Seraphine (NX/PZ),0,1,0
Karma/Sett (IO/SI),Elder Dragon/Morgana (RU/DE),0,1,0
Mordekaiser/Norra (BC/SI),Elder Dragon/Morgana (RU/DE),0,1,0
Azir/Irelia (IO/SH),Kalista (SI),0,1,0
Aurelion Sol/Shyvana (DE/MT),Senna/Viktor (PZ/SI),0,1,0
Azir/Irelia (IO/SH),Jarvan IV/Lux (DE/PZ),0,1,0
Azir/Irelia (IO/SH),Sion (NX/PZ),0,1,0
Elder Dragon/Ornn/Sejuani/Volibear (RU/FR),Azir/Irelia (IO/SH),0,1,0
Azir/Irelia (IO/SH),Draven/Jinx (NX/PZ),0,1,0
Azir/Nasus/Renekton (SH),Azir/Irelia (IO/SH),0,1,0
Jinx/Samira (NX/PZ),Azir/Irelia (IO/SH),0,1,0
Karma/Sett (IO/SI),Annie/Jhin (RU/NX),0,1,0
Azir/Irelia (IO/SH),Katarina/Yasuo (IO/NX),0,1,0
Azir/Irelia (IO/SH),Senna/Viktor (PZ/SI),0,1,0
Ashe/Elise (FR/SI),Karma/Sett (IO/SI),0,1,0
Elder Dragon/Galio/Morgana (RU/DE),Ashe/Elise (FR/SI),0,1,0
Nidalee/Norra (BC/SH),Elder Dragon/Galio/Morgana (RU/DE),0,1,0
Jarvan IV/Shen (DE/IO),Nidalee/Norra (BC/SH),0,1,0
Azir/Irelia (IO/SH),Akshan/Morgana/Taliyah (DE/SH),0,1,0
Nidalee/Norra (BC/SH),Poppy/Ziggs (BC/NX),0,1,0
Senna/Viktor (PZ/SI),Caitlyn/Teemo (FR/PZ),0,1,0
Elder Dragon/Galio/Morgana (RU/DE),Senna/Viktor (PZ/SI),0,1,0
Kalista/Viego (SI),Senna/Viktor (PZ/SI),0,1,0
Pyke/Rek'Sai (BW/SH),Karma/Sett (IO/SI),0,1,0
Fiora (DE/FR),Karma/Sett (IO/SI),0,1,0
Draven/Sivir (NX/SH),Senna/Viktor (PZ/SI),0,1,0
Taliyah/Zilean (IO/SH),Karma/Sett (IO/SI),0,1,0
Senna/Viktor (PZ/SI),Nilah/Twisted Fate (BW/PZ),0,1,0
Senna/Viktor (PZ/SI),Anivia (FR/SI),0,1,0
Nilah/Twisted Fate (BW/PZ),Elder Dragon/Galio/Morgana (RU/DE),0,1,0
Karma/Sett (IO/SI),Nilah/Twisted Fate (BW/PZ),0,1,0
Elder Dragon (RU/FR),Senna/Viktor (PZ/SI),0,1,0
Aphelios/Viktor (MT/PZ),Elder Dragon/Galio/Morgana (RU/DE),0,1,0
Gwen (PZ/SI),Elder Dragon/Galio/Morgana (RU/DE),0,1,0
Ashe (FR/IO),Elder Dragon/Galio/Morgana (RU/DE),0,1,0
Elder Dragon/Galio/Morgana (RU/DE),Championpile/Elder Dragon (RU/FR),0,1,0
Elder Dragon/Morgana (RU/DE),Elder Dragon/Galio/Morgana (RU/DE),0,1,0
Trundle/Tryndamere (FR/SI),Azir/Irelia (IO/SH),0,1,0
Aphelios/Zoe (MT/PZ),Trundle/Tryndamere (FR/SI),0,1,0
Trundle/Tryndamere (FR/SI),Katarina/Yasuo (IO/NX),0,1,0
Karma/Sett (IO/PZ),Trundle/Tryndamere (FR/SI),0,1,0
Elder Dragon/Galio/Morgana (RU/DE),Trundle/Tryndamere (FR/SI),0,1,0
Aatrox/Azir (RU/SH),Elder Dragon/Galio/Morgana (RU/DE),0,1,0
Elise/Nocturne (NX/SI),Elder Dragon/Morgana (RU/DE),0,1,0
Senna/Veigar (BC/SI),Elder Dragon/Morgana (RU/DE),0,1,0
Senna/Veigar (BC/SI),Elder Dragon/Galio/Morgana (RU/DE),0,1,0
The Poro King/Yuumi (MT/RU),Elder Dragon/Galio/Morgana (RU/DE),0,1,0
Braum/Lillia (FR/IO),Elder Dragon/Galio/Morgana (RU/DE),0,1,0
Elder Dragon/Galio/Morgana (RU/DE),Poppy/Teemo (BC/MT),0,1,0
Teemo/Zoe (BC/MT),Senna/Viktor (PZ/SI),0,1,0
Lissandra/Mordekaiser (FR/SI),Elder Dragon/Galio/Morgana (RU/DE),0,1,0
Ekko/Zilean (PZ/SH),Elder Dragon/Galio/Morgana (RU/DE),0,1,0
Ahri/Katarina (IO/NX),Elder Dragon/Galio/Morgana (RU/DE),0,1,0
Trundle/Tryndamere (DE/FR),Elder Dragon/Galio/Morgana (RU/DE),0,1,0
Norra (BC/FR),Elder Dragon/Galio/Morgana (RU/DE),0,1,0
Senna (PZ/SI),Elder Dragon/Galio/Morgana (RU/DE),0,1,0
Elder Dragon/Galio/Morgana (RU/DE),Gwen/Mordekaiser (BC/SI),0,1,0
Gnar/Kayle/Udyr (FR/MT),Elder Dragon/Galio/Morgana (RU/DE),0,1,0
Aurelion Sol/Karma (IO/MT),Elder Dragon/Galio/Morgana (RU/DE),0,1,0
Trundle/Tryndamere (FR/SI),Viktor/Zoe (MT/PZ),0,1,0
Elder Dragon/Galio/Morgana (RU/DE),Gwen/Katarina (NX/SI),0,1,0
Gangplank/Sejuani (BW/FR),Elder Dragon/Galio/Morgana (RU/DE),0,1,0
Lulu/Quinn (BC/DE),Elder Dragon/Galio/Morgana (RU/DE),0,1,0
Elder Dragon/Galio/Morgana (RU/DE),Kindred/Nasus (SI/SH),0,1,0
Viktor/Zoe (MT/PZ),Elder Dragon/Galio/Morgana (RU/DE),0,1,0
Akshan/Mordekaiser (SI/SH),Elder Dragon/Galio/Morgana (RU/DE),0,1,0
Janna/Nilah (BW/PZ),Elder Dragon/Galio/Morgana (RU/DE),0,1,0
Jax/Ornn (FR/RU),Elder Dragon/Galio/Morgana (RU/DE),0,1,0
Swain/Yasuo (IO/NX),Elder Dragon/Galio/Morgana (RU/DE),0,1,0
Jarvan IV/Shen (DE/IO),Elder Dragon/Galio/Morgana (RU/DE),0,1,0
Elder Dragon/Galio/Morgana (RU/DE),Mordekaiser/Norra (BC/SI),0,1,0
Azir/Renekton (SH),Elder Dragon/Galio/Morgana (RU/DE),0,1,0
Darius (FR/NX),Elder Dragon/Galio/Morgana (RU/DE),0,1,0
Elder Dragon/Galio/Morgana (RU/DE),Ekko/Jinx (PZ/SH),0,1,0
Annie/Miss Fortune (BW/NX),Elder Dragon/Galio/Morgana (RU/DE),0,1,0
Lillia (FR/IO),Elder Dragon/Norra (RU/BC),0,1,0
Kalista (NX/SI),Elder Dragon/Norra (RU/BC),0,1,0
Azir/Irelia (IO/SH),Aphelios/Morgana (MT/SI),0,1,0
Aphelios/Zoe (IO/MT),Elder Dragon/Galio/Morgana (RU/DE),0,1,0
Elder Dragon (RU/FR),Bard/Mordekaiser (RU/SI),0,1,0
Elder Dragon (RU/FR),Aatrox/Kayn (RU/RU),0,1,0
Heimerdinger/Norra (BC/SI),Elder Dragon (RU/FR),0,1,0
Elder Dragon/Garen (RU/DE),Aurelion Sol/Shyvana (DE/MT),0,1,0
Ekko/Zilean (PZ/SH),Elder Dragon/Garen (RU/DE),0,1,0
Azir/Xerath (SH),Elder Dragon/Garen (RU/DE),0,1,0
Elder Dragon/Garen (RU/DE),Rumble/Vayne (DE/NX),0,1,0
Ashe/LeBlanc (FR/NX),Elder Dragon (RU/FR),0,1,0
Lucian/Zed (DE/IO),Elder Dragon (RU/FR),0,1,0
Elder Dragon (RU/FR),Jinx/Lulu (BC/PZ),0,1,0
Aatrox/Quinn/Vayne (RU/DE),Elder Dragon/Garen (RU/DE),0,1,0
Elder Dragon/Norra (RU/BC),Elder Dragon/Garen (RU/DE),0,1,0
Elder Dragon (RU/FR),Elder Dragon/Garen (RU/DE),0,1,0
Elder Dragon/Volibear (RU/FR),Elder Dragon/Garen (RU/DE),0,1,0
Elise/Nocturne (NX/SI),Elder Dragon/Garen (RU/DE),0,1,0
Neeko/Poppy (DE/RU),Poppy/Ziggs (BC/NX),0,1,0
Rek'Sai (SH),Poppy/Ziggs (BC/NX),0,1,0
Elder Dragon (RU/FR),Poppy/Ziggs (BC/NX),0,1,0
Teemo (BC/PZ),Poppy/Ziggs (BC/NX),0,1,0
Championless (SI),Draven/Rumble (BC/NX),0,1,0
Draven/Sion (FR/NX),Elder Dragon (RU/FR),0,1,0
Kalista/Nasus (SI/SH),Elder Dragon (RU/FR),0,1,0
Janna/Senna (PZ/SI),Karma/Sett (IO/PZ),0,1,0
Janna/Senna (PZ/SI),Katarina/Twisted Fate (BW/NX),0,1,0
Poppy/Ziggs (BC/NX),Nilah/Twisted Fate (BW/PZ),0,1,0
Janna/Senna (PZ/SI),Aatrox/Kayn (RU/RU),0,1,0
Elder Dragon/Garen (RU/DE),Norra (BC/SH),0,1,0
Elder Dragon/Garen (RU/DE),Taliyah (BC/SH),0,1,0
Caitlyn/Teemo (BC/PZ),Elder Dragon/Garen (RU/DE),0,1,0
Elder Dragon/Galio/Morgana (RU/DE),Karma/Seraphine (IO/PZ),0,1,0
Teemo (BC/SH),Poppy/Ziggs (BC/NX),0,1,0
Anivia/Tryndamere (FR/SI),Elder Dragon/Norra (RU/BC),0,1,0
Elder Dragon/Norra (RU/BC),Aurelion Sol/Trundle (FR/MT),0,1,0
Elder Dragon/Norra (RU/BC),Teemo/Zoe (BC/MT),0,1,0
Ezreal/Seraphine (BC/PZ),Janna/Senna (PZ/SI),0,1,0
Championless (SI),Janna/Senna (PZ/SI),0,1,0
Ryze (IO/RU),Championless (SI),0,1,0
Ryze (IO/RU),Akshan/Sivir (FR/SH),0,1,0
Ryze (IO/RU),Championpile/Elder Dragon (RU/FR),0,1,0
Nasus/Thresh (SI/SH),Poppy/Ziggs (BC/NX),0,1,0
Poppy/Ziggs (BC/NX),Taliyah/Zilean (IO/SH),0,1,0
Elder Dragon/Norra (RU/BC),Morgana/Udyr (DE/FR),0,1,0
Elder Dragon/Norra (RU/BC),Caitlyn/Teemo (FR/PZ),0,1,0
Kai'Sa (DE/SH),Caitlyn/Teemo (FR/PZ),0,1,0
Pyke/Rek'Sai (BW/SH),LeBlanc/Udyr (FR/NX),0,1,0
Elder Dragon/Morgana/Shyvana (RU/DE),Caitlyn/Teemo (FR/PZ),0,1,0
Akshan/Sivir (FR/SH),Caitlyn/Teemo (FR/PZ),0,1,0
Shyvana (DE/FR),Caitlyn/Teemo (FR/PZ),0,1,0
The Poro King (RU),Caitlyn/Teemo (FR/PZ),0,1,0
Caitlyn/Teemo (FR/PZ),Elise/Nocturne (NX/SI),0,1,0
Nilah/Twisted Fate (BW/PZ),Caitlyn/Teemo (FR/PZ),0,1,0
Caitlyn/Teemo (FR/PZ),Aurelion Sol/Shyvana (DE/MT),0,1,0
Championpile/Elder Dragon (RU/DE),Caitlyn/Teemo (FR/PZ),0,1,0
Caitlyn/Teemo (FR/PZ),Gwen/Zed (IO/SI),0,1,0
Kayle (IO/MT),Caitlyn/Teemo (FR/PZ),0,1,0
Rumble/Vayne (DE/NX),Caitlyn/Teemo (FR/PZ),0,1,0
Caitlyn/Teemo (FR/PZ),Annie/Jhin (RU/NX),0,1,0
Karma/Seraphine/Sett (IO/PZ),Caitlyn/Teemo (FR/PZ),0,1,0
Ezreal/Seraphine (FR/PZ),Caitlyn/Teemo (FR/PZ),0,1,0
Poppy/Ziggs (BC/NX),Ezreal/Karma/Seraphine (IO/PZ),0,1,0
Poppy/Ziggs (BC/NX),Karma/Sett (IO/PZ),0,1,0
Karma/Sett (IO/PZ),Taliyah/Zilean (IO/SH),0,1,0
Karma/Sett (IO/PZ),Elder Dragon/Morgana (RU/DE),0,1,0
Morgana (DE/MT),Ezreal/Karma/Seraphine (IO/PZ),0,1,0
Poppy/Ziggs (BC/NX),Jax/Vi (RU/PZ),0,1,0
Senna/Veigar (BC/SI),Jax/Vi (RU/PZ),0,1,0
Jax/Ornn (FR/RU),Jax/Vi (RU/PZ),0,1,0
Janna/Nilah (BW/PZ),Jax/Vi (RU/PZ),0,1,0
Jinx/Teemo (BC/PZ),Jax/Vi (RU/PZ),0,1,0
Azir/Renekton (SH),Jax/Vi (RU/PZ),0,1,0
Ryze (IO/RU),Seraphine/Sett (IO/PZ),0,1,0
Draven/Riven (FR/NX),Seraphine/Sett (IO/PZ),0,1,0
Janna/Nilah (BW/PZ),Elder Dragon/Volibear (RU/FR),0,1,0
Kayle/Zed (IO/MT),Caitlyn/Teemo (FR/PZ),0,1,0
Karma/Sett (FR/IO),Seraphine/Sett (IO/PZ),0,1,0
Jax/Vi (RU/PZ),Pyke/Rek'Sai (BW/SH),0,1,0
Elder Dragon/Norra (RU/BC),Pyke/Rek'Sai (BW/SH),0,1,0
Elder Dragon/Norra (RU/BC),Annie/Jhin (RU/NX),0,1,0
Championpile/Elder Dragon (RU/FR),Elder Dragon/Norra (RU/BC),0,1,0
Braum/Elder Dragon (RU/FR),Nilah/Twisted Fate (BW/PZ),0,1,0
Darius/Sion (NX),Nilah/Twisted Fate (BW/PZ),0,1,0
Lux: Illuminated/Vex (BC/DE),Nilah/Twisted Fate (BW/PZ),0,1,0
Elder Dragon/Shyvana (RU/DE),Elder Dragon/Norra (RU/BC),0,1,0
Championless (FR/SH),Elder Dragon/Norra (RU/BC),0,1,0
Leona/Yasuo (IO/MT),Elder Dragon/Norra (RU/BC),0,1,0
Elder Dragon/Norra (RU/BC),Championless (SI),0,1,0
Caitlyn/Teemo (FR/PZ),Jax/Vi (RU/PZ),0,1,0
Championless (FR/SH),Caitlyn/Teemo (FR/PZ),0,1,0
Irelia/Miss Fortune (BW/IO),Elder Dragon/Norra (RU/BC),0,1,0
Shyvana/Viego (DE/SI),Elder Dragon/Norra (RU/BC),0,1,0
Braum/Udyr (DE/FR),Elder Dragon/Norra (RU/BC),0,1,0
Elder Dragon/Norra (RU/BC),Elder Dragon/Lissandra/Volibear (RU/FR),0,1,0
Elder Dragon/Norra (RU/BC),Elise/Nocturne (NX/SI),0,1,0
Pyke/Rek'Sai (BW/SH),Fiora (DE/FR),0,1,0
Ezreal/Seraphine (BC/PZ),Elder Dragon/Galio/Morgana (RU/DE),0,1,0
Championless (BC/PZ),Elder Dragon/Norra (RU/BC),0,1,0
Akshan/Lee Sin (IO/SH),Elder Dragon/Norra (RU/BC),0,1,0
Elder Dragon/Norra (RU/BC),Azir/Xerath (SH),0,1,0
Karma/Sett (FR/IO),Elder Dragon/Norra (RU/BC),0,1,0
Katarina/Yasuo (IO/NX),Elder Dragon/Norra (RU/BC),0,1,0
Elder Dragon/Norra (RU/BC),Aurelion Sol/Elder Dragon/Morgana (RU/MT),0,1,0
Yuumi/Zoe (FR/MT),Azir/Irelia (IO/SH),0,1,0
Senna/Veigar (BC/SI),Janna/Norra (BC/PZ),0,1,0
Senna/Veigar (BC/SI),Miss Fortune/Swain (BW/NX),0,1,0
Fiora (DE/FR),Elder Dragon/Volibear (RU/FR),0,1,0
Fiora (DE/FR),Jayce/Lux (DE/PZ),0,1,0
Lee Sin/Sett (IO/SH),Ezreal/Seraphine (BC/PZ),0,1,0
Ashe/LeBlanc (FR/NX),Nocturne/Vex (PZ/SI),0,1,0
Draven/Katarina (FR/NX),Ashe/LeBlanc (FR/NX),0,1,0
Draven/Katarina (FR/NX),Nocturne (SI),0,1,0
Jinx/Lulu (BC/PZ),Kayle/Poppy (DE/MT),0,1,0
Lucian/Miss Fortune (BW/DE),Jinx/Lulu (BC/PZ),0,1,0
Jinx/Lulu (BC/PZ),Karma/Sett (IO/PZ),0,1,0
Nocturne (SI),Jinx/Lulu (BC/PZ),0,1,0
Elise/Nocturne (NX/SI),Jinx/Lulu (BC/PZ),0,1,0
Elder Dragon/Morgana (RU/MT),Jinx/Lulu (BC/PZ),0,1,0
Jinx/Lulu (BC/PZ),Annie/Jhin (RU/NX),0,1,0
Elder Dragon/Volibear (RU/FR),Jinx/Lulu (BC/PZ),0,1,0
Udyr/Zed (FR/IO),Azir/Irelia (IO/SH),0,1,0
Ashe (FR),Azir/Irelia (IO/SH),0,1,0
Azir/Irelia (IO/SH),Rumble/Vayne (DE/NX),0,1,0
Nocturne/Vex (PZ/SI),Pyke/Rek'Sai (BW/SH),0,1,0
Rumble/Vayne (DE/NX),Nocturne/Vex (PZ/SI),0,1,0
Nocturne/Vex (PZ/SI),Seraphine/Sett (IO/PZ),0,1,0
Mordekaiser/Viego (NX/SI),Nocturne/Vex (PZ/SI),0,1,0
Championless (SI),Karma/Sett (FR/IO),0,1,0
Akshan (BC/SH),Azir/Irelia (IO/SH),0,1,0
Azir/Irelia (IO/SH),Kalista/Nocturne (NX/SI),0,1,0
Ashe/Katarina/LeBlanc (FR/NX),Azir/Irelia (IO/SH),0,1,0
Master Yi/Taliyah (IO/SH),Azir/Irelia (IO/SH),0,1,0
Kayle/Zed (IO/MT),Azir/Irelia (IO/SH),0,1,0
Bard/Illaoi (RU/BW),Azir/Irelia (IO/SH),0,1,0
Championless (PZ/SI),Azir/Irelia (IO/SH),0,1,0
Galio/Udyr (DE/FR),Azir/Irelia (IO/SH),0,1,0
Anivia (FR/SI),Azir/Irelia (IO/SH),0,1,0
Ezreal/Seraphine (PZ/SI),Azir/Irelia (IO/SH),0,1,0
Soraka/Vladimir (MT/NX),Azir/Irelia (IO/SH),0,1,0
Kindred/Senna (NX/SI),Elder Dragon/Seraphine/Viktor (RU/PZ),0,1,0
Elder Dragon/Seraphine/Viktor (RU/PZ),Kalista/Nocturne (SI),0,1,0
Elder Dragon/Lissandra/Volibear (RU/FR),Caitlyn/Teemo (FR/PZ),0,1,0
Ezreal/Seraphine (BC/PZ),Kindred/Morgana (DE/SI),0,1,0
Elder Dragon/Volibear (RU/FR),Ezreal/Seraphine (BC/PZ),0,1,0
Pyke/Rek'Sai (BW/SH),Ezreal/Seraphine (BC/PZ),0,1,0
Aurelion Sol/Seraphine/Viktor (MT/PZ),Ezreal/Seraphine (BC/PZ),0,1,0
Yasuo (IO/NX),Ezreal/Seraphine (BC/PZ),0,1,0
Aurelion Sol/Malphite (FR/MT),Ezreal/Seraphine (BC/PZ),0,1,0
Annie/Jhin (RU/NX),Ezreal/Seraphine (BC/PZ),0,1,0
Hecarim/Zed (IO/SI),Ezreal/Seraphine (BC/PZ),0,1,0
Lux: Illuminated/Vex (BC/DE),Azir/Irelia (IO/SH),0,1,0
Garen/Jarvan IV (DE/FR),Azir/Irelia (IO/SH),0,1,0
Evelynn/Kai'Sa (RU/SH),Karma/Sett (IO/PZ),0,1,0
Karma/Sett (IO/PZ),Hecarim/Thresh (DE/SI),0,1,0
Karma/Sett (IO/PZ),Azir/Xerath (SH),0,1,0
Elder Dragon/Galio/Morgana (RU/DE),Karma/Sett (IO/PZ),0,1,0
Akshan/Fiora (DE/SH),Azir/Irelia (IO/SH),0,1,0
Aurelion Sol/Elder Dragon (RU/MT),Annie/Jhin (RU/NX),0,1,0
Nilah/Twisted Fate (BW/PZ),Annie/Jhin (RU/NX),0,1,0
Tryndamere/Volibear (FR/SI),Annie/Jhin (RU/NX),0,1,0
Hecarim/Lucian (DE/SI),Annie/Jhin (RU/NX),0,1,0
Akshan/Samira (NX/SH),Annie/Jhin (RU/NX),0,1,0
Vayne/Zoe (DE/MT),Annie/Jhin (RU/NX),0,1,0
Gnar/Neeko (FR/RU),Annie/Jhin (RU/NX),0,1,0
The Poro King (MT/RU),Norra/Poppy (BC/FR),0,1,0
Ashe/LeBlanc (FR/NX),The Poro King (MT/RU),0,1,0
Caitlyn/Teemo (FR/PZ),The Poro King (MT/RU),0,1,0
Braum/Vladimir (FR/NX),Elder Dragon/Seraphine/Viktor (RU/PZ),0,1,0
Elder Dragon/Seraphine/Viktor (RU/PZ),Elder Dragon/Galio/Morgana (RU/DE),0,1,0
Kai'Sa (SI/SH),Fiora (DE/FR),0,1,0
Elise/Nocturne (NX/SI),Fiora (DE/FR),0,1,0
Ekko/Jinx (PZ/SH),Nocturne (SI),0,1,0
Nocturne (SI),Karma/Sett (FR/IO),0,1,0
Draven/Jinx (NX/PZ),Karma/Sett (IO/PZ),0,1,0
Akshan/Aphelios (MT/SH),Karma/Sett (IO/PZ),0,1,0
Nidalee (BC/SH),Azir/Irelia (IO/SH),0,1,0
Elder Dragon (RU/FR),Fiora/Shen (DE/IO),0,1,0
Annie/Jhin (RU/NX),Senna (NX/SI),0,1,0
Caitlyn/Teemo (BC/PZ),Annie/Jhin (RU/NX),0,1,0
Teemo/Zed (IO/PZ),Annie/Jhin (RU/NX),0,1,0
Annie/Jhin (RU/NX),Nocturne (SI),0,1,0
Akshan/Elder Dragon/Sivir (RU/SH),Azir/Irelia (IO/SH),0,1,0
Azir/Irelia (IO/SH),Rumble (DE/NX),0,1,0
Mordekaiser/Norra (BC/SI),Azir/Irelia (IO/SH),0,1,0
Azir/Irelia (IO/SH),Hecarim/Lucian (DE/SI),0,1,0
Nocturne (SI),Poppy/Ziggs (BC/NX),0,1,0
Ezreal/Senna/Veigar (PZ/SI),Nocturne (SI),0,1,0
Heimerdinger/Zoe (MT/PZ),Nocturne (SI),0,1,0
Heimerdinger/Norra (BC/SI),Azir/Irelia (IO/SH),0,1,0
Elder Dragon/Volibear (RU/FR),Elder Dragon/Seraphine/Viktor (RU/PZ),0,1,0
LeBlanc/Udyr (FR/NX),Elder Dragon/Seraphine/Viktor (RU/PZ),0,1,0
Elise (NX/SI),Annie/Jhin (RU/NX),0,1,0
Aphelios/Diana (MT/SI),Annie/Jhin (RU/NX),0,1,0
Taliyah/Zilean (IO/SH),Azir/Irelia (IO/SH),0,1,0
Hecarim/Zed (IO/SI),Azir/Irelia (IO/SH),0,1,0
Elder Dragon/Seraphine/Viktor (RU/PZ),Kindred/Senna (PZ/SI),0,1,0
Azir/Xerath (SH),Elder Dragon/Morgana (RU/DE),0,1,0
Jhin/Ziggs (BC/RU),Elder Dragon/Morgana (RU/DE),0,1,0
Elder Dragon/Morgana (RU/DE),Braum/Vladimir (FR/NX),0,1,0
Nidalee (BC/SH),Elder Dragon/Morgana (RU/DE),0,1,0
Championless (SI),Elder Dragon/Morgana (RU/DE),0,1,0
The Poro King (MT/RU),Elder Dragon/Seraphine/Viktor (RU/PZ),0,1,0
Elder Dragon/Trundle (RU/FR),Annie/Jhin (RU/NX),0,1,0
Annie/Jhin (RU/NX),Elise/Nocturne (SI),0,1,0
LeBlanc/Mordekaiser/Viego (NX/SI),Annie/Jhin (RU/NX),0,1,0
Ahri/Kennen (IO/SH),Azir/Irelia (IO/SH),0,1,0
Riven/Viktor (NX/PZ),Annie/Jhin (RU/NX),0,1,0
Akshan (BC/SH),Annie/Jhin (RU/NX),0,1,0
Taliyah/Zilean (IO/SH),Annie/Jhin (RU/NX),0,1,0
Rumble/Swain (BC/NX),Annie/Jhin (RU/NX),0,1,0
Aurelion Sol/Braum (FR/MT),Annie/Jhin (RU/NX),0,1,0
Karma/Sett (FR/IO),Annie/Jhin (RU/NX),0,1,0
Hecarim/Lucian/Maokai (DE/SI),Annie/Jhin (RU/NX),0,1,0
Anivia (FR/SI),Annie/Jhin (RU/NX),0,1,0
Lucian/Senna (DE/SI),Annie/Jhin (RU/NX),0,1,0
Kayle/Poppy (BC/MT),Annie/Jhin (RU/NX),0,1,0
Master Yi (IO/MT),Annie/Jhin (RU/NX),0,1,0
Nasus/Viego (SI/SH),Annie/Jhin (RU/NX),0,1,0
Annie/Jhin (RU/NX),Maokai (BW/SI),0,1,0
Zoe (MT/PZ),Nilah/Twisted Fate (BW/PZ),0,1,0
Akshan/Taliyah (BC/SH),Nilah/Twisted Fate (BW/PZ),0,1,0
Elder Dragon/Morgana (RU/DE),Pyke/Rek'Sai (BW/SH),0,1,0
Karma/Zoe (IO/MT),Elder Dragon/Morgana (RU/DE),0,1,0
Mordekaiser (PZ/SI),Annie/Jhin (RU/NX),0,1,0
Braum/Kayle/Yuumi (FR/MT),Annie/Jhin (RU/NX),0,1,0
Annie/Jhin (RU/NX),Annie/Jhin/Katarina (RU/NX),0,1,0
Ezreal/Seraphine (IO/PZ),Annie/Jhin (RU/NX),0,1,0
Annie/Jhin (RU/NX),Ornn/Vayne (DE/FR),0,1,0
Bard (RU/PZ),Azir/Irelia (IO/SH),0,1,0
Aurelion Sol/Elder Dragon/Zoe (RU/MT),Caitlyn/Teemo (FR/PZ),0,1,0
Elder Dragon (RU/FR),Ryze (IO/RU),0,1,0
Aurelion Sol/Braum (FR/MT),Nilah/Twisted Fate (BW/PZ),0,1,0
Ashe/LeBlanc (FR/NX),Nilah/Twisted Fate (BW/PZ),0,1,0
Gangplank/Sejuani (BW/FR),Nocturne/Vex (PZ/SI),0,1,0
Jinx (PZ/SH),Nocturne/Vex (PZ/SI),0,1,0
Azir/Renekton (SH),Annie/Jhin (RU/NX),0,1,0
Jack/Karma (BW/IO),Annie/Jhin (RU/NX),0,1,0
Annie/Jhin (RU/NX),Elder Dragon/Seraphine/Viktor (RU/PZ),0,1,0
Draven/Katarina (NX/PZ),Annie/Jhin (RU/NX),0,1,0
Akshan/Varus (SH/RU),Annie/Jhin (RU/NX),0,1,0
Aatrox/Vayne (RU/DE),Annie/Jhin (RU/NX),0,1,0
Kindred (SI/SH),Annie/Jhin (RU/NX),0,1,0
Norra/Zoe (BC/MT),Annie/Jhin (RU/NX),0,1,0
Annie/Jhin (RU/NX),Elder Dragon/Morgana (RU/DE),0,1,0
Ekko/Zilean (PZ/SH),Annie/Jhin (RU/NX),0,1,0
Nautilus (BW/SI),Azir/Irelia (IO/SH),0,1,0
Azir/Irelia (IO/SH),Norra (BC/IO),0,1,0
Ashe/Fiora (DE/FR),Azir/Irelia (IO/SH),0,1,0
Poppy/Ziggs (BC/NX),Nocturne/Vex (PZ/SI),0,1,0
Shyvana/Vayne (DE/MT),Nocturne/Vex (PZ/SI),0,1,0
Elder Dragon/Morgana (RU/DE),Nocturne/Vex (PZ/SI),0,1,0
Teemo/Tristana (BC/NX),Nocturne/Vex (PZ/SI),0,1,0
Draven/Sion (NX/PZ),Elder Dragon/Morgana (RU/DE),0,1,0
Janna/Nilah (BW/PZ),Nocturne/Vex (PZ/SI),0,1,0
Annie/Jhin (RU/NX),Seraphine/Sett (IO/PZ),0,1,0
Hecarim/Lucian (DE/SI),Ezreal/Seraphine (BC/PZ),0,1,0
Janna/Nilah/Twisted Fate (BW/PZ),Elder Dragon/Mordekaiser/Viego (RU/SI),0,1,0
Swain/Vi (NX/PZ),Janna/Nilah/Twisted Fate (BW/PZ),0,1,0
Ryze (IO/RU),Elder Dragon/Elise (RU/SI),0,1,0
Mordekaiser/Teemo (PZ/SI),Elder Dragon/Lissandra (RU/FR),0,1,0
Kindred/Nasus (SI/SH),Ryze (IO/RU),0,1,0
Fiora (DE/FR),Aurelion Sol/Tryndamere (FR/MT),0,1,0
Fiora (DE/FR),Braum/Garen (DE/FR),0,1,0
Fiora (DE/FR),Bard/Teemo (RU/PZ),0,1,0
Karma/Sett (IO/PZ),Seraphine/Viktor (IO/PZ),0,1,0
Jinx/Rumble/Samira (NX/PZ),Seraphine/Viktor (IO/PZ),0,1,0
Azir/Irelia/Kennen (IO/SH),Braum/Zoe (FR/MT),0,1,0
Lillia/Veigar (BC/IO),Neeko/Poppy (DE/RU),0,1,0
Nami/Zoe (BW/MT),Lillia/Veigar (BC/IO),0,1,0
Garen/Jarvan IV (DE),Lillia/Veigar (BC/IO),0,1,0
Akshan/Ekko (PZ/SH),Gnar/Swain (BC/NX),0,1,0
Akshan/Ekko (PZ/SH),Braum/Vladimir (FR/NX),0,1,0
Akshan/Ekko (PZ/SH),Ekko/Jinx (PZ/SH),0,1,0
Caitlyn/Norra (BC/PZ),Akshan/Seraphine (PZ/SH),0,1,0
Katarina/Yasuo (IO/NX),Lillia/Veigar (BC/IO),0,1,0
Elder Dragon/Janna/Seraphine (RU/PZ),Lillia/Veigar (BC/IO),0,1,0
Mordekaiser/Viego (BC/SI),Elder Dragon/Volibear (RU/FR),0,1,0
Janna/Senna (PZ/SI),Akshan/Ekko (PZ/SH),0,1,0
Master Yi/Yasuo (IO/MT),Akshan/Ekko (PZ/SH),0,1,0
Elder Dragon/Viego (RU/SI),Azir/Irelia (IO/SH),0,1,0
Anivia/Mordekaiser (FR/SI),Azir/Irelia (IO/SH),0,1,0
Lillia/Veigar (BC/IO),Draven/Jinx (NX/PZ),0,1,0
Akshan/LeBlanc (NX/SH),Lillia/Veigar (BC/IO),0,1,0
Azir/Xerath (SH),Elder Dragon/Volibear (RU/FR),0,1,0
Elder Dragon/Volibear (RU/FR),Fizz (BW/SH),0,1,0
Elder Dragon/Volibear (RU/FR),Elder Dragon/Lissandra/Trundle (RU/FR),0,1,0
Draven/Ezreal (NX/PZ),Elder Dragon/Volibear (RU/FR),0,1,0
Volibear (FR/NX),Azir/Irelia (IO/SH),0,1,0
Elder Dragon/Morgana/Shyvana (RU/DE),Azir/Irelia (IO/SH),0,1,0
Aphelios/Zoe (IO/MT),Azir/Irelia (IO/SH),0,1,0
Azir/Irelia (IO/SH),Aphelios/Seraphine (MT/PZ),0,1,0
Championless (SI),Elder Dragon/Volibear (RU/FR),0,1,0
Elder Dragon/Volibear (RU/FR),Janna (PZ/SI),0,1,0
Sion (NX/SI),Azir/Irelia (IO/SH),0,1,0
Ryze (IO/RU),Akshan/Seraphine (PZ/SH),0,1,0
Lillia/Veigar (BC/IO),Ezreal/Nilah (BW/PZ),0,1,0
Lillia/Veigar (BC/IO),Sett/Viktor (IO/PZ),0,1,0
Lillia/Veigar (BC/IO),Teemo/Udyr (FR/PZ),0,1,0
Norra/Teemo (BC/MT),Azir/Irelia (IO/SH),0,1,0
Braum/Zoe (FR/MT),Azir/Irelia (IO/SH),0,1,0
Azir/Irelia (IO/SH),Gwen/Ziggs (BC/SI),0,1,0
Nasus (SI/SH),Azir/Irelia (IO/SH),0,1,0
Kindred/Nasus (SI/SH),Morgana/Taliyah (DE/SH),0,1,0
Braum/Zoe (FR/MT),Championpile/Elder Dragon (RU/FR),0,1,0
Sion (NX/SI),Braum/Zoe (FR/MT),0,1,0
Ezreal/Janna (PZ/SI),Braum/Zoe (FR/MT),0,1,0
Fiora (DE/FR),Braum/Zoe (FR/MT),0,1,0
Braum/Zoe (FR/MT),Seraphine (MT/PZ),0,1,0
Garen/Jarvan IV (DE),Braum/Zoe (FR/MT),0,1,0
Azir/Irelia (IO/SH),Malphite/Yasuo (IO/MT),1,1,1
Azir/Irelia (IO/SH),The Poro King (BW/RU),1,1,1
Azir/Irelia (IO/SH),Maokai/Nautilus (BW/SI),1,1,1
Azir/Irelia (IO/SH),Jhin/Udyr (FR/RU),1,1,1
Azir/Irelia (IO/SH),Garen/Udyr (DE/FR),1,1,1
Azir/Irelia (IO/SH),Fizz/Samira (BW/NX),1,1,1
Azir/Irelia (IO/SH),Morgana/Udyr (DE/FR),1,1,1
Azir/Irelia (IO/SH),LeBlanc/Sivir (NX/SH),1,1,1
Miss Fortune/Poppy (BW/DE),Azir/Irelia (IO/SH),1,1,1
Azir/Irelia (IO/SH),Akshan/Master Yi (IO/SH),1,1,1
Azir/Irelia (IO/SH),Irelia/Miss Fortune (BW/IO),1,1,1
Azir/Irelia (IO/SH),Illaoi (BW/IO),1,1,1
Azir/Irelia (IO/SH),Ryze (RU/SI),1,1,1
Akshan/Mordekaiser (SI/SH),Jinx/Lulu (BC/PZ),1,1,1
Azir/Irelia (IO/SH),Elder Dragon/Trundle/Volibear (RU/FR),1,1,1
Azir/Irelia (IO/SH),Akshan/Zilean (BC/SH),1,1,1
The Poro King (PZ/RU),Azir/Irelia (IO/SH),1,1,1
Azir/Irelia (IO/SH),Braum/The Poro King (FR/RU),1,1,1
Senna/Viktor (PZ/SI),Ezreal/Kennen (IO/PZ),1,1,1
Senna/Viktor (PZ/SI),Lux: Illuminated/Zoe (DE/MT),1,1,1
Azir/Irelia (IO/SH),Elise (FR/SI),1,1,1
Fizz/Yuumi (BC/PZ),Azir/Irelia (IO/SH),1,1,1
Azir/Irelia (IO/SH),Evelynn/Kayle (RU/MT),1,1,1
Elise/Twisted Fate (BW/SI),Azir/Irelia (IO/SH),1,1,1
Azir/Irelia (IO/SH),Championless (MT/SI),1,1,1
Senna/Viktor (PZ/SI),Gwen/Kindred (NX/SI),1,1,1
Vayne/Zed (DE/IO),Senna/Viktor (PZ/SI),1,1,1
Samira/Seraphine (NX/PZ),Senna/Viktor (PZ/SI),1,1,1
Elder Dragon/Morgana (RU/DE),Karma/Sett (IO/SI),1,1,1
Elder Dragon/Morgana (RU/DE),Mordekaiser/Norra (BC/SI),1,1,1
Kalista (SI),Azir/Irelia (IO/SH),1,1,1
Senna/Viktor (PZ/SI),Aurelion Sol/Shyvana (DE/MT),1,1,1
Jarvan IV/Lux (DE/PZ),Azir/Irelia (IO/SH),1,1,1
Sion (NX/PZ),Azir/Irelia (IO/SH),1,1,1
Azir/Irelia (IO/SH),Elder Dragon/Ornn/Sejuani/Volibear (RU/FR),1,1,1
Draven/Jinx (NX/PZ),Azir/Irelia (IO/SH),1,1,1
Azir/Irelia (IO/SH),Azir/Nasus/Renekton (SH),1,1,1
Azir/Irelia (IO/SH),Jinx/Samira (NX/PZ),1,1,1
Annie/Jhin (RU/NX),Karma/Sett (IO/SI),1,1,1
Katarina/Yasuo (IO/NX),Azir/Irelia (IO/SH),1,1,1
Senna/Viktor (PZ/SI),Azir/Irelia (IO/SH),1,1,1
Karma/Sett (IO/SI),Ashe/Elise (FR/SI),1,1,1
Ashe/Elise (FR/SI),Elder Dragon/Galio/Morgana (RU/DE),1,1,1
Elder Dragon/Galio/Morgana (RU/DE),Nidalee/Norra (BC/SH),1,1,1
Nidalee/Norra (BC/SH),Jarvan IV/Shen (DE/IO),1,1,1
Akshan/Morgana/Taliyah (DE/SH),Azir/Irelia (IO/SH),1,1,1
Poppy/Ziggs (BC/NX),Nidalee/Norra (BC/SH),1,1,1
Caitlyn/Teemo (FR/PZ),Senna/Viktor (PZ/SI),1,1,1
Senna/Viktor (PZ/SI),Elder Dragon/Galio/Morgana (RU/DE),1,1,1
Senna/Viktor (PZ/SI),Kalista/Viego (SI),1,1,1
Karma/Sett (IO/SI),Pyke/Rek'Sai (BW/SH),1,1,1
Karma/Sett (IO/SI),Fiora (DE/FR),1,1,1
Senna/Viktor (PZ/SI),Draven/Sivir (NX/SH),1,1,1
Karma/Sett (IO/SI),Taliyah/Zilean (IO/SH),1,1,1
Nilah/Twisted Fate (BW/PZ),Senna/Viktor (PZ/SI),1,1,1
Anivia (FR/SI),Senna/Viktor (PZ/SI),1,1,1
Elder Dragon/Galio/Morgana (RU/DE),Nilah/Twisted Fate (BW/PZ),1,1,1
Nilah/Twisted Fate (BW/PZ),Karma/Sett (IO/SI),1,1,1
Senna/Viktor (PZ/SI),Elder Dragon (RU/FR),1,1,1
Elder Dragon/Galio/Morgana (RU/DE),Aphelios/Viktor (MT/PZ),1,1,1
Elder Dragon/Galio/Morgana (RU/DE),Gwen (PZ/SI),1,1,1
Elder Dragon/Galio/Morgana (RU/DE),Ashe (FR/IO),1,1,1
Championpile/Elder Dragon (RU/FR),Elder Dragon/Galio/Morgana (RU/DE),1,1,1
Elder Dragon/Galio/Morgana (RU/DE),Elder Dragon/Morgana (RU/DE),1,1,1
Azir/Irelia (IO/SH),Trundle/Tryndamere (FR/SI),1,1,1
Trundle/Tryndamere (FR/SI),Aphelios/Zoe (MT/PZ),1,1,1
Katarina/Yasuo (IO/NX),Trundle/Tryndamere (FR/SI),1,1,1
Trundle/Tryndamere (FR/SI),Karma/Sett (IO/PZ),1,1,1
Trundle/Tryndamere (FR/SI),Elder Dragon/Galio/Morgana (RU/DE),1,1,1
Elder Dragon/Galio/Morgana (RU/DE),Aatrox/Azir (RU/SH),1,1,1
Elder Dragon/Morgana (RU/DE),Elise/Nocturne (NX/SI),1,1,1
Elder Dragon/Morgana (RU/DE),Senna/Veigar (BC/SI),1,1,1
Elder Dragon/Galio/Morgana (RU/DE),Senna/Veigar (BC/SI),1,1,1
Elder Dragon/Galio/Morgana (RU/DE),The Poro King/Yuumi (MT/RU),1,1,1
Elder Dragon/Galio/Morgana (RU/DE),Braum/Lillia (FR/IO),1,1,1
Poppy/Teemo (BC/MT),Elder Dragon/Galio/Morgana (RU/DE),1,1,1
Senna/Viktor (PZ/SI),Teemo/Zoe (BC/MT),1,1,1
Elder Dragon/Galio/Morgana (RU/DE),Lissandra/Mordekaiser (FR/SI),1,1,1
Elder Dragon/Galio/Morgana (RU/DE),Ekko/Zilean (PZ/SH),1,1,1
Elder Dragon/Galio/Morgana (RU/DE),Ahri/Katarina (IO/NX),1,1,1
Elder Dragon/Galio/Morgana (RU/DE),Trundle/Tryndamere (DE/FR),1,1,1
Elder Dragon/Galio/Morgana (RU/DE),Norra (BC/FR),1,1,1
Elder Dragon/Galio/Morgana (RU/DE),Senna (PZ/SI),1,1,1
Gwen/Mordekaiser (BC/SI),Elder Dragon/Galio/Morgana (RU/DE),1,1,1
Elder Dragon/Galio/Morgana (RU/DE),Gnar/Kayle/Udyr (FR/MT),1,1,1
Elder Dragon/Galio/Morgana (RU/DE),Aurelion Sol/Karma (IO/MT),1,1,1
Viktor/Zoe (MT/PZ),Trundle/Tryndamere (FR/SI),1,1,1
Gwen/Katarina (NX/SI),Elder Dragon/Galio/Morgana (RU/DE),1,1,1
Elder Dragon/Galio/Morgana (RU/DE),Gangplank/Sejuani (BW/FR),1,1,1
Elder Dragon/Galio/Morgana (RU/DE),Lulu/Quinn (BC/DE),1,1,1
Kindred/Nasus (SI/SH),Elder Dragon/Galio/Morgana (RU/DE),1,1,1
Elder Dragon/Galio/Morgana (RU/DE),Viktor/Zoe (MT/PZ),1,1,1
Elder Dragon/Galio/Morgana (RU/DE),Akshan/Mordekaiser (SI/SH),1,1,1
Elder Dragon/Galio/Morgana (RU/DE),Janna/Nilah (BW/PZ),1,1,1
Elder Dragon/Galio/Morgana (RU/DE),Jax/Ornn (FR/RU),1,1,1
Elder Dragon/Galio/Morgana (RU/DE),Swain/Yasuo (IO/NX),1,1,1
Elder Dragon/Galio/Morgana (RU/DE),Jarvan IV/Shen (DE/IO),1,1,1
Mordekaiser/Norra (BC/SI),Elder Dragon/Galio/Morgana (RU/DE),1,1,1
Elder Dragon/Galio/Morgana (RU/DE),Azir/Renekton (SH),1,1,1
Elder Dragon/Galio/Morgana (RU/DE),Darius (FR/NX),1,1,1
Ekko/Jinx (PZ/SH),Elder Dragon/Galio/Morgana (RU/DE),1,1,1
Elder Dragon/Galio/Morgana (RU/DE),Annie/Miss Fortune (BW/NX),1,1,1
Elder Dragon/Norra (RU/BC),Lillia (FR/IO),1,1,1
Elder Dragon/Norra (RU/BC),Kalista (NX/SI),1,1,1
Aphelios/Morgana (MT/SI),Azir/Irelia (IO/SH),1,1,1
Elder Dragon/Galio/Morgana (RU/DE),Aphelios/Zoe (IO/MT),1,1,1
Bard/Mordekaiser (RU/SI),Elder Dragon (RU/FR),1,1,1
Aatrox/Kayn (RU/RU),Elder Dragon (RU/FR),1,1,1
Elder Dragon (RU/FR),Heimerdinger/Norra (BC/SI),1,1,1
Aurelion Sol/Shyvana (DE/MT),Elder Dragon/Garen (RU/DE),1,1,1
Elder Dragon/Garen (RU/DE),Ekko/Zilean (PZ/SH),1,1,1
Elder Dragon/Garen (RU/DE),Azir/Xerath (SH),1,1,1
Rumble/Vayne (DE/NX),Elder Dragon/Garen (RU/DE),1,1,1
Elder Dragon (RU/FR),Ashe/LeBlanc (FR/NX),1,1,1
Elder Dragon (RU/FR),Lucian/Zed (DE/IO),1,1,1
Jinx/Lulu (BC/PZ),Elder Dragon (RU/FR),1,1,1
Elder Dragon/Garen (RU/DE),Aatrox/Quinn/Vayne (RU/DE),1,1,1
Elder Dragon/Garen (RU/DE),Elder Dragon/Norra (RU/BC),1,1,1
Elder Dragon/Garen (RU/DE),Elder Dragon (RU/FR),1,1,1
Elder Dragon/Garen (RU/DE),Elder Dragon/Volibear (RU/FR),1,1,1
Elder Dragon/Garen (RU/DE),Elise/Nocturne (NX/SI),1,1,1
Poppy/Ziggs (BC/NX),Neeko/Poppy (DE/RU),1,1,1
Poppy/Ziggs (BC/NX),Rek'Sai (SH),1,1,1
Poppy/Ziggs (BC/NX),Elder Dragon (RU/FR),1,1,1
Poppy/Ziggs (BC/NX),Teemo (BC/PZ),1,1,1
Draven/Rumble (BC/NX),Championless (SI),1,1,1
Elder Dragon (RU/FR),Draven/Sion (FR/NX),1,1,1
Elder Dragon (RU/FR),Kalista/Nasus (SI/SH),1,1,1
Karma/Sett (IO/PZ),Janna/Senna (PZ/SI),1,1,1
Katarina/Twisted Fate (BW/NX),Janna/Senna (PZ/SI),1,1,1
Nilah/Twisted Fate (BW/PZ),Poppy/Ziggs (BC/NX),1,1,1
Aatrox/Kayn (RU/RU),Janna/Senna (PZ/SI),1,1,1
Norra (BC/SH),Elder Dragon/Garen (RU/DE),1,1,1
Taliyah (BC/SH),Elder Dragon/Garen (RU/DE),1,1,1
Elder Dragon/Garen (RU/DE),Caitlyn/Teemo (BC/PZ),1,1,1
Karma/Seraphine (IO/PZ),Elder Dragon/Galio/Morgana (RU/DE),1,1,1
Poppy/Ziggs (BC/NX),Teemo (BC/SH),1,1,1
Elder Dragon/Norra (RU/BC),Anivia/Tryndamere (FR/SI),1,1,1
Aurelion Sol/Trundle (FR/MT),Elder Dragon/Norra (RU/BC),1,1,1
Teemo/Zoe (BC/MT),Elder Dragon/Norra (RU/BC),1,1,1
Janna/Senna (PZ/SI),Ezreal/Seraphine (BC/PZ),1,1,1
Janna/Senna (PZ/SI),Championless (SI),1,1,1
Championless (SI),Ryze (IO/RU),1,1,1
Akshan/Sivir (FR/SH),Ryze (IO/RU),1,1,1
Championpile/Elder Dragon (RU/FR),Ryze (IO/RU),1,1,1
Poppy/Ziggs (BC/NX),Nasus/Thresh (SI/SH),1,1,1
Taliyah/Zilean (IO/SH),Poppy/Ziggs (BC/NX),1,1,1
Morgana/Udyr (DE/FR),Elder Dragon/Norra (RU/BC),1,1,1
Caitlyn/Teemo (FR/PZ),Elder Dragon/Norra (RU/BC),1,1,1
Caitlyn/Teemo (FR/PZ),Kai'Sa (DE/SH),1,1,1
LeBlanc/Udyr (FR/NX),Pyke/Rek'Sai (BW/SH),1,1,1
Caitlyn/Teemo (FR/PZ),Elder Dragon/Morgana/Shyvana (RU/DE),1,1,1
Caitlyn/Teemo (FR/PZ),Akshan/Sivir (FR/SH),1,1,1
Caitlyn/Teemo (FR/PZ),Shyvana (DE/FR),1,1,1
Caitlyn/Teemo (FR/PZ),The Poro King (RU),1,1,1
Elise/Nocturne (NX/SI),Caitlyn/Teemo (FR/PZ),1,1,1
Caitlyn/Teemo (FR/PZ),Nilah/Twisted Fate (BW/PZ),1,1,1
Aurelion Sol/Shyvana (DE/MT),Caitlyn/Teemo (FR/PZ),1,1,1
Caitlyn/Teemo (FR/PZ),Championpile/Elder Dragon (RU/DE),1,1,1
Gwen/Zed (IO/SI),Caitlyn/Teemo (FR/PZ),1,1,1
Caitlyn/Teemo (FR/PZ),Kayle (IO/MT),1,1,1
Caitlyn/Teemo (FR/PZ),Rumble/Vayne (DE/NX),1,1,1
Annie/Jhin (RU/NX),Caitlyn/Teemo (FR/PZ),1,1,1
Caitlyn/Teemo (FR/PZ),Karma/Seraphine/Sett (IO/PZ),1,1,1
Caitlyn/Teemo (FR/PZ),Ezreal/Seraphine (FR/PZ),1,1,1
Ezreal/Karma/Seraphine (IO/PZ),Poppy/Ziggs (BC/NX),1,1,1
Karma/Sett (IO/PZ),Poppy/Ziggs (BC/NX),1,1,1
Taliyah/Zilean (IO/SH),Karma/Sett (IO/PZ),1,1,1
Elder Dragon/Morgana (RU/DE),Karma/Sett (IO/PZ),1,1,1
Ezreal/Karma/Seraphine (IO/PZ),Morgana (DE/MT),1,1,1
Jax/Vi (RU/PZ),Poppy/Ziggs (BC/NX),1,1,1
Jax/Vi (RU/PZ),Senna/Veigar (BC/SI),1,1,1
Jax/Vi (RU/PZ),Jax/Ornn (FR/RU),1,1,1
Jax/Vi (RU/PZ),Janna/Nilah (BW/PZ),1,1,1
Jax/Vi (RU/PZ),Jinx/Teemo (BC/PZ),1,1,1
Jax/Vi (RU/PZ),Azir/Renekton (SH),1,1,1
Seraphine/Sett (IO/PZ),Ryze (IO/RU),1,1,1
Seraphine/Sett (IO/PZ),Draven/Riven (FR/NX),1,1,1
Elder Dragon/Volibear (RU/FR),Janna/Nilah (BW/PZ),1,1,1
Caitlyn/Teemo (FR/PZ),Kayle/Zed (IO/MT),1,1,1
Seraphine/Sett (IO/PZ),Karma/Sett (FR/IO),1,1,1
Pyke/Rek'Sai (BW/SH),Jax/Vi (RU/PZ),1,1,1
Pyke/Rek'Sai (BW/SH),Elder Dragon/Norra (RU/BC),1,1,1
Annie/Jhin (RU/NX),Elder Dragon/Norra (RU/BC),1,1,1
Elder Dragon/Norra (RU/BC),Championpile/Elder Dragon (RU/FR),1,1,1
Nilah/Twisted Fate (BW/PZ),Braum/Elder Dragon (RU/FR),1,1,1
Nilah/Twisted Fate (BW/PZ),Darius/Sion (NX),1,1,1
Nilah/Twisted Fate (BW/PZ),Lux: Illuminated/Vex (BC/DE),1,1,1
Elder Dragon/Norra (RU/BC),Elder Dragon/Shyvana (RU/DE),1,1,1
Elder Dragon/Norra (RU/BC),Championless (FR/SH),1,1,1
Elder Dragon/Norra (RU/BC),Leona/Yasuo (IO/MT),1,1,1
Championless (SI),Elder Dragon/Norra (RU/BC),1,1,1
Jax/Vi (RU/PZ),Caitlyn/Teemo (FR/PZ),1,1,1
Caitlyn/Teemo (FR/PZ),Championless (FR/SH),1,1,1
Elder Dragon/Norra (RU/BC),Irelia/Miss Fortune (BW/IO),1,1,1
Elder Dragon/Norra (RU/BC),Shyvana/Viego (DE/SI),1,1,1
Elder Dragon/Norra (RU/BC),Braum/Udyr (DE/FR),1,1,1
Elder Dragon/Lissandra/Volibear (RU/FR),Elder Dragon/Norra (RU/BC),1,1,1
Elise/Nocturne (NX/SI),Elder Dragon/Norra (RU/BC),1,1,1
Fiora (DE/FR),Pyke/Rek'Sai (BW/SH),1,1,1
Elder Dragon/Galio/Morgana (RU/DE),Ezreal/Seraphine (BC/PZ),1,1,1
Elder Dragon/Norra (RU/BC),Championless (BC/PZ),1,1,1
Elder Dragon/Norra (RU/BC),Akshan/Lee Sin (IO/SH),1,1,1
Azir/Xerath (SH),Elder Dragon/Norra (RU/BC),1,1,1
Elder Dragon/Norra (RU/BC),Karma/Sett (FR/IO),1,1,1
Elder Dragon/Norra (RU/BC),Katarina/Yasuo (IO/NX),1,1,1
Aurelion Sol/Elder Dragon/Morgana (RU/MT),Elder Dragon/Norra (RU/BC),1,1,1
Azir/Irelia (IO/SH),Yuumi/Zoe (FR/MT),1,1,1
Janna/Norra (BC/PZ),Senna/Veigar (BC/SI),1,1,1
Miss Fortune/Swain (BW/NX),Senna/Veigar (BC/SI),1,1,1
Elder Dragon/Volibear (RU/FR),Fiora (DE/FR),1,1,1
Jayce/Lux (DE/PZ),Fiora (DE/FR),1,1,1
Ezreal/Seraphine (BC/PZ),Lee Sin/Sett (IO/SH),1,1,1
Nocturne/Vex (PZ/SI),Ashe/LeBlanc (FR/NX),1,1,1
Ashe/LeBlanc (FR/NX),Draven/Katarina (FR/NX),1,1,1
Nocturne (SI),Draven/Katarina (FR/NX),1,1,1
Kayle/Poppy (DE/MT),Jinx/Lulu (BC/PZ),1,1,1
Jinx/Lulu (BC/PZ),Lucian/Miss Fortune (BW/DE),1,1,1
Karma/Sett (IO/PZ),Jinx/Lulu (BC/PZ),1,1,1
Jinx/Lulu (BC/PZ),Nocturne (SI),1,1,1
Jinx/Lulu (BC/PZ),Elise/Nocturne (NX/SI),1,1,1
Jinx/Lulu (BC/PZ),Elder Dragon/Morgana (RU/MT),1,1,1
Annie/Jhin (RU/NX),Jinx/Lulu (BC/PZ),1,1,1
Jinx/Lulu (BC/PZ),Elder Dragon/Volibear (RU/FR),1,1,1
Azir/Irelia (IO/SH),Udyr/Zed (FR/IO),1,1,1
Azir/Irelia (IO/SH),Ashe (FR),1,1,1
Rumble/Vayne (DE/NX),Azir/Irelia (IO/SH),1,1,1
Pyke/Rek'Sai (BW/SH),Nocturne/Vex (PZ/SI),1,1,1
Nocturne/Vex (PZ/SI),Rumble/Vayne (DE/NX),1,1,1
Seraphine/Sett (IO/PZ),Nocturne/Vex (PZ/SI),1,1,1
Nocturne/Vex (PZ/SI),Mordekaiser/Viego (NX/SI),1,1,1
Karma/Sett (FR/IO),Championless (SI),1,1,1
Azir/Irelia (IO/SH),Akshan (BC/SH),1,1,1
Kalista/Nocturne (NX/SI),Azir/Irelia (IO/SH),1,1,1
Azir/Irelia (IO/SH),Ashe/Katarina/LeBlanc (FR/NX),1,1,1
Azir/Irelia (IO/SH),Master Yi/Taliyah (IO/SH),1,1,1
Azir/Irelia (IO/SH),Kayle/Zed (IO/MT),1,1,1
Azir/Irelia (IO/SH),Bard/Illaoi (RU/BW),1,1,1
Azir/Irelia (IO/SH),Championless (PZ/SI),1,1,1
Azir/Irelia (IO/SH),Galio/Udyr (DE/FR),1,1,1
Azir/Irelia (IO/SH),Anivia (FR/SI),1,1,1
Azir/Irelia (IO/SH),Ezreal/Seraphine (PZ/SI),1,1,1
Azir/Irelia (IO/SH),Soraka/Vladimir (MT/NX),1,1,1
Elder Dragon/Seraphine/Viktor (RU/PZ),Kindred/Senna (NX/SI),1,1,1
Kalista/Nocturne (SI),Elder Dragon/Seraphine/Viktor (RU/PZ),1,1,1
Caitlyn/Teemo (FR/PZ),Elder Dragon/Lissandra/Volibear (RU/FR),1,1,1
Kindred/Morgana (DE/SI),Ezreal/Seraphine (BC/PZ),1,1,1
Ezreal/Seraphine (BC/PZ),Elder Dragon/Volibear (RU/FR),1,1,1
Ezreal/Seraphine (BC/PZ),Pyke/Rek'Sai (BW/SH),1,1,1
Ezreal/Seraphine (BC/PZ),Aurelion Sol/Seraphine/Viktor (MT/PZ),1,1,1
Ezreal/Seraphine (BC/PZ),Yasuo (IO/NX),1,1,1
Ezreal/Seraphine (BC/PZ),Aurelion Sol/Malphite (FR/MT),1,1,1
Ezreal/Seraphine (BC/PZ),Annie/Jhin (RU/NX),1,1,1
Ezreal/Seraphine (BC/PZ),Hecarim/Zed (IO/SI),1,1,1
Azir/Irelia (IO/SH),Lux: Illuminated/Vex (BC/DE),1,1,1
Azir/Irelia (IO/SH),Garen/Jarvan IV (DE/FR),1,1,1
Karma/Sett (IO/PZ),Evelynn/Kai'Sa (RU/SH),1,1,1
Hecarim/Thresh (DE/SI),Karma/Sett (IO/PZ),1,1,1
Azir/Xerath (SH),Karma/Sett (IO/PZ),1,1,1
Karma/Sett (IO/PZ),Elder Dragon/Galio/Morgana (RU/DE),1,1,1
Azir/Irelia (IO/SH),Akshan/Fiora (DE/SH),1,1,1
Annie/Jhin (RU/NX),Aurelion Sol/Elder Dragon (RU/MT),1,1,1
Annie/Jhin (RU/NX),Nilah/Twisted Fate (BW/PZ),1,1,1
Annie/Jhin (RU/NX),Tryndamere/Volibear (FR/SI),1,1,1
Annie/Jhin (RU/NX),Hecarim/Lucian (DE/SI),1,1,1
Annie/Jhin (RU/NX),Akshan/Samira (NX/SH),1,1,1
Annie/Jhin (RU/NX),Vayne/Zoe (DE/MT),1,1,1
Annie/Jhin (RU/NX),Gnar/Neeko (FR/RU),1,1,1
Norra/Poppy (BC/FR),The Poro King (MT/RU),1,1,1
The Poro King (MT/RU),Ashe/LeBlanc (FR/NX),1,1,1
The Poro King (MT/RU),Caitlyn/Teemo (FR/PZ),1,1,1
Elder Dragon/Seraphine/Viktor (RU/PZ),Braum/Vladimir (FR/NX),1,1,1
Elder Dragon/Galio/Morgana (RU/DE),Elder Dragon/Seraphine/Viktor (RU/PZ),1,1,1
Fiora (DE/FR),Kai'Sa (SI/SH),1,1,1
Fiora (DE/FR),Elise/Nocturne (NX/SI),1,1,1
Nocturne (SI),Ekko/Jinx (PZ/SH),1,1,1
Karma/Sett (FR/IO),Nocturne (SI),1,1,1
Karma/Sett (IO/PZ),Draven/Jinx (NX/PZ),1,1,1
Karma/Sett (IO/PZ),Akshan/Aphelios (MT/SH),1,1,1
Azir/Irelia (IO/SH),Nidalee (BC/SH),1,1,1
Fiora/Shen (DE/IO),Elder Dragon (RU/FR),1,1,1
Senna (NX/SI),Annie/Jhin (RU/NX),1,1,1
Annie/Jhin (RU/NX),Caitlyn/Teemo (BC/PZ),1,1,1
Annie/Jhin (RU/NX),Teemo/Zed (IO/PZ),1,1,1
Nocturne (SI),Annie/Jhin (RU/NX),1,1,1
Azir/Irelia (IO/SH),Akshan/Elder Dragon/Sivir (RU/SH),1,1,1
Rumble (DE/NX),Azir/Irelia (IO/SH),1,1,1
Azir/Irelia (IO/SH),Mordekaiser/Norra (BC/SI),1,1,1
Hecarim/Lucian (DE/SI),Azir/Irelia (IO/SH),1,1,1
Poppy/Ziggs (BC/NX),Nocturne (SI),1,1,1
Nocturne (SI),Ezreal/Senna/Veigar (PZ/SI),1,1,1
Nocturne (SI),Heimerdinger/Zoe (MT/PZ),1,1,1
Azir/Irelia (IO/SH),Heimerdinger/Norra (BC/SI),1,1,1
Elder Dragon/Seraphine/Viktor (RU/PZ),Elder Dragon/Volibear (RU/FR),1,1,1
Elder Dragon/Seraphine/Viktor (RU/PZ),LeBlanc/Udyr (FR/NX),1,1,1
Annie/Jhin (RU/NX),Elise (NX/SI),1,1,1
Annie/Jhin (RU/NX),Aphelios/Diana (MT/SI),1,1,1
Azir/Irelia (IO/SH),Taliyah/Zilean (IO/SH),1,1,1
Azir/Irelia (IO/SH),Hecarim/Zed (IO/SI),1,1,1
Kindred/Senna (PZ/SI),Elder Dragon/Seraphine/Viktor (RU/PZ),1,1,1
Elder Dragon/Morgana (RU/DE),Azir/Xerath (SH),1,1,1
Elder Dragon/Morgana (RU/DE),Jhin/Ziggs (BC/RU),1,1,1
Braum/Vladimir (FR/NX),Elder Dragon/Morgana (RU/DE),1,1,1
Elder Dragon/Morgana (RU/DE),Nidalee (BC/SH),1,1,1
Elder Dragon/Morgana (RU/DE),Championless (SI),1,1,1
Elder Dragon/Seraphine/Viktor (RU/PZ),The Poro King (MT/RU),1,1,1
Annie/Jhin (RU/NX),Elder Dragon/Trundle (RU/FR),1,1,1
Elise/Nocturne (SI),Annie/Jhin (RU/NX),1,1,1
Annie/Jhin (RU/NX),LeBlanc/Mordekaiser/Viego (NX/SI),1,1,1
Azir/Irelia (IO/SH),Ahri/Kennen (IO/SH),1,1,1
Annie/Jhin (RU/NX),Riven/Viktor (NX/PZ),1,1,1
Annie/Jhin (RU/NX),Akshan (BC/SH),1,1,1
Annie/Jhin (RU/NX),Taliyah/Zilean (IO/SH),1,1,1
Annie/Jhin (RU/NX),Rumble/Swain (BC/NX),1,1,1
Annie/Jhin (RU/NX),Aurelion Sol/Braum (FR/MT),1,1,1
Annie/Jhin (RU/NX),Karma/Sett (FR/IO),1,1,1
Annie/Jhin (RU/NX),Hecarim/Lucian/Maokai (DE/SI),1,1,1
Annie/Jhin (RU/NX),Anivia (FR/SI),1,1,1
Annie/Jhin (RU/NX),Lucian/Senna (DE/SI),1,1,1
Annie/Jhin (RU/NX),Kayle/Poppy (BC/MT),1,1,1
Annie/Jhin (RU/NX),Master Yi (IO/MT),1,1,1
Annie/Jhin (RU/NX),Nasus/Viego (SI/SH),1,1,1
Maokai (BW/SI),Annie/Jhin (RU/NX),1,1,1
Nilah/Twisted Fate (BW/PZ),Zoe (MT/PZ),1,1,1
Nilah/Twisted Fate (BW/PZ),Akshan/Taliyah (BC/SH),1,1,1
Pyke/Rek'Sai (BW/SH),Elder Dragon/Morgana (RU/DE),1,1,1
Elder Dragon/Morgana (RU/DE),Karma/Zoe (IO/MT),1,1,1
Annie/Jhin (RU/NX),Mordekaiser (PZ/SI),1,1,1
Annie/Jhin (RU/NX),Braum/Kayle/Yuumi (FR/MT),1,1,1
Annie/Jhin/Katarina (RU/NX),Annie/Jhin (RU/NX),1,1,1
Annie/Jhin (RU/NX),Ezreal/Seraphine (IO/PZ),1,1,1
Ornn/Vayne (DE/FR),Annie/Jhin (RU/NX),1,1,1
Azir/Irelia (IO/SH),Bard (RU/PZ),1,1,1
Caitlyn/Teemo (FR/PZ),Aurelion Sol/Elder Dragon/Zoe (RU/MT),1,1,1
Ryze (IO/RU),Elder Dragon (RU/FR),1,1,1
Nilah/Twisted Fate (BW/PZ),Aurelion Sol/Braum (FR/MT),1,1,1
Nilah/Twisted Fate (BW/PZ),Ashe/LeBlanc (FR/NX),1,1,1
Nocturne/Vex (PZ/SI),Gangplank/Sejuani (BW/FR),1,1,1
Nocturne/Vex (PZ/SI),Jinx (PZ/SH),1,1,1
Annie/Jhin (RU/NX),Azir/Renekton (SH),1,1,1
Annie/Jhin (RU/NX),Jack/Karma (BW/IO),1,1,1
Elder Dragon/Seraphine/Viktor (RU/PZ),Annie/Jhin (RU/NX),1,1,1
Annie/Jhin (RU/NX),Draven/Katarina (NX/PZ),1,1,1
Annie/Jhin (RU/NX),Akshan/Varus (SH/RU),1,1,1
Annie/Jhin (RU/NX),Aatrox/Vayne (RU/DE),1,1,1
Annie/Jhin (RU/NX),Kindred (SI/SH),1,1,1
Annie/Jhin (RU/NX),Norra/Zoe (BC/MT),1,1,1
Elder Dragon/Morgana (RU/DE),Annie/Jhin (RU/NX),1,1,1
Annie/Jhin (RU/NX),Ekko/Zilean (PZ/SH),1,1,1
Azir/Irelia (IO/SH),Nautilus (BW/SI),1,1,1
Norra (BC/IO),Azir/Irelia (IO/SH),1,1,1
Azir/Irelia (IO/SH),Ashe/Fiora (DE/FR),1,1,1
Nocturne/Vex (PZ/SI),Poppy/Ziggs (BC/NX),1,1,1
Nocturne/Vex (PZ/SI),Shyvana/Vayne (DE/MT),1,1,1
Nocturne/Vex (PZ/SI),Elder Dragon/Morgana (RU/DE),1,1,1
Nocturne/Vex (PZ/SI),Teemo/Tristana (BC/NX),1,1,1
Elder Dragon/Morgana (RU/DE),Draven/Sion (NX/PZ),1,1,1
Nocturne/Vex (PZ/SI),Janna/Nilah (BW/PZ),1,1,1
Seraphine/Sett (IO/PZ),Annie/Jhin (RU/NX),1,1,1
Ezreal/Seraphine (BC/PZ),Hecarim/Lucian (DE/SI),1,1,1
Elder Dragon/Mordekaiser/Viego (RU/SI),Janna/Nilah/Twisted Fate (BW/PZ),1,1,1
Janna/Nilah/Twisted Fate (BW/PZ),Swain/Vi (NX/PZ),1,1,1
Elder Dragon/Elise (RU/SI),Ryze (IO/RU),1,1,1
Elder Dragon/Lissandra (RU/FR),Mordekaiser/Teemo (PZ/SI),1,1,1
Ryze (IO/RU),Kindred/Nasus (SI/SH),1,1,1
Aurelion Sol/Tryndamere (FR/MT),Fiora (DE/FR),1,1,1
Braum/Garen (DE/FR),Fiora (DE/FR),1,1,1
Bard/Teemo (RU/PZ),Fiora (DE/FR),1,1,1
Seraphine/Viktor (IO/PZ),Karma/Sett (IO/PZ),1,1,1
Seraphine/Viktor (IO/PZ),Jinx/Rumble/Samira (NX/PZ),1,1,1
Braum/Zoe (FR/MT),Azir/Irelia/Kennen (IO/SH),1,1,1
Neeko/Poppy (DE/RU),Lillia/Veigar (BC/IO),1,1,1
Lillia/Veigar (BC/IO),Nami/Zoe (BW/MT),1,1,1
Lillia/Veigar (BC/IO),Garen/Jarvan IV (DE),1,1,1
Gnar/Swain (BC/NX),Akshan/Ekko (PZ/SH),1,1,1
Braum/Vladimir (FR/NX),Akshan/Ekko (PZ/SH),1,1,1
Ekko/Jinx (PZ/SH),Akshan/Ekko (PZ/SH),1,1,1
Akshan/Seraphine (PZ/SH),Caitlyn/Norra (BC/PZ),1,1,1
Lillia/Veigar (BC/IO),Katarina/Yasuo (IO/NX),1,1,1
Lillia/Veigar (BC/IO),Elder Dragon/Janna/Seraphine (RU/PZ),1,1,1
Elder Dragon/Volibear (RU/FR),Mordekaiser/Viego (BC/SI),1,1,1
Akshan/Ekko (PZ/SH),Janna/Senna (PZ/SI),1,1,1
Akshan/Ekko (PZ/SH),Master Yi/Yasuo (IO/MT),1,1,1
Azir/Irelia (IO/SH),Elder Dragon/Viego (RU/SI),1,1,1
Azir/Irelia (IO/SH),Anivia/Mordekaiser (FR/SI),1,1,1
Draven/Jinx (NX/PZ),Lillia/Veigar (BC/IO),1,1,1
Lillia/Veigar (BC/IO),Akshan/LeBlanc (NX/SH),1,1,1
Elder Dragon/Volibear (RU/FR),Azir/Xerath (SH),1,1,1
Fizz (BW/SH),Elder Dragon/Volibear (RU/FR),1,1,1
Elder Dragon/Lissandra/Trundle (RU/FR),Elder Dragon/Volibear (RU/FR),1,1,1
Elder Dragon/Volibear (RU/FR),Draven/Ezreal (NX/PZ),1,1,1
Azir/Irelia (IO/SH),Volibear (FR/NX),1,1,1
Azir/Irelia (IO/SH),Elder Dragon/Morgana/Shyvana (RU/DE),1,1,1
Azir/Irelia (IO/SH),Aphelios/Zoe (IO/MT),1,1,1
Aphelios/Seraphine (MT/PZ),Azir/Irelia (IO/SH),1,1,1
Elder Dragon/Volibear (RU/FR),Championless (SI),1,1,1
Janna (PZ/SI),Elder Dragon/Volibear (RU/FR),1,1,1
Azir/Irelia (IO/SH),Sion (NX/SI),1,1,1
Akshan/Seraphine (PZ/SH),Ryze (IO/RU),1,1,1
Ezreal/Nilah (BW/PZ),Lillia/Veigar (BC/IO),1,1,1
Sett/Viktor (IO/PZ),Lillia/Veigar (BC/IO),1,1,1
Teemo/Udyr (FR/PZ),Lillia/Veigar (BC/IO),1,1,1
Azir/Irelia (IO/SH),Norra/Teemo (BC/MT),1,1,1
Azir/Irelia (IO/SH),Braum/Zoe (FR/MT),1,1,1
Gwen/Ziggs (BC/SI),Azir/Irelia (IO/SH),1,1,1
Azir/Irelia (IO/SH),Nasus (SI/SH),1,1,1
Morgana/Taliyah (DE/SH),Kindred/Nasus (SI/SH),1,1,1
Championpile/Elder Dragon (RU/FR),Braum/Zoe (FR/MT),1,1,1
Braum/Zoe (FR/MT),Sion (NX/SI),1,1,1
Braum/Zoe (FR/MT),Ezreal/Janna (PZ/SI),1,1,1
Braum/Zoe (FR/MT),Fiora (DE/FR),1,1,1
Seraphine (MT/PZ),Braum/Zoe (FR/MT),1,1,1
Braum/Zoe (FR/MT),Garen/Jarvan IV (DE),1,1,1
Ashe/LeBlanc (FR/NX),Azir/Irelia (IO/SH),2,3,0.666666666666667
Azir/Irelia (IO/SH),Aurelion Sol/Shyvana (DE/MT),2,3,0.666666666666667
Azir/Irelia (IO/SH),Karma/Sett (IO/PZ),2,3,0.666666666666667
Karma/Sett (IO/SI),Viktor/Zoe (MT/PZ),2,3,0.666666666666667
Elder Dragon/Galio/Morgana (RU/DE),Championless (SI),2,3,0.666666666666667
Elder Dragon (RU/FR),Elder Dragon/Galio/Morgana (RU/DE),2,3,0.666666666666667
Poppy/Ziggs (BC/NX),Ezreal/Seraphine (BC/PZ),2,3,0.666666666666667
Caitlyn/Teemo (FR/PZ),Maokai/Nautilus (BW/SI),2,3,0.666666666666667
Caitlyn/Teemo (FR/PZ),Elder Dragon/Volibear (RU/FR),2,3,0.666666666666667
Elder Dragon/Volibear (RU/FR),Nocturne/Vex (PZ/SI),2,3,0.666666666666667
Azir/Irelia (IO/SH),Senna (PZ/SI),2,3,0.666666666666667
Hecarim (IO/SI),Azir/Irelia (IO/SH),2,3,0.666666666666667
Elise/Nocturne (NX/SI),Azir/Irelia (IO/SH),2,3,0.666666666666667
Nocturne (SI),Pyke/Rek'Sai (BW/SH),2,3,0.666666666666667
Azir/Irelia (IO/SH),Ashe/LeBlanc (FR/NX),1,3,0.333333333333333
Aurelion Sol/Shyvana (DE/MT),Azir/Irelia (IO/SH),1,3,0.333333333333333
Karma/Sett (IO/PZ),Azir/Irelia (IO/SH),1,3,0.333333333333333
Viktor/Zoe (MT/PZ),Karma/Sett (IO/SI),1,3,0.333333333333333
Championless (SI),Elder Dragon/Galio/Morgana (RU/DE),1,3,0.333333333333333
Elder Dragon/Galio/Morgana (RU/DE),Elder Dragon (RU/FR),1,3,0.333333333333333
Ezreal/Seraphine (BC/PZ),Poppy/Ziggs (BC/NX),1,3,0.333333333333333
Maokai/Nautilus (BW/SI),Caitlyn/Teemo (FR/PZ),1,3,0.333333333333333
Elder Dragon/Volibear (RU/FR),Caitlyn/Teemo (FR/PZ),1,3,0.333333333333333
Nocturne/Vex (PZ/SI),Elder Dragon/Volibear (RU/FR),1,3,0.333333333333333
Senna (PZ/SI),Azir/Irelia (IO/SH),1,3,0.333333333333333
Azir/Irelia (IO/SH),Hecarim (IO/SI),1,3,0.333333333333333
Azir/Irelia (IO/SH),Elise/Nocturne (NX/SI),1,3,0.333333333333333
Pyke/Rek'Sai (BW/SH),Nocturne (SI),1,3,0.333333333333333
Annie/Jhin (RU/NX),Azir/Irelia (IO/SH),15,23,0.652173913043478
Azir/Irelia (IO/SH),Annie/Jhin (RU/NX),8,23,0.347826086956522
Caitlyn/Teemo (FR/PZ),Azir/Irelia (IO/SH),0,5,0
Azir/Irelia (IO/SH),Caitlyn/Teemo (FR/PZ),5,5,1
Jinx/Lulu (BC/PZ),Azir/Irelia (IO/SH),2,2,1
Azir/Irelia (IO/SH),Nilah/Twisted Fate (BW/MT),2,2,1
Azir/Irelia (IO/SH),Braum/Yuumi/Zoe (FR/MT),2,2,1
Elder Dragon/Garen (RU/DE),Azir/Irelia (IO/SH),2,2,1
Azir/Irelia (IO/SH),Elder Dragon/Mordekaiser/Viego (RU/SI),2,2,1
Azir/Irelia (IO/SH),Ezreal/Karma (IO/PZ),2,2,1
Azir/Irelia (IO/SH),Taliyah/Ziggs (BC/SH),2,2,1
Azir/Irelia (IO/SH),Seraphine (MT/PZ),2,2,1
Elder Dragon/Galio/Morgana (RU/DE),Azir/Xerath (SH),2,2,1
Elder Dragon/Galio/Morgana (RU/DE),Akshan/Morgana (DE/SH),2,2,1
Elder Dragon/Norra (RU/BC),Mordekaiser/Norra (BC/SI),2,2,1
Elder Dragon/Norra (RU/BC),Akshan/Sivir (FR/SH),2,2,1
Elder Dragon/Garen (RU/DE),Jinx/Lulu (BC/PZ),2,2,1
Janna/Senna (PZ/SI),Draven/Jinx (NX/PZ),2,2,1
Azir/Irelia (IO/SH),Ryze (IO/RU),2,2,1
Caitlyn/Teemo (FR/PZ),Jinx/Twisted Fate (BW/PZ),2,2,1
Caitlyn/Teemo (FR/PZ),Caitlyn/Teemo (BC/PZ),2,2,1
Nilah/Twisted Fate (BW/PZ),Nocturne (SI),2,2,1
Pyke/Rek'Sai (BW/SH),Caitlyn/Teemo (FR/PZ),2,2,1
Aatrox/Kayn (RU/RU),Elder Dragon/Norra (RU/BC),2,2,1
Caitlyn/Teemo (BC/PZ),Elder Dragon/Norra (RU/BC),2,2,1
Azir/Irelia (IO/SH),Darius/Miss Fortune (BW/NX),2,2,1
Draven/Katarina (FR/NX),Kayle/Poppy (DE/MT),2,2,1
Azir/Irelia (IO/SH),Ekko/Zilean (PZ/SH),2,2,1
Braum/Zoe (FR/MT),Annie/Jhin (RU/NX),2,2,1
Azir/Irelia (IO/SH),The Poro King (MT/RU),2,2,1
Elder Dragon/Seraphine/Viktor (RU/PZ),Karma/Sett (FR/IO),2,2,1
Elder Dragon/Seraphine/Viktor (RU/PZ),Elder Dragon/Trundle/Volibear (RU/FR),2,2,1
Elder Dragon/Morgana (RU/DE),Elise (NX/SI),2,2,1
Elder Dragon/Seraphine/Viktor (RU/PZ),Hecarim/Lucian/Maokai (DE/SI),2,2,1
Annie/Jhin (RU/NX),Elder Dragon/Volibear (RU/FR),2,2,1
Annie/Jhin (RU/NX),Hecarim/Zed (IO/SI),2,2,1
Aatrox/Morgana/Vayne (RU/DE),Annie/Jhin (RU/NX),2,2,1
Annie/Jhin (RU/NX),Bard/Mordekaiser (RU/SI),2,2,1
Annie/Jhin (RU/NX),Aurelion Sol/Shyvana (DE/MT),2,2,1
Norra/Swain (BC/NX),Janna/Nilah/Twisted Fate (BW/PZ),2,2,1
Fizz/Samira (BW/NX),Seraphine/Viktor (IO/PZ),2,2,1
Azir/Irelia (IO/SH),Aurelion Sol/Zoe (MT),2,2,1
Azir/Irelia (IO/SH),Jinx/Lulu (BC/PZ),0,2,0
Nilah/Twisted Fate (BW/MT),Azir/Irelia (IO/SH),0,2,0
Braum/Yuumi/Zoe (FR/MT),Azir/Irelia (IO/SH),0,2,0
Azir/Irelia (IO/SH),Elder Dragon/Garen (RU/DE),0,2,0
Elder Dragon/Mordekaiser/Viego (RU/SI),Azir/Irelia (IO/SH),0,2,0
Ezreal/Karma (IO/PZ),Azir/Irelia (IO/SH),0,2,0
Taliyah/Ziggs (BC/SH),Azir/Irelia (IO/SH),0,2,0
Seraphine (MT/PZ),Azir/Irelia (IO/SH),0,2,0
Azir/Xerath (SH),Elder Dragon/Galio/Morgana (RU/DE),0,2,0
Akshan/Morgana (DE/SH),Elder Dragon/Galio/Morgana (RU/DE),0,2,0
Mordekaiser/Norra (BC/SI),Elder Dragon/Norra (RU/BC),0,2,0
Akshan/Sivir (FR/SH),Elder Dragon/Norra (RU/BC),0,2,0
Jinx/Lulu (BC/PZ),Elder Dragon/Garen (RU/DE),0,2,0
Draven/Jinx (NX/PZ),Janna/Senna (PZ/SI),0,2,0
Ryze (IO/RU),Azir/Irelia (IO/SH),0,2,0
Jinx/Twisted Fate (BW/PZ),Caitlyn/Teemo (FR/PZ),0,2,0
Caitlyn/Teemo (BC/PZ),Caitlyn/Teemo (FR/PZ),0,2,0
Nocturne (SI),Nilah/Twisted Fate (BW/PZ),0,2,0
Caitlyn/Teemo (FR/PZ),Pyke/Rek'Sai (BW/SH),0,2,0
Elder Dragon/Norra (RU/BC),Aatrox/Kayn (RU/RU),0,2,0
Elder Dragon/Norra (RU/BC),Caitlyn/Teemo (BC/PZ),0,2,0
Darius/Miss Fortune (BW/NX),Azir/Irelia (IO/SH),0,2,0
Kayle/Poppy (DE/MT),Draven/Katarina (FR/NX),0,2,0
Ekko/Zilean (PZ/SH),Azir/Irelia (IO/SH),0,2,0
Annie/Jhin (RU/NX),Braum/Zoe (FR/MT),0,2,0
The Poro King (MT/RU),Azir/Irelia (IO/SH),0,2,0
Karma/Sett (FR/IO),Elder Dragon/Seraphine/Viktor (RU/PZ),0,2,0
Elder Dragon/Trundle/Volibear (RU/FR),Elder Dragon/Seraphine/Viktor (RU/PZ),0,2,0
Elise (NX/SI),Elder Dragon/Morgana (RU/DE),0,2,0
Hecarim/Lucian/Maokai (DE/SI),Elder Dragon/Seraphine/Viktor (RU/PZ),0,2,0
Elder Dragon/Volibear (RU/FR),Annie/Jhin (RU/NX),0,2,0
Hecarim/Zed (IO/SI),Annie/Jhin (RU/NX),0,2,0
Annie/Jhin (RU/NX),Aatrox/Morgana/Vayne (RU/DE),0,2,0
Bard/Mordekaiser (RU/SI),Annie/Jhin (RU/NX),0,2,0
Aurelion Sol/Shyvana (DE/MT),Annie/Jhin (RU/NX),0,2,0
Janna/Nilah/Twisted Fate (BW/PZ),Norra/Swain (BC/NX),0,2,0
Seraphine/Viktor (IO/PZ),Fizz/Samira (BW/NX),0,2,0
Aurelion Sol/Zoe (MT),Azir/Irelia (IO/SH),0,2,0
Caitlyn/Teemo (BC/PZ),Azir/Irelia (IO/SH),1,2,0.5
Azir/Irelia (IO/SH),Caitlyn/Teemo (BC/PZ),1,2,0.5
Azir/Irelia (IO/SH),Aphelios/Viktor (MT/PZ),1,2,0.5
Aphelios/Viktor (MT/PZ),Azir/Irelia (IO/SH),1,2,0.5
Karma/Sett (IO/SI),Azir/Irelia (IO/SH),1,2,0.5
Azir/Irelia (IO/SH),Karma/Sett (IO/SI),1,2,0.5
Annie/Jhin (RU/NX),Senna/Viktor (PZ/SI),1,2,0.5
Senna/Viktor (PZ/SI),Annie/Jhin (RU/NX),1,2,0.5
Pyke/Rek'Sai (BW/SH),Elder Dragon/Galio/Morgana (RU/DE),1,2,0.5
Elder Dragon/Galio/Morgana (RU/DE),Pyke/Rek'Sai (BW/SH),1,2,0.5
Elder Dragon/Galio/Morgana (RU/DE),Elder Dragon/Galio/Morgana (RU/DE),1,2,0.5
Caitlyn/Teemo (FR/PZ),Caitlyn/Teemo (FR/PZ),1,2,0.5
Elder Dragon/Norra (RU/BC),Ezreal/Karma/Seraphine (IO/PZ),1,2,0.5
Ezreal/Karma/Seraphine (IO/PZ),Elder Dragon/Norra (RU/BC),1,2,0.5
Karma/Sett (FR/IO),Jax/Vi (RU/PZ),1,2,0.5
Jax/Vi (RU/PZ),Karma/Sett (FR/IO),1,2,0.5
Janna/Norra (BC/PZ),Seraphine/Sett (IO/PZ),1,2,0.5
Seraphine/Sett (IO/PZ),Janna/Norra (BC/PZ),1,2,0.5
Elder Dragon/Volibear (RU/FR),Yuumi/Zoe (FR/MT),1,2,0.5
Yuumi/Zoe (FR/MT),Elder Dragon/Volibear (RU/FR),1,2,0.5
Azir/Irelia (IO/SH),Viktor/Zoe (MT/PZ),1,2,0.5
Viktor/Zoe (MT/PZ),Azir/Irelia (IO/SH),1,2,0.5
Taliyah/Zilean (IO/SH),Jinx/Lulu (BC/PZ),1,2,0.5
Jinx/Lulu (BC/PZ),Taliyah/Zilean (IO/SH),1,2,0.5
Braum/Vladimir (FR/NX),Azir/Irelia (IO/SH),1,2,0.5
Azir/Irelia (IO/SH),Braum/Vladimir (FR/NX),1,2,0.5
Azir/Irelia (IO/SH),Pyke/Rek'Sai (BW/SH),1,2,0.5
Pyke/Rek'Sai (BW/SH),Azir/Irelia (IO/SH),1,2,0.5
Elder Dragon/Seraphine/Viktor (RU/PZ),Azir/Irelia (IO/SH),1,2,0.5
Azir/Irelia (IO/SH),Elder Dragon/Seraphine/Viktor (RU/PZ),1,2,0.5
Azir/Irelia (IO/SH),Ezreal/Seraphine (BC/PZ),1,2,0.5
Ezreal/Seraphine (BC/PZ),Azir/Irelia (IO/SH),1,2,0.5
Azir/Irelia (IO/SH),Vayne/Zoe (DE/MT),1,2,0.5
Vayne/Zoe (DE/MT),Azir/Irelia (IO/SH),1,2,0.5
Fiora (DE/FR),Annie/Jhin (RU/NX),1,2,0.5
Annie/Jhin (RU/NX),Fiora (DE/FR),1,2,0.5
Akshan/Sivir (FR/SH),Annie/Jhin (RU/NX),1,2,0.5
Annie/Jhin (RU/NX),Akshan/Sivir (FR/SH),1,2,0.5
Nocturne (SI),Elder Dragon/Janna/Seraphine (RU/PZ),1,2,0.5
Elder Dragon/Janna/Seraphine (RU/PZ),Nocturne (SI),1,2,0.5
Norra (BC/SI),Azir/Irelia (IO/SH),1,2,0.5
Azir/Irelia (IO/SH),Norra (BC/SI),1,2,0.5
Nocturne (SI),Elder Dragon/Morgana (RU/DE),1,2,0.5
Elder Dragon/Morgana (RU/DE),Nocturne (SI),1,2,0.5
Annie/Jhin (RU/NX),Elder Dragon/Norra/Vex (RU/BC),1,2,0.5
Elder Dragon/Norra/Vex (RU/BC),Annie/Jhin (RU/NX),1,2,0.5
Nilah/Twisted Fate (BW/PZ),Pyke/Rek'Sai (BW/SH),1,2,0.5
Pyke/Rek'Sai (BW/SH),Nilah/Twisted Fate (BW/PZ),1,2,0.5
Elder Dragon/Morgana (RU/DE),Elder Dragon/Morgana (RU/DE),1,2,0.5
Seraphine/Sett (IO/PZ),Azir/Irelia (IO/SH),1,2,0.5
Azir/Irelia (IO/SH),Seraphine/Sett (IO/PZ),1,2,0.5
Braum/Zoe (FR/MT),Fizz/Samira (BW/NX),1,2,0.5
Fizz/Samira (BW/NX),Braum/Zoe (FR/MT),1,2,0.5
Lillia/Veigar (BC/IO),Aphelios/Seraphine (MT/PZ),1,2,0.5
Aphelios/Seraphine (MT/PZ),Lillia/Veigar (BC/IO),1,2,0.5
Azir/Irelia (IO/SH),Azir/Irelia (IO/SH),38,76,0.5
Elder Dragon (RU/FR),Azir/Irelia (IO/SH),0,3,0
Elder Dragon/Volibear (RU/FR),Elder Dragon/Galio/Morgana (RU/DE),0,3,0
Elder Dragon (RU/FR),Championless (SI),0,3,0
Nilah/Twisted Fate (BW/PZ),Jax/Vi (RU/PZ),0,3,0
Master Yi/Taric (IO/MT),Azir/Irelia (IO/SH),0,3,0
Azir/Xerath (SH),Annie/Jhin (RU/NX),0,3,0
Azir/Irelia (IO/SH),Nocturne (SI),0,3,0
Elise/Nocturne (NX/SI),Annie/Jhin (RU/NX),0,3,0
Azir/Irelia (IO/SH),Elder Dragon (RU/FR),3,3,1
Elder Dragon/Galio/Morgana (RU/DE),Elder Dragon/Volibear (RU/FR),3,3,1
Championless (SI),Elder Dragon (RU/FR),3,3,1
Jax/Vi (RU/PZ),Nilah/Twisted Fate (BW/PZ),3,3,1
Azir/Irelia (IO/SH),Master Yi/Taric (IO/MT),3,3,1
Annie/Jhin (RU/NX),Azir/Xerath (SH),3,3,1
Nocturne (SI),Azir/Irelia (IO/SH),3,3,1
Annie/Jhin (RU/NX),Elise/Nocturne (NX/SI),3,3,1
Elder Dragon/Volibear (RU/FR),Azir/Irelia (IO/SH),3,26,0.115384615384615
Azir/Irelia (IO/SH),Elder Dragon/Volibear (RU/FR),23,26,0.884615384615385
Elder Dragon/Morgana (RU/DE),Azir/Irelia (IO/SH),3,7,0.428571428571429
Azir/Irelia (IO/SH),Elder Dragon/Morgana (RU/DE),4,7,0.571428571428571
Azir/Xerath (SH),Azir/Irelia (IO/SH),0,6,0
Azir/Irelia (IO/SH),Azir/Xerath (SH),6,6,1
Poppy/Ziggs (BC/NX),Azir/Irelia (IO/SH),5,9,0.555555555555556
Azir/Irelia (IO/SH),Poppy/Ziggs (BC/NX),4,9,0.444444444444444
Nilah/Twisted Fate (BW/PZ),Azir/Irelia (IO/SH),2,6,0.333333333333333
Ezreal/Seraphine (BC/PZ),Caitlyn/Teemo (FR/PZ),2,6,0.333333333333333
Azir/Irelia (IO/SH),Nilah/Twisted Fate (BW/PZ),4,6,0.666666666666667
Caitlyn/Teemo (FR/PZ),Ezreal/Seraphine (BC/PZ),4,6,0.666666666666667
Elder Dragon/Galio/Morgana (RU/DE),Azir/Irelia (IO/SH),3,9,0.333333333333333
Azir/Irelia (IO/SH),Elder Dragon/Galio/Morgana (RU/DE),6,9,0.666666666666667
Nidalee/Norra (BC/SH),Azir/Irelia (IO/SH),3,6,0.5
Azir/Irelia (IO/SH),Nidalee/Norra (BC/SH),3,6,0.5
Galio/Udyr (DE/FR),Elder Dragon/Galio/Morgana (RU/DE),2,4,0.5
Elder Dragon/Galio/Morgana (RU/DE),Galio/Udyr (DE/FR),2,4,0.5
Azir/Irelia (IO/SH),Championless (SI),2,4,0.5
Championless (SI),Azir/Irelia (IO/SH),2,4,0.5
Elise (NX/SI),Caitlyn/Teemo (FR/PZ),2,4,0.5
Caitlyn/Teemo (FR/PZ),Elise (NX/SI),2,4,0.5
Annie/Jhin (RU/NX),Karma/Sett (IO/PZ),2,4,0.5
Karma/Sett (IO/PZ),Annie/Jhin (RU/NX),2,4,0.5
Azir/Irelia (IO/SH),Jax/Vi (RU/PZ),2,4,0.5
Jax/Vi (RU/PZ),Azir/Irelia (IO/SH),2,4,0.5
Elder Dragon/Volibear (RU/FR),Elder Dragon/Volibear (RU/FR),2,4,0.5
Elder Dragon/Galio/Morgana (RU/DE),Annie/Jhin (RU/NX),1,4,0.25
Annie/Jhin (RU/NX),Elder Dragon/Galio/Morgana (RU/DE),3,4,0.75
Azir/Irelia (IO/SH),Elder Dragon/Norra (RU/BC),3,8,0.375
Elder Dragon/Norra (RU/BC),Azir/Irelia (IO/SH),5,8,0.625
Poppy/Ziggs (BC/NX),Annie/Jhin (RU/NX),1,6,0.166666666666667
Ashe/LeBlanc (FR/NX),Annie/Jhin (RU/NX),1,6,0.166666666666667
Annie/Jhin (RU/NX),Poppy/Ziggs (BC/NX),5,6,0.833333333333333
Annie/Jhin (RU/NX),Ashe/LeBlanc (FR/NX),5,6,0.833333333333333
Elder Dragon/Norra (RU/BC),Poppy/Ziggs (BC/NX),2,7,0.285714285714286
Poppy/Ziggs (BC/NX),Elder Dragon/Norra (RU/BC),5,7,0.714285714285714
Elder Dragon/Volibear (RU/FR),Elder Dragon/Norra (RU/BC),3,5,0.6
Elder Dragon/Norra (RU/BC),Elder Dragon/Volibear (RU/FR),2,5,0.4
Nocturne/Vex (PZ/SI),Azir/Irelia (IO/SH),6,7,0.857142857142857
Azir/Irelia (IO/SH),Nocturne/Vex (PZ/SI),1,7,0.142857142857143
Senna/Veigar (BC/SI),Azir/Irelia (IO/SH),1,5,0.2
Azir/Irelia (IO/SH),Senna/Veigar (BC/SI),4,5,0.8
Karma/Sett (FR/IO),Azir/Irelia (IO/SH),0,4,0
Azir/Irelia (IO/SH),Annie/Teemo (NX/PZ),0,4,0
Azir/Irelia (IO/SH),Karma/Sett (FR/IO),4,4,1
Annie/Teemo (NX/PZ),Azir/Irelia (IO/SH),4,4,1
Annie/Jhin (RU/NX),Annie/Jhin (RU/NX),7,14,0.5
