playerDeck,Annie/Twisted Fate (BW/NX),Draven/Jinx (NX/PZ),Ekko/Jinx (PZ/SH),Gwen/Katarina (NX/SI),Heimerdinger/Jayce (PZ/SI),Kayn/Vayne (DE/RU),Quinn/Vayne (DE/PZ),Seraphine/Viktor (PZ/SI),Teemo/Zoe (BC/MT),Trundle/Tryndamere (FR/SI),Annie/Jhin (NX/RU),Akshan/Varus (RU/SH),Anivia (FR/SI),Annie/Gwen (NX/SI),Aphelios/Seraphine (MT/PZ),Aphelios/Viktor (MT/PZ),Ashe/Kindred (FR/SI),Aurelion Sol/Leona (DE/MT),Aurelion Sol/Shyvana (DE/MT),Azir/Irelia (IO/SH),Azir/Xerath (SH),Braum/Vladimir (FR/NX),Caitlyn/Teemo (BC/PZ),Diana/Leona (MT/SI),Elise/Gwen (NX/SI),Elise/Nocturne (NX/SI),Elise/Norra (BC/SI),Elise/Twisted Fate (BW/SI),Ezreal/Kennen (IO/PZ),Ezreal/Seraphine (BC/PZ),Ezreal/Seraphine (NX/PZ),Ezreal/Seraphine (PZ/SI),Gangplank/Sejuani (BW/FR),Gwen/Vayne (DE/SI),Hecarim/Zed (IO/SI),Heimerdinger/Norra (BC/SI),Jax/Ornn (FR/RU),Jinx (FR/PZ),Jinx/Lulu (BC/PZ),Katarina/Yasuo (IO/NX),Kindred/Nasus (SI/SH),Maokai/Nautilus (BW/SI),Miss Fortune/Swain (BW/NX),Miss Fortune/Twisted Fate (BW/NX),Norra/Veigar (BC/SI),Pantheon/Varus (MT/RU),Pantheon/Vayne (DE/MT),Pyke/Rek'Sai (BW/SH),Rumble/Sion (BC/NX),Rumble/Vayne (DE/NX),Senna/Veigar (BC/SI),Seraphine/Viktor (BC/PZ),Seraphine/Viktor (BW/PZ),Seraphine/Viktor (IO/PZ),Swain/Twisted Fate (BW/NX),Taliyah (BW/SH),Taliyah/Ziggs (BC/SH),Trundle (FR/PZ),Akshan/Kayn (RU/SH),Aphelios/Leona (MT/SI),Ashe/LeBlanc (FR/NX),Ashe/Thresh (FR/SI),Aurelion Sol/Trundle (FR/MT),Aurelion Sol/Zoe (FR/MT),Bard/Norra (BC/RU),Caitlyn/Trundle (FR/PZ),Championless (FR/SI),Diana/Nocturne (MT/SI),Ekko/Zilean (PZ/SH),Elise (FR/SI),Elise (NX/SI),Evelynn/Kindred (RU/SI),Evelynn/Udyr (FR/RU),Evelynn/Viego (RU/SI),Fiora/Vayne (DE/PZ),Jax/Vayne (DE/RU),Jayce/Lux (DE/PZ),Jinx/Rumble (BC/PZ),Kai'Sa/Sivir (DE/SH),Karma/Viktor (IO/PZ),Kindred/Norra (BC/SI),Malphite/Taliyah (MT/SH),Master Yi/Zoe (IO/MT),Norra/Swain (BC/NX),Ornn/Trundle (FR/PZ),Trundle/Vi (FR/PZ),Vayne/Zed (DE/IO),Xerath/Ziggs (BC/SH),Ahri/Kennen (FR/IO),Fizz/Nami (BW/RU),Hecarim/Lucian (DE/SI),Kai'Sa (DE/SH),Katarina/Twisted Fate (BW/NX),LeBlanc/Sivir (NX/SH),Akshan/Sivir (DE/SH),Annie/Ezreal (NX/PZ),Kai'Sa/Vayne (DE/SH),Norra/Teemo (BC/FR),Ornn/Udyr (FR/NX),Akshan/Kai'Sa (RU/SH),Akshan/Lee Sin (IO/SH),Akshan/Pantheon (MT/SH),Akshan/Udyr (FR/SH),Annie/Elise (NX/SI),Aphelios/Seraphine/Viktor (MT/PZ),Aphelios/Zoe (MT/PZ),Ashe/Senna (FR/SI),Aurelion Sol/Braum (FR/MT),Aurelion Sol/Tryndamere (FR/MT),Braum (FR/PZ),Braum/Norra (BC/FR),Championpile (DE/FR),Elise/Jayce (PZ/SI),Fiora/Pantheon (DE/MT),Fizz/Twisted Fate (BW/PZ),Galio/Trundle (DE/FR),Garen/Jarvan IV (DE),Gwen/Hecarim (IO/SI),Hecarim (IO/SI),Hecarim/Kalista (IO/SI),Karma/Master Yi (IO/SI),Kindred/Viego (IO/SI),Leona/Yasuo (IO/MT),Lissandra/Taliyah (FR/SH),Lissandra/Trundle (FR/SI),Miss Fortune/Quinn (BW/DE),Miss Fortune/Vayne (BW/DE),Norra/Teemo (BC/PZ),Poppy/Taric (DE/MT),Riven/Viktor (NX/PZ),Seraphine/Viktor (MT/PZ),Soraka/Tahm Kench (BW/MT),Viego (FR/SI),Xerath/Zilean (BC/SH),Zilean (BW/SH),Zilean (PZ/SH),Aphelios/Diana (MT/SI),Azir/Hecarim (SI/SH),Evelynn/Norra (BC/RU),Ezreal/Karma (IO/PZ),Galio/Leona (DE/MT),Karma/Lux (DE/IO),Kayn/Ornn (FR/RU),Nasus/Thresh (SI/SH),Nautilus (BW/SI),Norra/Zoe (BC/MT),Ornn/Vayne (DE/FR),Seraphine/Viktor (PZ/SH)
Ahri/Kennen (FR/IO),0.260869565217391,0.384615384615385,0.344827586206897,0.363636363636364,0.431372549019608,0.412844036697248,0.52,0.476190476190476,0.572413793103448,0.4,,,,,,,,,,,,,,,,,,,,,,,,,,,,,,,,,,,,,,,,,,,,,,,,,,,,,,,,,,,,,,,,,,,,,,,,,,,,,,,,,,,,,,,,,,,,,,,,,,,,,,,,,,,,,,,,,,,,,,,,,,,,,,,,,,,,,,,,,,
Akshan/Kai'Sa (RU/SH),,,,0.396551724137931,,,,,0.303030303030303,,,,,,,,,,,,,,,,,,,,,,,,,,,,,,,,,,,,,,,,,,,,,,,,,,,,,,,,,,,,,,,,,,,,,,,,,,,,,,,,,,,,,,,,,,,,,,,,,,,,,,,,,,,,,,,,,,,,,,,,,,,,,,,,,,,,,,,,,,,
Akshan/Kayn (RU/SH),,0.56,,0.411290322580645,,0.556818181818182,,0.425925925925926,0.414893617021277,0.435897435897436,0.346153846153846,,,,,,,,,,,,,,,,,,,,,,,,,,,,,,,,,,,,,,,,,,,,,,,,,,,,,,,,,,,,,,,,,,,,,,,,,,,,,,,,,,,,,,,,,,,,,,,,,,,,,,,,,,,,,,,,,,,,,,,,,,,,,,,,,,,,,,,,,
Akshan/Lee Sin (IO/SH),,,,0.32,,,,,0.163636363636364,,,,,,,,,,,,,,,,,,,,,,,,,,,,,,,,,,,,,,,,,,,,,,,,,,,,,,,,,,,,,,,,,,,,,,,,,,,,,,,,,,,,,,,,,,,,,,,,,,,,,,,,,,,,,,,,,,,,,,,,,,,,,,,,,,,,,,,,,,,
Akshan/Pantheon (MT/SH),,,,0.410958904109589,,0.584905660377359,,,0.463768115942029,,,,,,,,,,,,,,,,,,,,,,,,,,,,,,,,,,,,,,,,,,,,,,,,,,,,,,,,,,,,,,,,,,,,,,,,,,,,,,,,,,,,,,,,,,,,,,,,,,,,,,,,,,,,,,,,,,,,,,,,,,,,,,,,,,,,,,,,,,,
Akshan/Sivir (DE/SH),,0.310344827586207,,0.384615384615385,,,,,0.369230769230769,,,,,,,,,,,,,,,,,,,,,,,,,,,,,,,,,,,,,,,,,,,,,,,,,,,,,,,,,,,,,,,,,,,,,,,,,,,,,,,,,,,,,,,,,,,,,,,,,,,,,,,,,,,,,,,,,,,,,,,,,,,,,,,,,,,,,,,,,,,
Akshan/Udyr (FR/SH),,,,0.333333333333333,,0.491228070175439,,,0.15625,,,,,,,,,,,,,,,,,,,,,,,,,,,,,,,,,,,,,,,,,,,,,,,,,,,,,,,,,,,,,,,,,,,,,,,,,,,,,,,,,,,,,,,,,,,,,,,,,,,,,,,,,,,,,,,,,,,,,,,,,,,,,,,,,,,,,,,,,,,
Akshan/Varus (RU/SH),0.414285714285714,0.398328690807799,0.588039867109635,0.454075032341527,0.529411764705882,0.559561128526646,0.520833333333333,0.503875968992248,0.415601023017903,0.539748953974895,0.347715736040609,0.5,0.505376344086022,0.490740740740741,0.536842105263158,0.509433962264151,0.422535211267606,0.592592592592593,0.777777777777778,0.529411764705882,0.454545454545455,0.654761904761905,0.616161616161616,0.494444444444445,0.39344262295082,0.46551724137931,0.575539568345324,0.492307692307692,0.428571428571429,0.5,0.525423728813559,0.464788732394366,0.50210970464135,0.532467532467532,0.418032786885246,0.552845528455285,0.426470588235294,0.556390977443609,0.461139896373057,0.486238532110092,0.547826086956522,0.525,0.369747899159664,0.333333333333333,0.506224066390042,0.44017094017094,0.585714285714286,0.503937007874016,0.654761904761905,0.591954022988506,0.55045871559633,0.541176470588235,0.5,0.538461538461538,0.494949494949495,0.623762376237624,0.48015873015873,0.516949152542373,,,,,,,,,,,,,,,,,,,,,,,,,,,,,,,,,,,,,,,,,,,,,,,,,,,,,,,,,,,,,,,,,,,,,,,,,,,,,,,,,,,,,,,,,,
Anivia (FR/SI),0.640845070422535,0.674033149171271,0.415384615384615,0.340764331210191,0.741935483870968,0.408163265306122,0.25531914893617,0.478571428571429,0.396825396825397,0.373390557939914,0.560975609756098,0.494623655913979,,,0.4,,,,,,0.126984126984127,,,0.483870967741936,,,,,,,0.625,,0.593406593406593,0.308823529411765,0.370689655172414,,,,0.541666666666667,,0.354838709677419,0.456140350877193,0.519230769230769,,0.526881720430108,0.361904761904762,,0.514018691588785,,0.328571428571429,,,,,0.709090909090909,,0.326923076923077,,,,,,,,,,,,,,,,,,,,,,,,,,,,,,,,,,,,,,,,,,,,,,,,,,,,,,,,,,,,,,,,,,,,,,,,,,,,,,,,,,,,,,,,,,,
Annie/Elise (NX/SI),,,,0.436363636363636,,,,,0.584905660377359,,,,,,,,,,,,,,,,,,,,,,,,,,,,,,,,,,,,,,,,,,,,,,,,,,,,,,,,,,,,,,,,,,,,,,,,,,,,,,,,,,,,,,,,,,,,,,,,,,,,,,,,,,,,,,,,,,,,,,,,,,,,,,,,,,,,,,,,,,,
Annie/Ezreal (NX/PZ),,0.625,,0.444444444444444,,,,,0.566666666666667,,,,,,,,,,,,,,,,,,,,,,,,,,,,,,,,,,,,,,,,,,,,,,,,,,,,,,,,,,,,,,,,,,,,,,,,,,,,,,,,,,,,,,,,,,,,,,,,,,,,,,,,,,,,,,,,,,,,,,,,,,,,,,,,,,,,,,,,,,,
Annie/Gwen (NX/SI),0.439814814814815,0.555118110236221,0.587677725118483,0.357357357357357,0.561497326203209,0.414728682170543,0.392156862745098,0.383838383838384,0.546313799621928,0.260700389105058,0.57286432160804,0.509259259259259,,0.5,0.228260869565217,,,,,,0.522388059701493,0.528301886792453,0.553571428571429,0.392,,,0.427480916030534,,,,0.522388059701493,,0.540229885057471,0.43010752688172,0.554621848739496,0.604651162790698,,0.549295774647887,0.48,,0.480392156862745,0.291139240506329,0.666666666666667,,0.568047337278107,0.362962962962963,0.254901960784314,0.409090909090909,,0.436170212765957,0.703125,,0.261538461538462,0.417582417582418,,,0.411428571428571,0.327868852459016,,,,,,,,,,,,,,,,,,,,,,,,,,,,,,,,,,,,,,,,,,,,,,,,,,,,,,,,,,,,,,,,,,,,,,,,,,,,,,,,,,,,,,,,,,
Annie/Jhin (NX/RU),0.455048409405256,0.397350993377483,0.339116719242902,0.418969849246231,0.333333333333333,0.545748987854251,0.382765531062124,0.389221556886228,0.634989200863931,0.445759368836292,0.5,0.652284263959391,0.439024390243902,0.42713567839196,0.539641943734015,0.669354838709677,0.517985611510791,0.383177570093458,0.757142857142857,0.6484375,0.772241992882562,0.673611111111111,0.661835748792271,0.387012987012987,0.295698924731183,0.328125,0.381471389645777,0.205479452054795,0.692307692307692,0.441860465116279,0.548780487804878,0.371212121212121,0.466507177033493,0.538681948424069,0.653379549393414,0.440251572327044,0.668831168831169,0.359090909090909,0.271978021978022,0.678714859437751,0.608414239482201,0.431746031746032,0.438485804416404,0.304347826086957,0.313609467455621,0.734200743494424,0.684563758389262,0.529304029304029,0.615384615384615,0.595419847328244,0.452991452991453,0.536764705882353,0.540106951871658,0.659919028340081,0.456310679611651,0.736434108527132,0.615384615384615,0.730627306273063,0.653846153846154,0.288461538461538,0.693877551020408,0.446153846153846,0.594202898550725,0.676470588235294,0.7125,0.60655737704918,0.530120481927711,0.271604938271605,0.397260273972603,0.42,0.375,0.514285714285714,0.859375,0.625,0.482142857142857,0.5,0.489130434782609,0.444444444444444,0.63,0.612612612612613,0.204301075268817,0.793650793650794,0.851851851851852,0.647058823529412,0.709090909090909,0.723684210526316,0.55921052631579,0.654545454545455,,,,,,,,,,,,,,,,,,,,,,,,,,,,,,,,,,,,,,,,,,,,,,,,,,,,,,,,,,,,
Annie/Twisted Fate (BW/NX),0.5,0.645207439198856,0.506569343065694,0.482269503546099,0.579598145285935,0.588235294117647,0.559550561797753,0.424374319912949,0.626650660264106,0.363133640552995,0.544951590594744,0.585714285714286,0.359154929577465,0.560185185185185,0.350762527233115,0.411214953271028,0.674074074074074,0.744444444444445,0.727272727272727,0.618705035971223,0.445614035087719,0.401197604790419,0.563451776649746,0.563888888888889,0.382978723404255,0.443786982248521,0.338666666666667,0.508064516129032,0.635593220338983,0.331360946745562,0.561085972850679,0.369426751592357,0.458984375,0.590604026845638,0.501030927835052,0.529644268774704,0.678899082568807,0.563636363636364,0.528735632183908,0.747663551401869,0.548936170212766,0.376175548589342,0.545871559633028,0.384615384615385,0.493171471927162,0.516898608349901,0.528301886792453,0.6,0.490445859872612,0.620178041543027,0.645161290322581,0.377551020408163,0.359447004608295,0.41747572815534,0.534391534391534,0.325925925925926,0.439137134052388,0.466666666666667,,0.571428571428571,0.795454545454545,,0.4375,0.520833333333333,0.559322033898305,,0.618421052631579,0.604938271604938,0.466666666666667,0.543859649122807,,,0.68421052631579,,0.62962962962963,0.507042253521127,0.480519480519481,0.607142857142857,0.403973509933775,0.666666666666667,0.438202247191011,0.573529411764706,0.671641791044776,0.596153846153846,0.557692307692308,0.506849315068493,0.570093457943925,0.508474576271186,0.739130434782609,0.516666666666667,0.611111111111111,0.407407407407407,0.566666666666667,0.596491228070175,,,,,,,,,,,,,,,,,,,,,,,,,,,,,,,,,,,,,,,,,,,,,,,,,,,,,,
Aphelios/Diana (MT/SI),,,,,,,,,0.6,,,,,,,,,,,,,,,,,,,,,,,,,,,,,,,,,,,,,,,,,,,,,,,,,,,,,,,,,,,,,,,,,,,,,,,,,,,,,,,,,,,,,,,,,,,,,,,,,,,,,,,,,,,,,,,,,,,,,,,,,,,,,,,,,,,,,,,,,,,
Aphelios/Leona (MT/SI),0.428571428571429,0.54320987654321,,0.591836734693878,,0.526717557251908,,,0.463414634146342,0.551282051282051,0.711538461538462,,,,,,,,,,,,,,,,,,,,,,0.588235294117647,,,,,,,,,,,,0.673076923076923,,,,,,,,,,,,,,,,,,,,,,,,,,,,,,,,,,,,,,,,,,,,,,,,,,,,,,,,,,,,,,,,,,,,,,,,,,,,,,,,,,,,,,,,,,,,,,,,,,,,,,,
Aphelios/Seraphine (MT/PZ),0.649237472766885,0.494444444444445,0.529801324503311,0.474,0.651408450704225,0.397834912043302,0.373737373737374,0.567375886524823,0.479434447300771,0.467307692307692,0.460358056265985,0.463157894736842,0.6,0.771739130434783,0.5,0.544117647058824,0.735294117647059,,0.673076923076923,0.392857142857143,0.504,0.521739130434783,0.412280701754386,0.46583850931677,0.516129032258065,0.357142857142857,0.631578947368421,,0.633333333333333,0.476190476190476,0.65546218487395,0.548780487804878,0.460905349794239,0.412587412587413,0.470588235294118,0.666666666666667,0.53968253968254,0.496240601503759,0.404145077720207,0.519083969465649,0.528455284552846,0.574850299401198,0.577981651376147,,0.658703071672355,0.418772563176895,0.432432432432432,0.53469387755102,0.523809523809524,0.27810650887574,0.65625,0.416666666666667,0.55045871559633,0.462025316455696,0.567010309278351,0.523809523809524,0.436860068259386,0.503649635036496,,,,,,,,,0.821428571428571,,,,,,,,,,,,0.5,0.423076923076923,,,,,,,0.410714285714286,,,,,,,,,,,,,,,,,,,,,,,,,,,,,,,,,,,,,,,,,,,,,,,,,,,,,,,,,,,,,
Aphelios/Seraphine/Viktor (MT/PZ),,,,0.442622950819672,,0.215686274509804,,,,,,,,,,,,,,,,,,,,,,,,,,,,,,,,,,,,,,,,,,,,,,,,,,,,,,,,,,,,,,,,,,,,,,,,,,,,,,,,,,,,,,,,,,,,,,,,,,,,,,,,,,,,,,,,,,,,,,,,,,,,,,,,,,,,,,,,,,,,,,
Aphelios/Viktor (MT/PZ),0.588785046728972,0.545454545454545,0.515625,0.469444444444445,0.592105263157895,0.44106463878327,0.509433962264151,0.496296296296296,0.495495495495496,0.496402877697842,0.330645161290323,0.490566037735849,,,0.455882352941176,,,,,,,,,,,,,,,,,,0.421052631578947,0.415094339622642,0.487179487179487,,,,0.4,,,0.596774193548387,,,0.651376146788991,0.346153846153846,,0.63768115942029,,,,,,,,,0.397058823529412,0.363636363636364,,,,,,,,,,,,,,,,,,,,,,,,,,,,,,,,,,,,,,,,,,,,,,,,,,,,,,,,,,,,,,,,,,,,,,,,,,,,,,,,,,,,,,,,,,
Aphelios/Zoe (MT/PZ),,,,0.283018867924528,,,,,,,,,,,,,,,,,,,,,,,,,,,,,,,,,,,,,,,,,,,,,,,,,,,,,,,,,,,,,,,,,,,,,,,,,,,,,,,,,,,,,,,,,,,,,,,,,,,,,,,,,,,,,,,,,,,,,,,,,,,,,,,,,,,,,,,,,,,,,,,,
Ashe/Kindred (FR/SI),0.325925925925926,0.429411764705882,0.540740740740741,0.418269230769231,0.297297297297297,0.75,0.733333333333333,0.229357798165138,0.460122699386503,0.475524475524476,0.482014388489209,0.577464788732394,,,0.264705882352941,,,,,,,,,0.565217391304348,,,0.4,,,,,,0.377358490566038,0.716981132075472,0.473118279569893,,,,0.517857142857143,,0.580645161290323,,,,0.408602150537634,0.511627906976744,,0.5,,0.769230769230769,,,,,,,0.461538461538462,0.38,,,,,,,,,,,,,,,,,,,,,,,,,,,,,,,,,,,,,,,,,,,,,,,,,,,,,,,,,,,,,,,,,,,,,,,,,,,,,,,,,,,,,,,,,,
Ashe/LeBlanc (FR/NX),0.204545454545455,0.247706422018349,0.402985074626866,0.550561797752809,0.333333333333333,0.627450980392157,,0.402777777777778,0.301775147928994,0.5,0.306122448979592,,,,,,,,,,,,,,,,,,,,,,,,0.446428571428571,,,,,,,,,,0.415094339622642,0.472727272727273,,,,,,,,,,,0.396551724137931,,,,,,,,,,,,,,,,,,,,,,,,,,,,,,,,,,,,,,,,,,,,,,,,,,,,,,,,,,,,,,,,,,,,,,,,,,,,,,,,,,,,,,,,,,,
Ashe/Senna (FR/SI),,,,0.387096774193548,,0.636363636363636,,,,,,,,,,,,,,,,,,,,,,,,,,,,,,,,,,,,,,,,,,,,,,,,,,,,,,,,,,,,,,,,,,,,,,,,,,,,,,,,,,,,,,,,,,,,,,,,,,,,,,,,,,,,,,,,,,,,,,,,,,,,,,,,,,,,,,,,,,,,,,
Ashe/Thresh (FR/SI),,0.471428571428571,,0.411764705882353,,0.515625,,0.156862745098039,0.324561403508772,0.470588235294118,0.553846153846154,,,,,,,,,,,,,,,,,,,,,,,,,,,,,,,,,,,0.346153846153846,,,,,,,,,,,,,,,,,,,,,,,,,,,,,,,,,,,,,,,,,,,,,,,,,,,,,,,,,,,,,,,,,,,,,,,,,,,,,,,,,,,,,,,,,,,,,,,,,,,,,,
Aurelion Sol/Braum (FR/MT),,,,0.297297297297297,,0.448979591836735,,0.392857142857143,0.422535211267606,0.533333333333333,,,,,,,,,,,,,,,,,,,,,,,,,,,,,,,,,,,,,,,,,,,,,,,,,,,,,,,,,,,,,,,,,,,,,,,,,,,,,,,,,,,,,,,,,,,,,,,,,,,,,,,,,,,,,,,,,,,,,,,,,,,,,,,,,,,,,,,,,,
Aurelion Sol/Leona (DE/MT),0.255555555555556,0.5875,0.523076923076923,0.54320987654321,0.402777777777778,0.49375,,0.52212389380531,0.381188118811881,0.603603603603604,0.616822429906542,0.407407407407407,,,,,,,,,,,,,,,,,,,,,,,0.490909090909091,,,,,,,,,,0.482758620689655,0.481481481481482,,0.508771929824562,,,,,,,,,0.587301587301587,,,,,,,,,,,,,,,,,,,,,,,,,,,,,,,,,,,,,,,,,,,,,,,,,,,,,,,,,,,,,,,,,,,,,,,,,,,,,,,,,,,,,,,,,,,
Aurelion Sol/Shyvana (DE/MT),0.272727272727273,0.290598290598291,0.508196721311475,0.31404958677686,0.455357142857143,0.456043956043956,0.385714285714286,0.434108527131783,0.378378378378378,0.406666666666667,0.242857142857143,0.222222222222222,,,0.326923076923077,,,,,,,,,,,,,,,,,,0.396551724137931,,0.473118279569893,,,0.471698113207547,,,,0.538461538461538,,,0.513513513513514,0.275862068965517,,0.27536231884058,,,,,,,,,0.466666666666667,,,,,,,,,,,,,,,,,,,,,,,,,,,,,,,,,,,,,,,,,,,,,,,,,,,,,,,,,,,,,,,,,,,,,,,,,,,,,,,,,,,,,,,,,,,
Aurelion Sol/Trundle (FR/MT),0.5625,0.367647058823529,,0.383720930232558,,0.459183673469388,,0.60377358490566,0.371428571428571,0.609375,0.405797101449275,,,,,,,,,,,,,,,,,,,,,,,,,,,,,,,,,,,,,0.26,,,,,,,,,,,,,,,,,,,,,,,,,,,,,,,,,,,,,,,,,,,,,,,,,,,,,,,,,,,,,,,,,,,,,,,,,,,,,,,,,,,,,,,,,,,,,,,,,,,,
Aurelion Sol/Tryndamere (FR/MT),,,,0.375,,0.305263157894737,,,0.379310344827586,0.640625,,,,,,,,,,,,,,,,,,,,,,,,,,,,,,,,,,,,,,,,,,,,,,,,,,,,,,,,,,,,,,,,,,,,,,,,,,,,,,,,,,,,,,,,,,,,,,,,,,,,,,,,,,,,,,,,,,,,,,,,,,,,,,,,,,,,,,,,,,
Aurelion Sol/Zoe (FR/MT),0.479166666666667,0.343283582089552,0.381578947368421,0.320754716981132,0.43859649122807,0.392045454545455,,0.4125,0.466981132075472,0.62015503875969,0.323529411764706,,,,,,,,,,,,,,,,,,,,,,0.32,,0.260869565217391,,,,,,,,,,0.519230769230769,0.420289855072464,,0.298507462686567,,,,,,,,,0.443037974683544,,,,,,,,,,,,,,,,,,,,,,,,,,,,,,,,,,,,,,,,,,,,,,,,,,,,,,,,,,,,,,,,,,,,,,,,,,,,,,,,,,,,,,,,,,,
Azir/Hecarim (SI/SH),,,,,,,,,0.2,,,,,,,,,,,,,,,,,,,,,,,,,,,,,,,,,,,,,,,,,,,,,,,,,,,,,,,,,,,,,,,,,,,,,,,,,,,,,,,,,,,,,,,,,,,,,,,,,,,,,,,,,,,,,,,,,,,,,,,,,,,,,,,,,,,,,,,,,,,
Azir/Irelia (IO/SH),0.381294964028777,0.278260869565217,0.3625,0.420138888888889,0.367816091954023,0.357723577235772,0.380952380952381,0.464,0.449230769230769,0.595375722543353,0.3515625,0.470588235294118,,,0.607142857142857,,,,,,,,,0.594202898550725,,,0.396551724137931,,,,0.491228070175439,,0.478260869565217,0.425925925925926,0.511363636363636,0.396551724137931,,,0.28,0.736842105263158,,0.483870967741936,0.407407407407407,,0.301075268817204,0.648648648648649,,0.440860215053763,,0.447761194029851,,,,,,,0.602040816326531,0.735849056603774,,,,,,,,,,,,,,,,,,,,,,,,,,,,,,,,,,,,,,,,,,,,,,,,,,,,,,,,,,,,,,,,,,,,,,,,,,,,,,,,,,,,,,,,,,
Azir/Xerath (SH),0.554385964912281,0.271604938271605,0.418478260869565,0.421221864951769,0.488584474885845,0.413306451612903,0.371621621621622,0.456140350877193,0.187290969899666,0.554140127388535,0.227758007117438,0.545454545454545,0.873015873015873,0.477611940298507,0.496,,,,,,0.5,0.470588235294118,0.333333333333333,0.487394957983193,,,0.504761904761905,,,,0.53,0.614035087719298,0.335260115606936,0.341880341880342,0.311881188118812,0.522222222222222,,0.269230769230769,0.351145038167939,0.430232558139535,0.488888888888889,0.551724137931035,0.3625,,0.647058823529412,0.456140350877193,,0.366492146596859,0.566037735849057,0.261904761904762,0.647727272727273,0.323529411764706,0.478260869565217,0.319148936170213,0.535211267605634,0.447761194029851,0.389908256880734,0.472527472527473,,,,,,,,,0.942307692307692,,,,,,,,,,,,,,,,,,,,,,,,,,,,,,,,,,,,,,,,,,,,,,,,,,,,,,,,,,,,,,,,,,,,,,,,,,,,,,,,,
Bard/Norra (BC/RU),0.440677966101695,0.333333333333333,,0.362962962962963,,0.228571428571429,,0.37037037037037,0.1796875,0.311475409836066,0.2875,,,,,,,,,,,,,,,,,,,,,,,,,,,,,,,,,,,0.30188679245283,,,,,,,,,,,,,,,,,,,,,,,,,,,,,,,,,,,,,,,,,,,,,,,,,,,,,,,,,,,,,,,,,,,,,,,,,,,,,,,,,,,,,,,,,,,,,,,,,,,,,,
Braum (FR/PZ),,,,0.36,,,,,,,,,,,,,,,,,,,,,,,,,,,,,,,,,,,,,,,,,,,,,,,,,,,,,,,,,,,,,,,,,,,,,,,,,,,,,,,,,,,,,,,,,,,,,,,,,,,,,,,,,,,,,,,,,,,,,,,,,,,,,,,,,,,,,,,,,,,,,,,,
Braum/Norra (BC/FR),,,,0.333333333333333,,,,,,,,,,,,,,,,,,,,,,,,,,,,,,,,,,,,,,,,,,,,,,,,,,,,,,,,,,,,,,,,,,,,,,,,,,,,,,,,,,,,,,,,,,,,,,,,,,,,,,,,,,,,,,,,,,,,,,,,,,,,,,,,,,,,,,,,,,,,,,,,
Braum/Vladimir (FR/NX),0.598802395209581,0.507246376811594,0.544303797468355,0.341463414634146,0.283464566929134,0.375,0.395348837209302,0.455128205128205,0.158291457286432,0.305785123966942,0.326388888888889,0.345238095238095,,0.471698113207547,0.478260869565217,,,,,,0.529411764705882,,,0.420289855072464,,,0.53030303030303,,,,0.52,,0.647887323943662,0.363636363636364,0.303370786516854,0.557692307692308,,,0.396551724137931,,0.420289855072464,0.42,0.571428571428571,,0.462365591397849,0.325,,0.45360824742268,,0.245901639344262,0.411764705882353,,,,,,0.495652173913044,,,,,,,,,,,,,,,,,,,,,,,,,,,,,,,,,,,,,,,,,,,,,,,,,,,,,,,,,,,,,,,,,,,,,,,,,,,,,,,,,,,,,,,,,,,
Caitlyn/Teemo (BC/PZ),0.436548223350254,0.4,0.373239436619718,0.327659574468085,0.45625,0.263157894736842,0.271317829457364,0.4,0.301630434782609,0.54296875,0.338164251207729,0.383838383838384,,0.446428571428571,0.587719298245614,,,,,,0.666666666666667,,0.5,0.443478260869565,,,0.676767676767677,,,,0.515625,,0.482758620689655,0.345679012345679,0.38961038961039,0.71875,,,0.22680412371134,0.41025641025641,0.555555555555556,0.728395061728395,0.467741935483871,,0.472868217054264,0.516393442622951,,0.398373983739837,0.381818181818182,0.316455696202532,0.421052631578947,,0.462962962962963,0.614457831325301,,0.7,0.466666666666667,0.578947368421053,,,,,,,,,,,,,,,,,,,,,,,,,,,,,,,,,,,,,,,,,,,,,,,,,,,,,,,,,,,,,,,,,,,,,,,,,,,,,,,,,,,,,,,,,,
Caitlyn/Trundle (FR/PZ),,,,0.48314606741573,,0.415584415584416,,,0.311827956989247,0.627450980392157,0.39344262295082,,,,,,,,,,,,,,,,,,,,,,,,,,,,,,,,,,,,,,,,,,,,,,,,,,,,,,,,,,,,,,,,,,,,,,,,,,,,,,,,,,,,,,,,,,,,,,,,,,,,,,,,,,,,,,,,,,,,,,,,,,,,,,,,,,,,,,,,,
Championless (FR/SI),0.381578947368421,0.65625,0.415384615384615,0.200892857142857,,0.217142857142857,,0.333333333333333,0.355704697986577,0.357142857142857,0.469879518072289,,,,0.178571428571429,,,,,,0.0576923076923077,,,,,,,,,,,,0.254237288135593,,0.123076923076923,,,,,,,,,,0.493333333333333,,,0.19672131147541,,,,,,,,,0.185185185185185,,,,,,,,,,,,,,,,,,,,,,,,,,,,,,,,,,,,,,,,,,,,,,,,,,,,,,,,,,,,,,,,,,,,,,,,,,,,,,,,,,,,,,,,,,,
Championpile (DE/FR),,,,0.293103448275862,,0.315789473684211,,,,,,,,,,,,,,,,,,,,,,,,,,,,,,,,,,,,,,,,,,,,,,,,,,,,,,,,,,,,,,,,,,,,,,,,,,,,,,,,,,,,,,,,,,,,,,,,,,,,,,,,,,,,,,,,,,,,,,,,,,,,,,,,,,,,,,,,,,,,,,
Diana/Leona (MT/SI),0.436111111111111,0.57847533632287,0.46583850931677,0.579192546583851,0.445205479452055,0.357142857142857,0.552941176470588,0.582043343653251,0.414957780458384,0.465909090909091,0.612987012987013,0.505555555555556,0.516129032258065,0.608,0.53416149068323,,0.434782608695652,,,0.405797101449275,0.512605042016807,0.579710144927536,0.556521739130435,0.5,0.661016949152542,0.509803921568627,0.609756097560976,0.5,,,0.627450980392157,0.698412698412698,0.511111111111111,0.59375,0.657794676806084,0.549019607843137,0.628205128205128,0.465346534653465,0.585987261146497,0.435897435897436,0.519230769230769,0.426229508196721,0.594594594594595,,0.480176211453745,0.464912280701754,0.428571428571429,0.707182320441989,0.636363636363636,0.35672514619883,0.54320987654321,0.488636363636364,0.54,0.587786259541985,0.393617021276596,0.652631578947369,0.57421875,0.489130434782609,,,,,,,,,,,,,,,,,,,,,0.573770491803279,,,,,,,,0.636363636363636,,,,,,,,,,,,,,,,,,,,,,,,,,,,,,,,,,,,,,,,,,,,,,,,,,,,,,,,,,,,,
Diana/Nocturne (MT/SI),0.395061728395062,0.553191489361702,0.423076923076923,0.504854368932039,,0.5,0.462962962962963,0.421875,0.598726114649682,0.350877192982456,0.728395061728395,,,,,,,,,,,,,,,,,,,,,,,,,,,,,,,,,,,,,,,,,,,,,,0.38,,,,,,,,,,,,,,,,,,,,,,,,,,,,,,,,,,,,,,,,,,,,,,,,,,,,,,,,,,,,,,,,,,,,,,,,,,,,,,,,,,,,,,,,,,,
Draven/Jinx (NX/PZ),0.354792560801145,0.5,0.420505200594354,0.52297410192147,0.384615384615385,0.474390243902439,0.526418786692759,0.347676419965577,0.583824317086235,0.325829383886256,0.602649006622517,0.601671309192201,0.325966850828729,0.44488188976378,0.505555555555556,0.454545454545455,0.570588235294118,0.4125,0.70940170940171,0.721739130434783,0.728395061728395,0.492753623188406,0.6,0.42152466367713,0.442176870748299,0.592307692307692,0.464824120603015,0.186813186813187,0.642857142857143,0.445783132530121,0.521235521235521,0.43010752688172,0.435897435897436,0.61038961038961,0.69939879759519,0.46583850931677,0.650273224043716,0.356164383561644,0.422960725075529,0.593607305936073,0.636075949367089,0.482625482625483,0.455252918287938,0.534090909090909,0.360086767895879,0.629707112970711,0.629139072847682,0.607843137254902,0.601694915254237,0.58005249343832,0.409574468085106,0.455128205128205,0.519553072625698,0.50965250965251,0.331775700934579,0.744744744744745,0.545623836126629,0.597156398104265,0.44,0.45679012345679,0.752293577981651,0.528571428571429,0.632352941176471,0.656716417910448,0.666666666666667,,0.34375,0.446808510638298,0.505494505494506,,,0.588235294117647,0.694915254237288,0.491525423728814,0.559322033898305,0.595238095238095,0.454545454545455,0.571428571428571,0.553398058252427,0.469879518072289,0.33,,,0.357142857142857,,0.616666666666667,0.646666666666667,0.660377358490566,0.615384615384615,,,,,,0.689655172413793,0.375,0.6,0.632352941176471,0.5,,,,,,,,,,,,,,,,,,,,,,,,,,,,,,,,,,,,,,,,,,,,,,,,,
Ekko/Jinx (PZ/SH),0.493430656934307,0.579494799405646,0.5,0.52539242843952,0.435008665511265,0.366950182260024,0.511749347258486,0.439728353140917,0.462121212121212,0.450381679389313,0.660883280757098,0.411960132890365,0.584615384615385,0.412322274881517,0.470198675496689,0.484375,0.459259259259259,0.476923076923077,0.491803278688525,0.6375,0.581521739130435,0.455696202531646,0.626760563380282,0.53416149068323,0.55045871559633,0.575221238938053,0.623574144486692,0.556451612903226,0.577777777777778,0.333333333333333,0.533653846153846,0.405940594059406,0.577702702702703,0.520491803278689,0.628571428571429,0.578947368421053,0.514285714285714,0.58252427184466,0.560869565217391,0.447058823529412,0.574162679425837,0.510373443983403,0.622340425531915,0.611940298507463,0.483069977426637,0.437017994858612,0.41726618705036,0.596491228070175,0.490909090909091,0.439102564102564,0.412698412698413,0.427586206896552,0.426751592356688,0.477272727272727,0.39375,0.695364238410596,0.451345755693582,0.452830188679245,,,0.597014925373134,,,0.618421052631579,,,0.584615384615385,0.576923076923077,0.623188405797102,,,0.39622641509434,0.673076923076923,,,0.578125,,0.615384615384615,0.52,0.586206896551724,0.556962025316456,,,,,0.5,0.516129032258065,0.574074074074074,0.655172413793103,,,,,,,,,0.654545454545455,,,,,,,,,,,,,,,,,,,,,,,,,,,,,,,,,,,,,,,,,,,,,,,,,,
Ekko/Zilean (PZ/SH),0.533333333333333,0.494505494505495,0.376811594202899,0.423611111111111,0.4,0.25,,0.391304347826087,0.302816901408451,0.305882352941177,0.602739726027397,,,,,,,,,,,,,,,,,,,,,,,,,,,,,,,,,,,,,,,,,,,,,,0.411764705882353,,,,,,,,,,,,,,,,,,,,,,,,,,,,,,,,,,,,,,,,,,,,,,,,,,,,,,,,,,,,,,,,,,,,,,,,,,,,,,,,,,,,,,,,,,,
Elise (FR/SI),0.456140350877193,,,0.466666666666667,,0.314285714285714,,0.462962962962963,0.28,0.4125,0.58,,,,,,,,,,,,,,,,,,,,,,,,,,,,,,,,,,,,,,,,,,,,,,0.326923076923077,,,,,,,,,,,,,,,,,,,,,,,,,,,,,,,,,,,,,,,,,,,,,,,,,,,,,,,,,,,,,,,,,,,,,,,,,,,,,,,,,,,,,,,,,,,
Elise (NX/SI),,,,0.401960784313726,,0.419753086419753,,0.339622641509434,0.482456140350877,0.333333333333333,0.625,,,,,,,,,,,,,,,,,,,,,,,,,,,,,,,,,,,,,,,,,,,,,,,,,,,,,,,,,,,,,,,,,,,,,,,,,,,,,,,,,,,,,,,,,,,,,,,,,,,,,,,,,,,,,,,,,,,,,,,,,,,,,,,,,,,,,,,,,
Elise/Gwen (NX/SI),0.617021276595745,0.557823129251701,0.44954128440367,0.418300653594771,0.471074380165289,0.488262910798122,0.419753086419753,0.485507246376812,0.652037617554859,0.496774193548387,0.704301075268817,0.60655737704918,,,0.483870967741936,,,,,,,,,0.338983050847458,,,,,,,,,0.478260869565217,0.4,0.604938271604938,0.622950819672131,,,0.417910447761194,,,,0.607843137254902,,0.473214285714286,0.566666666666667,,0.566666666666667,,0.642857142857143,,,,,,,0.509090909090909,,,,,,,,,,,,,,,,,,,,,,,,,,,,,,,,,,,,,,,,,,,,,,,,,,,,,,,,,,,,,,,,,,,,,,,,,,,,,,,,,,,,,,,,,,,
Elise/Jayce (PZ/SI),,,,0.515625,,,,,0.627118644067797,,,,,,,,,,,,,,,,,,,,,,,,,,,,,,,,,,,,,,,,,,,,,,,,,,,,,,,,,,,,,,,,,,,,,,,,,,,,,,,,,,,,,,,,,,,,,,,,,,,,,,,,,,,,,,,,,,,,,,,,,,,,,,,,,,,,,,,,,,,
Elise/Nocturne (NX/SI),0.556213017751479,0.407692307692308,0.424778761061947,0.589211618257261,0.471910112359551,0.415730337078652,0.40625,0.521367521367521,0.542168674698795,0.311594202898551,0.671875,0.53448275862069,,,0.642857142857143,,,,,,,,,0.490196078431373,,,0.645161290322581,,,,,,0.471428571428571,0.56,0.673267326732673,0.823529411764706,,,,,,,,,0.62,0.531914893617021,,0.506849315068493,,0.448275862068966,,,,,,,0.539325842696629,,,,,,,,,,,,,,,,,,,,,,,,,,,,,,,,,,,,,,,,,,,,,,,,,,,,,,,,,,,,,,,,,,,,,,,,,,,,,,,,,,,,,,,,,,,
Elise/Norra (BC/SI),0.661333333333333,0.535175879396985,0.376425855513308,0.426785714285714,0.562277580071174,0.404466501240695,0.466019417475728,0.533123028391167,0.264473684210526,0.458762886597938,0.618528610354224,0.424460431654676,,0.572519083969466,0.368421052631579,,0.6,,,0.603448275862069,0.495238095238095,0.46969696969697,0.323232323232323,0.390243902439024,,0.354838709677419,0.5,0.59016393442623,,,0.764705882352941,,0.5546875,0.480916030534351,0.654377880184332,0.662337662337662,0.51219512195122,0.454545454545455,0.542635658914729,0.513157894736842,0.481203007518797,0.477477477477478,0.526315789473684,,0.5,0.488372093023256,0.5,0.589473684210526,0.4,0.455172413793104,0.593023255813954,0.418918918918919,0.348484848484849,0.507352941176471,0.564102564102564,0.510416666666667,0.343220338983051,0.462686567164179,,,,,,,,,,,,,,,,,,,,,,,,,,,,,0.590909090909091,,,,,,,,,,,,,,,,,,,,,,,,,,,,,,,,,,,,,,,,,,,,,,,,,,,,,,,,,,,,,
Elise/Twisted Fate (BW/SI),0.491935483870968,0.813186813186813,0.443548387096774,0.350282485875706,0.551724137931035,0.485294117647059,0.465909090909091,0.41747572815534,0.652509652509653,0.204968944099379,0.794520547945206,0.507692307692308,,,,,,,,,,,,0.5,,,0.409836065573771,,,,0.524590163934426,,,0.387096774193548,0.694444444444445,,,,0.581818181818182,,0.32,,,,0.46875,0.42,,0.5,,0.560606060606061,,,,,,,0.288888888888889,,,,,,,,,,,,,,,,,,,,,,,,,,,,,,,,,,,,,,,,,,,,,,,,,,,,,,,,,,,,,,,,,,,,,,,,,,,,,,,,,,,,,,,,,,,
Evelynn/Kindred (RU/SI),,0.411764705882353,0.60377358490566,0.309859154929577,0.245283018867925,,,,0.47887323943662,0.321428571428571,0.485714285714286,,,,,,,,,,,,,,,,,,,,,,,,,,,,,,,,,,,,,,,,,,,,,,,,,,,,,,,,,,,,,,,,,,,,,,,,,,,,,,,,,,,,,,,,,,,,,,,,,,,,,,,,,,,,,,,,,,,,,,,,,,,,,,,,,,,,,,,,,
Evelynn/Norra (BC/RU),,,,,,,,,0.137254901960784,,,,,,,,,,,,,,,,,,,,,,,,,,,,,,,,,,,,,,,,,,,,,,,,,,,,,,,,,,,,,,,,,,,,,,,,,,,,,,,,,,,,,,,,,,,,,,,,,,,,,,,,,,,,,,,,,,,,,,,,,,,,,,,,,,,,,,,,,,,
Evelynn/Udyr (FR/RU),0.315789473684211,0.305084745762712,0.326923076923077,0.267241379310345,0.228070175438597,0.228915662650602,,0.524590163934426,0.219178082191781,0.418181818181818,0.140625,,,,,,,,,,,,,,,,,,,,,,,,,,,,,,,,,,,,,,,,,,,,,,0.403846153846154,,,,,,,,,,,,,,,,,,,,,,,,,,,,,,,,,,,,,,,,,,,,,,,,,,,,,,,,,,,,,,,,,,,,,,,,,,,,,,,,,,,,,,,,,,,
Evelynn/Viego (RU/SI),,0.508474576271186,,0.555555555555556,,0.421686746987952,,,0.373015873015873,0.402777777777778,0.375,,,,,,,,,,,,,,,,,,,,,,,,,,,,,,,,,,,,,,,,,,,,,,,,,,,,,,,,,,,,,,,,,,,,,,,,,,,,,,,,,,,,,,,,,,,,,,,,,,,,,,,,,,,,,,,,,,,,,,,,,,,,,,,,,,,,,,,,,
Ezreal/Karma (IO/PZ),,,,,,,,,0.344262295081967,,,,,,,,,,,,,,,,,,,,,,,,,,,,,,,,,,,,,,,,,,,,,,,,,,,,,,,,,,,,,,,,,,,,,,,,,,,,,,,,,,,,,,,,,,,,,,,,,,,,,,,,,,,,,,,,,,,,,,,,,,,,,,,,,,,,,,,,,,,
Ezreal/Kennen (IO/PZ),0.364406779661017,0.357142857142857,0.422222222222222,0.452755905511811,0.471910112359551,0.437209302325581,0.338709677419355,0.391752577319588,0.397540983606557,0.424657534246575,0.307692307692308,0.571428571428571,,,0.366666666666667,,,,,,,,,,,,,,,,,,0.391304347826087,,0.426829268292683,,,0.373134328358209,0.381818181818182,,,,,,0.688524590163934,0.438356164383562,,0.375,,0.615384615384615,,,,,,,0.534090909090909,,,,,,,,,,,,,,,,,,,,,,,,,,,,,,,,,,,,,,,,,,,,,,,,,,,,,,,,,,,,,,,,,,,,,,,,,,,,,,,,,,,,,,,,,,,
Ezreal/Seraphine (BC/PZ),0.668639053254438,0.55421686746988,0.666666666666667,0.497907949790795,0.609756097560976,0.378299120234604,0.333333333333333,0.493589743589744,0.566265060240964,0.434285714285714,0.558139534883721,0.5,,,0.523809523809524,,,,,,,,,,,,,,,0.5,,,0.485074626865672,0.346153846153846,0.435294117647059,,,,0.422222222222222,0.703703703703704,,0.413333333333333,,,0.554545454545455,0.415841584158416,,0.54,,0.6,,,,,,,0.434782608695652,,,,,,,,,,,,,,,,,,,,,,,,,,,,,,,,,,,,,,,,,,,,,,,,,,,,,,,,,,,,,,,,,,,,,,,,,,,,,,,,,,,,,,,,,,,
Ezreal/Seraphine (NX/PZ),0.438914027149321,0.478764478764479,0.466346153846154,0.318275154004107,0.543956043956044,0.40625,0.342657342657343,0.420833333333333,0.422932330827068,0.342948717948718,0.451219512195122,0.474576271186441,0.375,0.477611940298507,0.34453781512605,,,,,0.508771929824562,0.47,0.48,0.484375,0.372549019607843,,,0.235294117647059,0.475409836065574,,,0.5,,0.448529411764706,0.412371134020619,0.412935323383085,0.494252873563218,,0.456140350877193,0.381294964028777,0.528571428571429,0.45,0.357142857142857,0.416666666666667,,0.496402877697842,0.435064935064935,0.462962962962963,0.412162162162162,0.46551724137931,0.503759398496241,0.568965517241379,,0.407407407407407,0.480519480519481,0.528571428571429,0.218390804597701,0.503311258278146,0.354430379746835,,,,,,,,,,,,,,,,,,,,,,,,,,,,,,,,,,,,,,,,,,,,,,,,,,,,,,,,,,,,,,,,,,,,,,,,,,,,,,,,,,,,,,,,,,
Ezreal/Seraphine (PZ/SI),0.630573248407643,0.56989247311828,0.594059405940594,0.30812324929972,0.519607843137255,0.384146341463415,0.465753424657534,0.522012578616352,0.507142857142857,0.354651162790698,0.628787878787879,0.535211267605634,,,0.451219512195122,,,,,,0.385964912280702,,,0.301587301587302,,,,,,,,,0.392156862745098,,0.383720930232558,,,,0.518987341772152,,,,,,0.763636363636364,0.350649350649351,,0.488372093023256,,,,,,,,,0.285714285714286,0.432835820895522,,,,,,,,,,,,,,,,,,,,,,,,,,,,,,,,,,,,,,,,,,,,,,,,,,,,,,,,,,,,,,,,,,,,,,,,,,,,,,,,,,,,,,,,,,
Fiora/Pantheon (DE/MT),,,,0.388888888888889,,,,,0.413333333333333,,,,,,,,,,,,,,,,,,,,,,,,,,,,,,,,,,,,,,,,,,,,,,,,,,,,,,,,,,,,,,,,,,,,,,,,,,,,,,,,,,,,,,,,,,,,,,,,,,,,,,,,,,,,,,,,,,,,,,,,,,,,,,,,,,,,,,,,,,,
Fiora/Vayne (DE/PZ),0.37037037037037,0.440677966101695,,0.295454545454545,,0.492537313432836,,,0.47008547008547,0.555555555555556,0.517857142857143,,,,,,,,,,,,,,,,,,,,,,,,,,,,,,,,,,,,,,,,,,,,,,,,,,,,,,,,,,,,,,,,,,,,,,,,,,,,,,,,,,,,,,,,,,,,,,,,,,,,,,,,,,,,,,,,,,,,,,,,,,,,,,,,,,,,,,,,,
Fizz/Nami (BW/RU),0.483333333333333,,,0.513761467889908,,0.551282051282051,,,0.488372093023256,0.517241379310345,,,,,,,,,,,,,,,,,,,,,,,,,,,,,,,,,,,,,,,,,,,,,,,,,,,,,,,,,,,,,,,,,,,,,,,,,,,,,,,,,,,,,,,,,,,,,,,,,,,,,,,,,,,,,,,,,,,,,,,,,,,,,,,,,,,,,,,,,,
Fizz/Twisted Fate (BW/PZ),,,,0.454545454545455,,,,,0.54,,,,,,,,,,,,,,,,,,,,,,,,,,,,,,,,,,,,,,,,,,,,,,,,,,,,,,,,,,,,,,,,,,,,,,,,,,,,,,,,,,,,,,,,,,,,,,,,,,,,,,,,,,,,,,,,,,,,,,,,,,,,,,,,,,,,,,,,,,,
Galio/Leona (DE/MT),,,,,,,,,0.202898550724638,,,,,,,,,,,,,,,,,,,,,,,,,,,,,,,,,,,,,,,,,,,,,,,,,,,,,,,,,,,,,,,,,,,,,,,,,,,,,,,,,,,,,,,,,,,,,,,,,,,,,,,,,,,,,,,,,,,,,,,,,,,,,,,,,,,,,,,,,,,
Galio/Trundle (DE/FR),,,,0.357142857142857,,0.313725490196078,,,0.3125,,,,,,,,,,,,,,,,,,,,,,,,,,,,,,,,,,,,,,,,,,,,,,,,,,,,,,,,,,,,,,,,,,,,,,,,,,,,,,,,,,,,,,,,,,,,,,,,,,,,,,,,,,,,,,,,,,,,,,,,,,,,,,,,,,,,,,,,,,,
Gangplank/Sejuani (BW/FR),0.541015625,0.564102564102564,0.422297297297297,0.509290540540541,0.485530546623794,0.4,0.590697674418605,0.54176072234763,0.450108459869848,0.490878938640133,0.533492822966507,0.49789029535865,0.406593406593407,0.459770114942529,0.539094650205761,0.578947368421053,0.622641509433962,,0.603448275862069,0.521739130434783,0.664739884393064,0.352112676056338,0.517241379310345,0.488888888888889,0.521739130434783,0.528571428571429,0.4453125,,0.608695652173913,0.514925373134328,0.551470588235294,0.607843137254902,0.5,0.505747126436782,0.543333333333333,0.486486486486487,0.553846153846154,0.550387596899225,0.463963963963964,0.530120481927711,0.609756097560976,0.446428571428571,0.580645161290323,0.48,0.505847953216374,0.486013986013986,0.636363636363636,0.684887459807074,0.616,0.468208092485549,0.5,0.543103448275862,0.55,0.578947368421053,0.480916030534351,0.491525423728814,0.531055900621118,0.608465608465609,,0.411764705882353,,,,0.68,,,0.745762711864407,,,,,,,,,0.603448275862069,,,0.55421686746988,0.642857142857143,,,,,,0.554054054054054,0.387096774193548,,,,,,,,,,,,,,,,,,,,,,,,,,,,,,,,,,,,,,,,,,,,,,,,,,,,,,,,,,,,,
Garen/Jarvan IV (DE),,,,0.465753424657534,,0.452830188679245,,,,,,,,,,,,,,,,,,,,,,,,,,,,,,,,,,,,,,,,,,,,,,,,,,,,,,,,,,,,,,,,,,,,,,,,,,,,,,,,,,,,,,,,,,,,,,,,,,,,,,,,,,,,,,,,,,,,,,,,,,,,,,,,,,,,,,,,,,,,,,
Gwen/Hecarim (IO/SI),,,,0.46875,,0.446428571428571,,,0.409836065573771,,,,,,,,,,,,,,,,,,,,,,,,,,,,,,,,,,,,,,,,,,,,,,,,,,,,,,,,,,,,,,,,,,,,,,,,,,,,,,,,,,,,,,,,,,,,,,,,,,,,,,,,,,,,,,,,,,,,,,,,,,,,,,,,,,,,,,,,,,,
Gwen/Katarina (NX/SI),0.517730496453901,0.47702589807853,0.47460757156048,0.5,0.613207547169811,0.483338080318997,0.49940119760479,0.634012107870116,0.49768115942029,0.574339972209356,0.581030150753769,0.545924967658474,0.659235668789809,0.642642642642643,0.526,0.530555555555556,0.581730769230769,0.45679012345679,0.685950413223141,0.579861111111111,0.578778135048232,0.658536585365854,0.672340425531915,0.420807453416149,0.581699346405229,0.410788381742739,0.573214285714286,0.649717514124294,0.547244094488189,0.502092050209205,0.681724845995893,0.69187675070028,0.49070945945946,0.51131221719457,0.564285714285714,0.610894941634241,0.602941176470588,0.552380952380952,0.445255474452555,0.511111111111111,0.647286821705426,0.523114355231144,0.547169811320755,0.488372093023256,0.620048504446241,0.477211796246649,0.583577712609971,0.613737734165923,0.490945674044266,0.512977099236641,0.653767820773931,0.565789473684211,0.658974358974359,0.549815498154982,0.475452196382429,0.566115702479339,0.527868852459016,0.572661870503597,0.588709677419355,0.408163265306122,0.449438202247191,0.588235294117647,0.616279069767442,0.679245283018868,0.637037037037037,0.51685393258427,0.799107142857143,0.495145631067961,0.576388888888889,0.533333333333333,0.598039215686275,0.690140845070423,0.732758620689655,0.444444444444444,0.704545454545455,0.512987012987013,0.551136363636364,0.515463917525773,0.640718562874252,0.676767676767677,0.491379310344828,0.515923566878981,0.75,0.477611940298507,0.608333333333333,0.580110497237569,0.518672199170125,0.590476190476191,0.636363636363636,0.486238532110092,0.550847457627119,0.592,0.51304347826087,0.632183908045977,0.615384615384615,0.555555555555556,0.550724637681159,,,0.603448275862069,0.68,0.589041095890411,0.666666666666667,0.563636363636364,0.557377049180328,0.716981132075472,0.612903225806452,0.702702702702703,0.625,0.64,0.666666666666667,0.706896551724138,0.484375,0.611111111111111,0.545454545454545,0.642857142857143,0.534246575342466,0.53125,0.63953488372093,0.63953488372093,0.709302325581395,0.666666666666667,0.471428571428571,0.605263157894737,0.683544303797468,0.405797101449275,0.474576271186441,0.807692307692308,0.656716417910448,0.532258064516129,0.510869565217391,0.746031746031746,0.756756756756757,0.593220338983051,0.512396694214876,0.690140845070423,,,,,,,,,,,,
Gwen/Vayne (DE/SI),0.409395973154362,0.38961038961039,0.479508196721312,0.48868778280543,0.515981735159817,0.468,0.42654028436019,0.563106796116505,0.496987951807229,0.631043256997455,0.461318051575931,0.467532467532468,0.691176470588235,0.56989247311828,0.587412587412587,0.584905660377359,0.283018867924528,,,0.574074074074074,0.658119658119658,0.636363636363636,0.654320987654321,0.40625,0.6,0.44,0.519083969465649,0.612903225806452,,0.653846153846154,0.587628865979382,,0.494252873563218,0.5,0.517391304347826,0.555555555555556,0.525423728813559,0.572815533980583,0.515923566878981,0.378378378378378,0.521739130434783,0.516666666666667,0.385416666666667,,0.567010309278351,0.420091324200913,0.56140350877193,0.485436893203884,0.382352941176471,0.379310344827586,0.608247422680412,0.548387096774194,0.635135135135135,0.69,0.508771929824562,0.634782608695652,0.531400966183575,0.45,,,,,,,,,,,,,,,,,,0.431372549019608,,,,,,,,,,,0.483333333333333,,,,,,,,,,,,,,,,,,,,,,,,,,,,,,,,,,,,,,,,,,,,,,,,,,,,,,,,,,,,,
Hecarim (IO/SI),,,,0.36046511627907,,0.509090909090909,,,0.405063291139241,,,,,,,,,,,,,,,,,,,,,,,,,,,,,,,,,,,,,,,,,,,,,,,,,,,,,,,,,,,,,,,,,,,,,,,,,,,,,,,,,,,,,,,,,,,,,,,,,,,,,,,,,,,,,,,,,,,,,,,,,,,,,,,,,,,,,,,,,,,
Hecarim/Kalista (IO/SI),,,,0.36046511627907,,,,,0.375,,,,,,,,,,,,,,,,,,,,,,,,,,,,,,,,,,,,,,,,,,,,,,,,,,,,,,,,,,,,,,,,,,,,,,,,,,,,,,,,,,,,,,,,,,,,,,,,,,,,,,,,,,,,,,,,,,,,,,,,,,,,,,,,,,,,,,,,,,,
Hecarim/Lucian (DE/SI),0.388888888888889,,,0.449152542372881,,0.349397590361446,,,0.43956043956044,0.619047619047619,,,,,,,,,,,,,,,,,,,,,,,,,,,,,,,,,,,,,,,,,,,,,,,,,,,,,,,,,,,,,,,,,,,,,,,,,,,,,,,,,,,,,,,,,,,,,,,,,,,,,,,,,,,,,,,,,,,,,,,,,,,,,,,,,,,,,,,,,,
Hecarim/Zed (IO/SI),0.498969072164949,0.30060120240481,0.371428571428571,0.435714285714286,0.417366946778712,0.444444444444444,0.427083333333333,0.494669509594883,0.449174630755864,0.61244019138756,0.346620450606586,0.581967213114754,0.629310344827586,0.445378151260504,0.529411764705882,0.512820512820513,0.526881720430108,0.509090909090909,0.526881720430108,0.488636363636364,0.688118811881188,0.696629213483146,0.61038961038961,0.342205323193916,0.395061728395062,0.326732673267327,0.345622119815668,0.305555555555556,0.573170731707317,0.564705882352941,0.587064676616915,0.616279069767442,0.456666666666667,0.482608695652174,0.5,0.365591397849462,0.627450980392157,0.46875,0.319148936170213,0.549707602339181,0.590673575129534,0.560869565217391,0.41358024691358,0.253521126760563,0.372307692307692,0.528189910979229,0.705882352941177,0.588068181818182,0.611111111111111,0.521367521367521,0.518987341772152,0.507352941176471,0.515384615384615,0.565217391304348,0.33587786259542,0.659259259259259,0.520215633423181,0.606060606060606,,,0.553571428571429,,,0.739130434782609,,,0.876923076923077,,,,,,,,,0.5,,,0.666666666666667,0.411764705882353,0.346153846153846,,,,,,0.447058823529412,,,,,,,,,,,,,,,,,,,,,,,,,,,,,,,,,,,,,,,,,,,,,,,,,,,,,,,,,,,,,
Heimerdinger/Jayce (PZ/SI),0.420401854714065,0.615384615384615,0.564991334488735,0.386792452830189,0.5,0.464008859357697,0.483606557377049,0.379644588045234,0.572878897751994,0.446524064171123,0.666666666666667,0.470588235294118,0.258064516129032,0.438502673796791,0.348591549295775,0.407894736842105,0.702702702702703,0.597222222222222,0.544642857142857,0.632183908045977,0.511415525114155,0.716535433070866,0.54375,0.554794520547945,0.528925619834711,0.528089887640449,0.437722419928826,0.448275862068966,0.528089887640449,0.390243902439024,0.456043956043956,0.480392156862745,0.514469453376206,0.484018264840183,0.582633053221289,0.434343434343434,0.704347826086957,0.619289340101523,0.521367521367521,0.494117647058824,0.440528634361233,0.580952380952381,0.536458333333333,0.342465753424658,0.510392609699769,0.451871657754011,0.491379310344828,0.503048780487805,0.373983739837398,0.409594095940959,0.493589743589744,0.465277777777778,0.472222222222222,0.493150684931507,0.544303797468355,0.604477611940299,0.473267326732673,0.505747126436782,,,0.666666666666667,,,0.56140350877193,,,,,0.6,,,0.754716981132076,0.771929824561403,,,0.46031746031746,,0.566666666666667,0.427184466019417,0.53448275862069,0.595238095238095,,,,,0.620689655172414,0.670731707317073,,0.568627450980392,,,,,,,,,,,,,,,,,,,,,,,,,,,,,,,,,,,,,,,,,,,,,,,,,,,,,,,,,,,
Heimerdinger/Norra (BC/SI),0.470355731225297,0.53416149068323,0.421052631578947,0.389105058365759,0.565656565656566,0.471232876712329,0.430851063829787,0.437768240343348,0.335664335664336,0.412844036697248,0.559748427672956,0.447154471544715,,0.395348837209302,0.333333333333333,,,,,0.603448275862069,0.477777777777778,0.442307692307692,0.28125,0.450980392156863,0.377049180327869,0.176470588235294,0.337662337662338,,,,0.505747126436782,,0.513513513513514,0.444444444444444,0.634408602150538,0.5,0.645161290322581,0.526315789473684,0.485981308411215,0.493506493506494,0.4875,0.48936170212766,0.606382978723404,,0.474489795918367,0.502762430939227,0.553846153846154,0.56989247311828,0.48,0.526315789473684,0.505376344086022,0.473684210526316,0.245901639344262,0.448979591836735,0.563380281690141,0.373831775700935,0.41304347826087,0.365853658536585,,,,,,,,,,,,,,,,,,,,,,,,,,,,,,,,,,,,,,,,,,,,,,,,,,,,,,,,,,,,,,,,,,,,,,,,,,,,,,,,,,,,,,,,,,
Jax/Ornn (FR/RU),0.321100917431193,0.349726775956284,0.485714285714286,0.397058823529412,0.295652173913044,0.483870967741936,0.487179487179487,0.316546762589928,0.275261324041812,0.388059701492537,0.331168831168831,0.573529411764706,,,0.46031746031746,,,,,,,,,0.371794871794872,,,0.487804878048781,,,,,,0.446153846153846,0.474576271186441,0.372549019607843,0.354838709677419,,,0.483333333333333,,0.313725490196078,0.293103448275862,0.423076923076923,,0.358024691358025,0.41,,0.375,,0.60377358490566,,,,,,0.743243243243243,0.448717948717949,,,,,,,,,,,,,,,,,,,,,,,,,,,,,,,,,,,,,,,,,,,,,,,,,,,,,,,,,,,,,,,,,,,,,,,,,,,,,,,,,,,,,,,,,,,
Jax/Vayne (DE/RU),0.492957746478873,0.404761904761905,0.421875,0.487012987012987,0.53968253968254,0.4,0.313432835820896,0.560975609756098,0.352331606217617,0.525252525252525,0.5,,,,,,,,,,,,,,,,,,,,,,0.396551724137931,0.568627450980392,0.5,,,,,,,,,,0.490909090909091,0.394736842105263,,0.5,,0.571428571428571,,,,,,0.64,0.301587301587302,,,,,,,,,,,,,,,,,,,,,,,,,,,,,,,,,,,,,,,,,,,,,,,,,,,,,,,,,,,,,,,,,,,,,,,,,,,,,,,,,,,,,,,,,,,
Jayce/Lux (DE/PZ),0.51948051948052,0.545454545454545,,0.448863636363636,,0.412371134020619,0.418181818181818,0.567010309278351,0.437125748502994,0.359550561797753,0.510869565217391,,,,,,,,,,,,,,,,,,,,,,,,,,,,,,,,,,,,,,,,,,,,,,0.491803278688525,,,,,,,,,,,,,,,,,,,,,,,,,,,,,,,,,,,,,,,,,,,,,,,,,,,,,,,,,,,,,,,,,,,,,,,,,,,,,,,,,,,,,,,,,,,
Jinx (FR/PZ),0.436363636363636,0.643835616438356,0.41747572815534,0.447619047619048,0.380710659898477,0.318604651162791,0.383647798742138,0.538461538461538,0.560702875399361,0.445652173913043,0.640909090909091,0.443609022556391,,0.450704225352113,0.503759398496241,,,,0.528301886792453,,0.730769230769231,,,0.534653465346535,,,0.545454545454545,,0.626865671641791,,0.543859649122807,,0.449612403100775,0.427184466019417,0.53125,0.473684210526316,,0.5,0.535714285714286,0.50561797752809,0.553846153846154,0.5,0.432835820895522,,0.475138121546961,0.445783132530121,,0.590361445783133,,0.436974789915966,0.432835820895522,0.61038961038961,0.73015873015873,0.525423728813559,0.451612903225806,,0.518716577540107,0.688524590163934,,,,,,,,,,,,,,,,,,,,,0.442307692307692,,,,,,,,,,,,,,,,,,,,,,,,,,,,,,,,,,,,,,,,,,,,,,,,,,,,,,,,,,,,,,,,,,,,,
Jinx/Lulu (BC/PZ),0.471264367816092,0.577039274924471,0.439130434782609,0.554744525547445,0.478632478632479,0.405325443786982,0.450495049504951,0.541333333333333,0.614227086183311,0.506912442396313,0.728021978021978,0.538860103626943,0.458333333333333,0.52,0.595854922279793,0.6,0.482142857142857,,,0.72,0.648854961832061,0.603448275862069,0.77319587628866,0.414012738853503,0.582089552238806,,0.457364341085271,0.418181818181818,0.618181818181818,0.577777777777778,0.618705035971223,0.481012658227848,0.536036036036036,0.484076433121019,0.680851063829787,0.514018691588785,0.516666666666667,0.464285714285714,0.5,0.59349593495935,0.607142857142857,0.644736842105263,0.595505617977528,,0.420091324200913,0.511627906976744,0.540983606557377,0.631372549019608,0.654205607476636,0.461038961038961,0.494623655913979,0.552941176470588,0.597701149425287,0.598130841121495,0.373626373626374,0.634615384615385,0.619266055045872,0.706666666666667,,,,,,,,,,,,,,,,,,,,,0.575757575757576,0.507246376811594,,,,,,,,,,,,,,,,,,,,,,,,,,,,,,,,,,,,,,,,,,,,,,,,,,,,,,,,,,,,,,,,,,,,
Jinx/Rumble (BC/PZ),0.392857142857143,0.428571428571429,0.384615384615385,0.484536082474227,0.433333333333333,0.314285714285714,,0.508196721311475,0.492424242424242,0.46969696969697,0.555555555555556,,,,,,,,,,,,,,,,,,,,,,,,,,,,,,,,,,0.528301886792453,0.431372549019608,,,,,,,,,,,0.444444444444444,,,,,,,,,,,,,,,,,,,,,,,,,,,,,,,,,,,,,,,,,,,,,,,,,,,,,,,,,,,,,,,,,,,,,,,,,,,,,,,,,,,,,,,,,,,
Kai'Sa (DE/SH),0.592592592592593,,,0.408,,0.385321100917431,,0.516666666666667,0.43956043956044,0.634146341463415,,,,,,,,,,,,,,,,,,,,,,,,,,,,,,,,,,,,,,,,,,,,,,,,,,,,,,,,,,,,,,,,,,,,,,,,,,,,,,,,,,,,,,,,,,,,,,,,,,,,,,,,,,,,,,,,,,,,,,,,,,,,,,,,,,,,,,,,,,
Kai'Sa/Sivir (DE/SH),0.596026490066225,0.446601941747573,0.48,0.359281437125749,0.572815533980583,0.406639004149378,0.414141414141414,0.646666666666667,0.380622837370242,0.552173913043478,0.37,,,,0.5,,,,,,,,,0.426229508196721,,,,,,,,,0.445783132530121,,0.333333333333333,,,0.557692307692308,0.424242424242424,,0.517857142857143,0.490566037735849,,,0.557692307692308,0.413793103448276,,0.348314606741573,,0.462962962962963,,,,0.62962962962963,,,0.474137931034483,,,,,,,,,,,,,,,,,,,,,,0.5,,,,,,,,,,,,,,,,,,,,,,,,,,,,,,,,,,,,,,,,,,,,,,,,,,,,,,,,,,,,,,,,,,,,,
Kai'Sa/Vayne (DE/SH),,0.4,,0.449275362318841,,0.46,,,0.375,,,,,,,,,,,,,,,,,,,,,,,,,,,,,,,,,,,,,,,,,,,,,,,,,,,,,,,,,,,,,,,,,,,,,,,,,,,,,,,,,,,,,,,,,,,,,,,,,,,,,,,,,,,,,,,,,,,,,,,,,,,,,,,,,,,,,,,,,,,
Karma/Lux (DE/IO),,,,,,,,,0.274509803921569,,,,,,,,,,,,,,,,,,,,,,,,,,,,,,,,,,,,,,,,,,,,,,,,,,,,,,,,,,,,,,,,,,,,,,,,,,,,,,,,,,,,,,,,,,,,,,,,,,,,,,,,,,,,,,,,,,,,,,,,,,,,,,,,,,,,,,,,,,,
Karma/Master Yi (IO/SI),,,,0.290697674418605,,0.421875,,,0.533333333333333,,,,,,,,,,,,,,,,,,,,,,,,,,,,,,,,,,,,,,,,,,,,,,,,,,,,,,,,,,,,,,,,,,,,,,,,,,,,,,,,,,,,,,,,,,,,,,,,,,,,,,,,,,,,,,,,,,,,,,,,,,,,,,,,,,,,,,,,,,,
Karma/Viktor (IO/PZ),0.333333333333333,0.530120481927711,0.413793103448276,0.323232323232323,0.46551724137931,0.435897435897436,0.32,0.565656565656566,0.446511627906977,0.631147540983607,0.387387387387387,,,,0.576923076923077,,,,,,,,,,,,,,,,,,0.357142857142857,,0.588235294117647,,,,0.492753623188406,,,,,,0.654545454545455,,,0.314814814814815,,,,,,,,,0.507246376811594,,,,,,,,,,,,,,,,,,,,,,,,,,,,,,,,,,,,,,,,,,,,,,,,,,,,,,,,,,,,,,,,,,,,,,,,,,,,,,,,,,,,,,,,,,,
Katarina/Twisted Fate (BW/NX),0.433333333333333,,,0.486956521739131,,0.625,,0.482142857142857,0.55045871559633,0.542372881355932,,,,,,,,,,,,,,,,,,,,,,,,,,,,,,,,,,,,,,,,,,,,,,,,,,,,,,,,,,,,,,,,,,,,,,,,,,,,,,,,,,,,,,,,,,,,,,,,,,,,,,,,,,,,,,,,,,,,,,,,,,,,,,,,,,,,,,,,,,
Katarina/Yasuo (IO/NX),0.252336448598131,0.406392694063927,0.552941176470588,0.488888888888889,0.505882352941176,0.511013215859031,0.517857142857143,0.470588235294118,0.54296875,0.569620253164557,0.321285140562249,0.513761467889908,,,0.480916030534351,,,,,0.263157894736842,0.569767441860465,,0.58974358974359,0.564102564102564,,,0.486842105263158,,,0.296296296296296,0.471428571428571,,0.469879518072289,0.621621621621622,0.450292397660819,0.506493506493507,,0.49438202247191,0.40650406504065,0.5,0.564102564102564,0.490566037735849,0.342857142857143,,0.4,0.56875,,0.429447852760736,0.455882352941176,0.514851485148515,0.479452054794521,0.620689655172414,0.462962962962963,0.536585365853659,0.433333333333333,,0.533707865168539,0.567567567567568,,,,,,,,,,,,,,,,,,,,,,,,,,,,,,,,,,,,,,,,,,,,,,,,,,,,,,,,,,,,,,,,,,,,,,,,,,,,,,,,,,,,,,,,,,
Kayn/Ornn (FR/RU),,,,,,,,,0.18,,,,,,,,,,,,,,,,,,,,,,,,,,,,,,,,,,,,,,,,,,,,,,,,,,,,,,,,,,,,,,,,,,,,,,,,,,,,,,,,,,,,,,,,,,,,,,,,,,,,,,,,,,,,,,,,,,,,,,,,,,,,,,,,,,,,,,,,,,,
Kayn/Vayne (DE/RU),0.411764705882353,0.525609756097561,0.633049817739976,0.516661919681003,0.535991140642303,0.5,0.504918032786885,0.522903453136011,0.473377380489701,0.518394648829431,0.454251012145749,0.440438871473354,0.591836734693878,0.585271317829457,0.602165087956698,0.55893536121673,0.25,0.50625,0.543956043956044,0.642276422764228,0.586693548387097,0.625,0.736842105263158,0.642857142857143,0.511737089201878,0.584269662921348,0.595533498759305,0.514705882352941,0.562790697674419,0.621700879765396,0.59375,0.615853658536585,0.6,0.532,0.555555555555556,0.528767123287671,0.516129032258065,0.681395348837209,0.594674556213018,0.488986784140969,0.633074935400517,0.528963414634146,0.651785714285714,0.556451612903226,0.567567567567568,0.421116504854369,0.51063829787234,0.436686390532544,0.588709677419355,0.493697478991597,0.567335243553009,0.61038961038961,0.63728813559322,0.56047197640118,0.571917808219178,0.707792207792208,0.609170305676856,0.490079365079365,0.443181818181818,0.473282442748092,0.372549019607843,0.484375,0.540816326530612,0.607954545454545,0.771428571428571,0.584415584415584,0.782857142857143,0.5,0.75,0.685714285714286,0.580246913580247,,0.771084337349398,0.578313253012048,0.507462686567164,0.6,0.587628865979382,0.685714285714286,0.593360995850622,0.564102564102564,0.555555555555556,0.567567567567568,0.604938271604938,0.568965517241379,0.453488372093023,0.539325842696629,0.590909090909091,0.705882352941177,0.587155963302752,0.448717948717949,0.650602409638554,0.614678899082569,0.375,0.384615384615385,,,0.54,0.679245283018868,,,,0.415094339622642,0.508771929824562,,0.784313725490196,,0.363636363636364,0.551020408163265,0.694736842105263,,,0.68421052631579,,,,0.686274509803922,0.547169811320755,0.553571428571429,0.490909090909091,,0.578125,,0.690909090909091,0.792452830188679,,,,,,,0.597402597402597,0.470588235294118,0.714285714285714,0.716981132075472,0.674418604651163,,,,,,,,,,,,,
Kindred/Nasus (SI/SH),0.451063829787234,0.363924050632911,0.425837320574163,0.352713178294574,0.559471365638767,0.366925064599483,0.402684563758389,0.422413793103448,0.336538461538462,0.575949367088608,0.391585760517799,0.452173913043478,0.645161290322581,0.519607843137255,0.471544715447155,,0.419354838709677,,,,0.511111111111111,0.579710144927536,0.444444444444444,0.480769230769231,,,0.518796992481203,0.68,,,0.55,,0.390243902439024,0.478260869565217,0.409326424870466,0.5125,0.686274509803922,0.446153846153846,0.392857142857143,0.435897435897436,0.5,0.5,0.38961038961039,,0.547368421052632,0.401315789473684,0.549019607843137,0.472602739726027,0.528301886792453,0.46875,0.619047619047619,0.333333333333333,0.507246376811594,0.530120481927711,0.425287356321839,0.535714285714286,0.444444444444444,0.513157894736842,,,,,,,,,,,,,,,,,,,,,0.482142857142857,,,,,,,,,,,,,,,,,,,,,,,,,,,,,,,,,,,,,,,,,,,,,,,,,,,,,,,,,,,,,,,,,,,,,
Kindred/Norra (BC/SI),0.561797752808989,0.67,0.443037974683544,0.508620689655172,0.404761904761905,0.444444444444444,0.344827586206897,0.253521126760563,0.424489795918367,0.352941176470588,0.795698924731183,,,,,,,,,,,,,,,,,,,,,,,,0.653846153846154,,,,,,,,,,0.454545454545455,0.68421052631579,,,,0.627118644067797,,,,,,,0.431034482758621,,,,,,,,,,,,,,,,,,,,,,,,,,,,,,,,,,,,,,,,,,,,,,,,,,,,,,,,,,,,,,,,,,,,,,,,,,,,,,,,,,,,,,,,,,,
Kindred/Viego (IO/SI),,,,0.333333333333333,,,,,0.285714285714286,,,,,,,,,,,,,,,,,,,,,,,,,,,,,,,,,,,,,,,,,,,,,,,,,,,,,,,,,,,,,,,,,,,,,,,,,,,,,,,,,,,,,,,,,,,,,,,,,,,,,,,,,,,,,,,,,,,,,,,,,,,,,,,,,,,,,,,,,,,
LeBlanc/Sivir (NX/SH),0.403508771929825,,,0.367816091954023,,0.615384615384615,,,0.49438202247191,0.64406779661017,,,,,,,,,,,,,,,,,,,,,,,,,,,,,,,,,,,,,,,,,,,,,,,,,,,,,,,,,,,,,,,,,,,,,,,,,,,,,,,,,,,,,,,,,,,,,,,,,,,,,,,,,,,,,,,,,,,,,,,,,,,,,,,,,,,,,,,,,,
Leona/Yasuo (IO/MT),,,,0.528571428571429,,0.309090909090909,,,0.225352112676056,,,,,,,,,,,,,,,,,,,,,,,,,,,,,,,,,,,,,,,,,,,,,,,,,,,,,,,,,,,,,,,,,,,,,,,,,,,,,,,,,,,,,,,,,,,,,,,,,,,,,,,,,,,,,,,,,,,,,,,,,,,,,,,,,,,,,,,,,,,
Lissandra/Taliyah (FR/SH),,,,0.394736842105263,,0.207547169811321,,,0.329113924050633,,,,,,,,,,,,,,,,,,,,,,,,,,,,,,,,,,,,,,,,,,,,,,,,,,,,,,,,,,,,,,,,,,,,,,,,,,,,,,,,,,,,,,,,,,,,,,,,,,,,,,,,,,,,,,,,,,,,,,,,,,,,,,,,,,,,,,,,,,,
Lissandra/Trundle (FR/SI),,,,0.316455696202532,,,,,0.298507462686567,,,,,,,,,,,,,,,,,,,,,,,,,,,,,,,,,,,,,,,,,,,,,,,,,,,,,,,,,,,,,,,,,,,,,,,,,,,,,,,,,,,,,,,,,,,,,,,,,,,,,,,,,,,,,,,,,,,,,,,,,,,,,,,,,,,,,,,,,,,
Malphite/Taliyah (MT/SH),0.426470588235294,,,0.484076433121019,,0.432432432432432,,0.6,0.132743362831858,0.467391304347826,0.206349206349206,,,,,,,,,,,,,,,,,,,,,,,,,,,,,,,,,,,,,,,,,,,,,,,,,,,,,,,,,,,,,,,,,,,,,,,,,,,,,,,,,,,,,,,,,,,,,,,,,,,,,,,,,,,,,,,,,,,,,,,,,,,,,,,,,,,,,,,,,
Maokai/Nautilus (BW/SI),0.623824451410658,0.517374517374517,0.489626556016598,0.476885644768856,0.419047619047619,0.471036585365854,0.477707006369427,0.489130434782609,0.240188383045526,0.455156950672646,0.568253968253968,0.475,0.543859649122807,0.708860759493671,0.425149700598802,0.403225806451613,,,0.461538461538462,0.516129032258065,0.448275862068966,0.58,0.271604938271605,0.573770491803279,,,0.522522522522523,,,0.586666666666667,0.642857142857143,,0.553571428571429,0.483333333333333,0.439130434782609,0.51063829787234,0.706896551724138,0.5,0.355263157894737,0.509433962264151,0.5,0.5,0.483516483516484,,0.575,0.534031413612565,0.435483870967742,0.481308411214953,0.48,0.365671641791045,0.523809523809524,0.522388059701493,0.380952380952381,0.523809523809524,0.6125,0.5625,0.451612903225806,0.47008547008547,,,,,,,,,,,,,,,,,,,,,0.509433962264151,,,,,,,,,,,,,,,,,,,,,,,,,,,,,,,,,,,,,,,,,,,,,,,,,,,,,,,,,,,,,,,,,,,,,
Master Yi/Zoe (IO/MT),0.328358208955224,,,0.25,,0.395061728395062,,,0.282828282828283,0.409638554216867,0.148148148148148,,,,,,,,,,,,,,,,,,,,,,,,,,,,,,,,,,,,,,,,,,,,,,,,,,,,,,,,,,,,,,,,,,,,,,,,,,,,,,,,,,,,,,,,,,,,,,,,,,,,,,,,,,,,,,,,,,,,,,,,,,,,,,,,,,,,,,,,,
Miss Fortune/Quinn (BW/DE),,,,0.594202898550725,,,,,0.56,,,,,,,,,,,,,,,,,,,,,,,,,,,,,,,,,,,,,,,,,,,,,,,,,,,,,,,,,,,,,,,,,,,,,,,,,,,,,,,,,,,,,,,,,,,,,,,,,,,,,,,,,,,,,,,,,,,,,,,,,,,,,,,,,,,,,,,,,,,
Miss Fortune/Swain (BW/NX),0.454128440366972,0.544747081712062,0.377659574468085,0.452830188679245,0.463541666666667,0.348214285714286,0.477272727272727,0.52970297029703,0.514071294559099,0.40377358490566,0.561514195583596,0.630252100840336,0.480769230769231,0.333333333333333,0.422018348623853,,,,,0.592592592592593,0.6375,0.428571428571429,0.532258064516129,0.405405405405405,0.392156862745098,,0.473684210526316,,,,0.583333333333333,,0.419354838709677,0.614583333333333,0.58641975308642,0.393617021276596,0.576923076923077,0.567164179104478,0.404494382022472,0.657142857142857,0.61038961038961,0.516483516483517,0.5,,0.316091954022989,0.543046357615894,0.509090909090909,0.562913907284768,0.5,0.626984126984127,0.561643835616438,,,0.571428571428571,0.352112676056338,0.628571428571429,0.595092024539877,0.588235294117647,,,,,,,,,,,,,,,,,,,,,,,,,,,,,,,,,,,,,,,,,,,,,,,,,,,,,,,,,,,,,,,,,,,,,,,,,,,,,,,,,,,,,,,,,,
Miss Fortune/Twisted Fate (BW/NX),0.615384615384615,0.465909090909091,0.388059701492537,0.511627906976744,0.657534246575342,0.443548387096774,0.632352941176471,0.511111111111111,0.534031413612565,0.42,0.695652173913044,0.666666666666667,,,,,,,,,,,,,,,,,,,,,0.52,,0.746478873239437,,,,,,,,,,0.365079365079365,0.685714285714286,,0.62962962962963,,,,,,,,,0.545454545454545,,,,,,,,,,,,,,,,,,,,,,,,,,,,,,,,,,,,,,,,,,,,,,,,,,,,,,,,,,,,,,,,,,,,,,,,,,,,,,,,,,,,,,,,,,,
Miss Fortune/Vayne (BW/DE),,,,0.525423728813559,,,,,0.382352941176471,,,,,,,,,,,,,,,,,,,,,,,,,,,,,,,,,,,,,,,,,,,,,,,,,,,,,,,,,,,,,,,,,,,,,,,,,,,,,,,,,,,,,,,,,,,,,,,,,,,,,,,,,,,,,,,,,,,,,,,,,,,,,,,,,,,,,,,,,,,
Nasus/Thresh (SI/SH),,,,,,,,,0.296296296296296,,,,,,,,,,,,,,,,,,,,,,,,,,,,,,,,,,,,,,,,,,,,,,,,,,,,,,,,,,,,,,,,,,,,,,,,,,,,,,,,,,,,,,,,,,,,,,,,,,,,,,,,,,,,,,,,,,,,,,,,,,,,,,,,,,,,,,,,,,,
Nautilus (BW/SI),,,,,,,,,0.25,,,,,,,,,,,,,,,,,,,,,,,,,,,,,,,,,,,,,,,,,,,,,,,,,,,,,,,,,,,,,,,,,,,,,,,,,,,,,,,,,,,,,,,,,,,,,,,,,,,,,,,,,,,,,,,,,,,,,,,,,,,,,,,,,,,,,,,,,,,
Norra/Swain (BC/NX),0.403846153846154,0.642857142857143,,0.522388059701493,,0.431034482758621,,,0.317647058823529,,0.352941176470588,,,,,,,,,,,,,,,,,,,,,,,,,,,,,,,,,,,,,,,,,,,,,,,,,,,,,,,,,,,,,,,,,,,,,,,,,,,,,,,,,,,,,,,,,,,,,,,,,,,,,,,,,,,,,,,,,,,,,,,,,,,,,,,,,,,,,,,,,
Norra/Teemo (BC/FR),,0.367647058823529,0.345454545454545,,,0.320754716981132,,,0.29126213592233,,,,,,,,,,,,,,,,,,,,,,,,,,,,,,,,,,,,,,,,,,,,,,,,,,,,,,,,,,,,,,,,,,,,,,,,,,,,,,,,,,,,,,,,,,,,,,,,,,,,,,,,,,,,,,,,,,,,,,,,,,,,,,,,,,,,,,,,,,,
Norra/Teemo (BC/PZ),,,,0.192307692307692,,,,,,,,,,,,,,,,,,,,,,,,,,,,,,,,,,,,,,,,,,,,,,,,,,,,,,,,,,,,,,,,,,,,,,,,,,,,,,,,,,,,,,,,,,,,,,,,,,,,,,,,,,,,,,,,,,,,,,,,,,,,,,,,,,,,,,,,,,,,,,,,
Norra/Veigar (BC/SI),0.506828528072838,0.639913232104122,0.516930022573363,0.379951495553759,0.489607390300231,0.432432432432432,0.439873417721519,0.339222614840989,0.49183147033534,0.346278317152104,0.686390532544379,0.493775933609959,0.473118279569893,0.431952662721893,0.341296928327645,0.348623853211009,0.591397849462366,0.517241379310345,0.486486486486487,0.698924731182796,0.352941176470588,0.537634408602151,0.527131782945737,0.519823788546256,0.526785714285714,0.38,0.5,0.53125,0.311475409836066,0.445454545454545,0.503597122302158,0.236363636363636,0.494152046783626,0.43298969072165,0.627692307692308,0.525510204081633,0.641975308641975,0.524861878453039,0.579908675799087,0.6,0.452631578947368,0.425,0.683908045977011,0.634920634920635,0.5,0.53968253968254,0.385321100917431,0.631921824104235,0.518248175182482,0.384259259259259,0.55,0.341269841269841,0.398305084745763,0.372093023255814,0.6,0.36734693877551,0.411140583554377,0.435028248587571,,0.326923076923077,0.584905660377359,,,0.480769230769231,,,0.506666666666667,,,,,,,,,0.509090909090909,,0.471698113207547,0.442307692307692,0.345454545454545,0.545454545454545,,,,,0.46969696969697,0.560606060606061,,,,,,,,,,,,,,,,,,,,,,,,,,,,,,,,,,,,,,,,,,,,,,,,,,,,,,,,,,,,,
Norra/Zoe (BC/MT),,,,,,,,,0.392156862745098,,,,,,,,,,,,,,,,,,,,,,,,,,,,,,,,,,,,,,,,,,,,,,,,,,,,,,,,,,,,,,,,,,,,,,,,,,,,,,,,,,,,,,,,,,,,,,,,,,,,,,,,,,,,,,,,,,,,,,,,,,,,,,,,,,,,,,,,,,,
Ornn/Trundle (FR/PZ),0.442307692307692,,,0.391666666666667,,0.546511627906977,,0.656716417910448,0.285714285714286,0.566666666666667,0.290909090909091,,,,,,,,,,,,,,,,,,,,,,,,,,,,,,,,,,,,,,,,,,,,,,,,,,,,,,,,,,,,,,,,,,,,,,,,,,,,,,,,,,,,,,,,,,,,,,,,,,,,,,,,,,,,,,,,,,,,,,,,,,,,,,,,,,,,,,,,,
Ornn/Udyr (FR/NX),,0.5,,,,,,,0.183333333333333,,,,,,,,,,,,,,,,,,,,,,,,,,,,,,,,,,,,,,,,,,,,,,,,,,,,,,,,,,,,,,,,,,,,,,,,,,,,,,,,,,,,,,,,,,,,,,,,,,,,,,,,,,,,,,,,,,,,,,,,,,,,,,,,,,,,,,,,,,,
Ornn/Vayne (DE/FR),,,,,,,,,0.245283018867925,,,,,,,,,,,,,,,,,,,,,,,,,,,,,,,,,,,,,,,,,,,,,,,,,,,,,,,,,,,,,,,,,,,,,,,,,,,,,,,,,,,,,,,,,,,,,,,,,,,,,,,,,,,,,,,,,,,,,,,,,,,,,,,,,,,,,,,,,,,
Pantheon/Varus (MT/RU),0.483101391650099,0.370292887029289,0.562982005141388,0.522788203753351,0.548128342245989,0.578883495145631,0.518272425249169,0.536437246963563,0.365965233302836,0.627986348122867,0.265799256505576,0.55982905982906,0.638095238095238,0.637037037037037,0.581227436823105,0.653846153846154,0.488372093023256,0.518518518518519,0.724137931034483,0.351351351351351,0.543859649122807,0.675,0.483606557377049,0.535087719298246,0.433333333333333,0.468085106382979,0.511627906976744,0.58,0.561643835616438,0.584158415841584,0.564935064935065,0.649350649350649,0.513986013986014,0.579908675799087,0.471810089020772,0.497237569060774,0.59,0.55421686746988,0.488372093023256,0.43125,0.598684210526316,0.465968586387435,0.456953642384106,0.314285714285714,0.46031746031746,0.5,0.625,0.457627118644068,0.588235294117647,0.612765957446809,0.560810810810811,0.625,0.592233009708738,0.588957055214724,0.556451612903226,0.66875,0.57372654155496,0.493670886075949,,,0.527272727272727,0.653846153846154,,0.579710144927536,0.69811320754717,,,,,,,,,,,0.605263157894737,,0.568627450980392,0.586206896551724,,0.315789473684211,,,,,0.580645161290323,0.633333333333333,,,,,,,,,,,,,,,,,,,,,,,,,,,,,,,,,,,,,,,,,,,,,,,,,,,,,,,,,,,,,
Pantheon/Vayne (DE/MT),0.471698113207547,0.370860927152318,0.58273381294964,0.416422287390029,0.508620689655172,0.48936170212766,0.486842105263158,0.496124031007752,0.360655737704918,0.524752475247525,0.315436241610738,0.414285714285714,,0.745098039215686,0.567567567567568,,,,,,,,,0.571428571428571,,,0.5,,,,0.537037037037037,,0.363636363636364,0.43859649122807,0.294117647058824,0.446153846153846,,,0.459016393442623,,0.450980392156863,0.564516129032258,0.490909090909091,,0.614678899082569,0.375,,0.440366972477064,,0.514285714285714,0.553571428571429,,,0.655172413793103,,,0.520833333333333,,,,,,,,,,,,,,,,,,,,,,,,,,,,,,,,,,,,,,,,,,,,,,,,,,,,,,,,,,,,,,,,,,,,,,,,,,,,,,,,,,,,,,,,,,,
Poppy/Taric (DE/MT),,,,0.343283582089552,,,,,0.316666666666667,,,,,,,,,,,,,,,,,,,,,,,,,,,,,,,,,,,,,,,,,,,,,,,,,,,,,,,,,,,,,,,,,,,,,,,,,,,,,,,,,,,,,,,,,,,,,,,,,,,,,,,,,,,,,,,,,,,,,,,,,,,,,,,,,,,,,,,,,,,
Pyke/Rek'Sai (BW/SH),0.4,0.392156862745098,0.403508771929825,0.386262265834077,0.496951219512195,0.563313609467456,0.522556390977444,0.560869565217391,0.450441609421001,0.583333333333333,0.470695970695971,0.496062992125984,0.485981308411215,0.590909090909091,0.46530612244898,0.36231884057971,0.5,0.491228070175439,0.72463768115942,0.559139784946237,0.633507853403141,0.54639175257732,0.601626016260163,0.292817679558011,0.433333333333333,0.493150684931507,0.410526315789474,0.5,0.625,0.46,0.587837837837838,0.511627906976744,0.315112540192926,0.514563106796117,0.411931818181818,0.43010752688172,0.625,0.409638554216867,0.368627450980392,0.570552147239264,0.527397260273973,0.518691588785047,0.437086092715232,0.37037037037037,0.368078175895765,0.542372881355932,0.559633027522936,0.5,0.539007092198582,0.52970297029703,0.492307692307692,0.504,0.722689075630252,0.659259259259259,0.425,0.6640625,0.397590361445783,0.558282208588957,,,,,0.74,0.701492537313433,,,0.80327868852459,,,,,,,,,0.5,,,0.651685393258427,0.685185185185185,,,,,,,0.493975903614458,,,,,,,,,,,,,,,,,,,,,,,,,,,,,,,,,,,,,,,,,,,,,,,,,,,,,,,,,,,,,
Quinn/Vayne (DE/PZ),0.440449438202247,0.473581213307241,0.488250652741514,0.50059880239521,0.516393442622951,0.495081967213115,0.5,0.63215859030837,0.499531396438613,0.608058608058608,0.617234468937876,0.479166666666667,0.74468085106383,0.607843137254902,0.626262626262626,0.490566037735849,0.266666666666667,,0.614285714285714,0.619047619047619,0.628378378378378,0.604651162790698,0.728682170542636,0.447058823529412,0.580246913580247,0.59375,0.533980582524272,0.534090909090909,0.661290322580645,0.666666666666667,0.657342657342657,0.534246575342466,0.409302325581395,0.57345971563981,0.572916666666667,0.569148936170213,0.512820512820513,0.616352201257862,0.54950495049505,0.482142857142857,0.597315436241611,0.522292993630573,0.522727272727273,0.367647058823529,0.560126582278481,0.481727574750831,0.513157894736842,0.477443609022556,0.494623655913979,0.454545454545455,0.582089552238806,0.663551401869159,0.62037037037037,0.67816091954023,0.463636363636364,0.673758865248227,0.498644986449865,0.536231884057971,,,,,,,,,,0.537037037037037,,,,,,,,0.686567164179104,0.581818181818182,,0.585858585858586,0.68,0.655172413793103,,,,,,0.625,,0.48,,,,,,,,,,,,,,,,,,,,,,,,,,,,,,,,,,,,,,,,,,,,,,,,,,,,,,,,,,,
Riven/Viktor (NX/PZ),,,,0.467741935483871,,,,,0.512820512820513,,,,,,,,,,,,,,,,,,,,,,,,,,,,,,,,,,,,,,,,,,,,,,,,,,,,,,,,,,,,,,,,,,,,,,,,,,,,,,,,,,,,,,,,,,,,,,,,,,,,,,,,,,,,,,,,,,,,,,,,,,,,,,,,,,,,,,,,,,,
Rumble/Sion (BC/NX),0.509554140127389,0.398305084745763,0.509090909090909,0.509054325955734,0.626016260162602,0.411290322580645,0.505376344086022,0.620512820512821,0.368686868686869,0.504237288135593,0.384615384615385,0.345238095238095,,,0.476190476190476,,,,,,0.433962264150943,,0.618181818181818,0.363636363636364,,,0.6,,,,0.53448275862069,,0.384,0.617647058823529,0.388888888888889,0.52,,,0.345794392523364,0.544117647058824,0.471698113207547,0.52,0.5,,0.481751824817518,0.411764705882353,,0.460992907801419,0.5,0.392857142857143,0.54,,,,,,0.450381679389313,0.6,,,,,,,,,,,,,,,,,,,,,,,,,,,,,,,,,,,,,,,,,,,,,,,,,,,,,,,,,,,,,,,,,,,,,,,,,,,,,,,,,,,,,,,,,,
Rumble/Vayne (DE/NX),0.379821958456973,0.41994750656168,0.560897435897436,0.487022900763359,0.590405904059041,0.506302521008403,0.545454545454545,0.534201954397394,0.447815533980583,0.577830188679245,0.404580152671756,0.408045977011494,0.671428571428571,0.563829787234043,0.72189349112426,,0.230769230769231,,,0.552238805970149,0.738095238095238,0.754098360655738,0.683544303797468,0.64327485380117,0.357142857142857,0.551724137931035,0.544827586206897,0.439393939393939,0.384615384615385,0.4,0.496240601503759,,0.531791907514451,0.620689655172414,0.478632478632479,0.473684210526316,0.39622641509434,0.563025210084034,0.538961038961039,0.485148514851485,0.53125,0.634328358208955,0.373015873015873,,0.615740740740741,0.387234042553192,0.485714285714286,0.47029702970297,0.607142857142857,0.5,0.651685393258427,0.623376623376623,0.705882352941177,0.596774193548387,0.469387755102041,0.756756756756757,0.565022421524664,0.61,,,,,,,,,,,,,,,,,,0.428571428571429,,,0.537037037037037,,0.372881355932203,,,,,,0.517241379310345,,,,,,,,,,,,,,,,,,,,,,,,,,,,,,,,,,,,,,,,,,,,,,,,,,,,,,,,,,,,,
Senna/Veigar (BC/SI),0.354838709677419,0.590425531914894,0.587301587301587,0.346232179226069,0.506410256410256,0.432664756446991,0.417910447761194,0.364640883977901,0.43859649122807,0.284644194756554,0.547008547008547,0.44954128440367,,0.296875,0.34375,,,,,,0.352272727272727,0.588235294117647,0.578947368421053,0.45679012345679,,,0.406976744186047,,,,0.431034482758621,,0.5,0.391752577319588,0.481012658227848,0.494623655913979,,0.567164179104478,0.505376344086022,0.520547945205479,0.380952380952381,0.476190476190476,0.438356164383562,,0.45,0.439189189189189,0.446428571428571,0.507692307692308,0.46,0.348314606741573,0.5,0.44,0.365384615384615,0.475409836065574,,0.4,0.325,0.353846153846154,,,,,,,,,,,,,,,,,,,,,,,,,,,,,,,,,,,,,,,,,,,,,,,,,,,,,,,,,,,,,,,,,,,,,,,,,,,,,,,,,,,,,,,,,,
Seraphine/Viktor (BC/PZ),0.622448979591837,0.544871794871795,0.572413793103448,0.434210526315789,0.534722222222222,0.38961038961039,0.336448598130841,0.582887700534759,0.492711370262391,0.479338842975207,0.463235294117647,0.458823529411765,,,0.583333333333333,,,,,,0.676470588235294,,,0.511363636363636,,,0.581081081081081,,,,,,0.456896551724138,0.451612903225806,0.492647058823529,0.526315789473684,,0.38961038961039,0.447058823529412,0.379310344827586,0.666666666666667,0.477611940298507,,,0.658730158730159,0.375,,0.496,,0.376623376623377,0.56,0.5,,0.431034482758621,,,0.420634920634921,0.403225806451613,,,,,,,,,,,,,,,,,,,,,,,,,,,,,,,,,,,,,,,,,,,,,,,,,,,,,,,,,,,,,,,,,,,,,,,,,,,,,,,,,,,,,,,,,,
Seraphine/Viktor (BW/PZ),0.640552995391705,0.480446927374302,0.573248407643312,0.341025641025641,0.527777777777778,0.36271186440678,0.37962962962963,0.576470588235294,0.474860335195531,0.50199203187251,0.459893048128342,0.5,,0.738461538461539,0.44954128440367,,,,,,0.521739130434783,,0.537037037037037,0.46,,,0.651515151515152,,,,0.592592592592593,,0.45,0.364864864864865,0.484615384615385,0.754098360655738,,0.26984126984127,0.402298850574713,0.537037037037037,0.492753623188406,0.619047619047619,,,0.601694915254237,0.407766990291262,,0.277310924369748,,0.294117647058824,0.634615384615385,,,0.408450704225352,,0.423076923076923,0.388489208633094,,,,,,,,,,,,,,,,,,,,,,,,,,,,,,,,,,,,,,,,,,,,,,,,,,,,,,,,,,,,,,,,,,,,,,,,,,,,,,,,,,,,,,,,,,,
Seraphine/Viktor (IO/PZ),0.58252427184466,0.49034749034749,0.522727272727273,0.450184501845019,0.506849315068493,0.43952802359882,0.32183908045977,0.60248447204969,0.354085603112841,0.614035087719298,0.340080971659919,0.461538461538462,,0.582417582417583,0.537974683544304,,,,,,0.680851063829787,,0.385542168674699,0.412213740458015,,,0.492647058823529,,,,0.51948051948052,,0.421052631578947,0.31,0.434782608695652,0.551020408163265,,0.474576271186441,0.401869158878505,0.463414634146342,0.469879518072289,0.476190476190476,0.428571428571429,,0.627906976744186,0.411042944785276,0.344827586206897,0.340740740740741,,0.403225806451613,0.524590163934426,0.568965517241379,0.591549295774648,0.5,0.421052631578947,0.441176470588235,0.427835051546392,0.602564102564103,,,,,,,,,,,,,,,,,,,,,0.37037037037037,,,,,,,,,,,,,,,,,,,,,,,,,,,,,,,,,,,,,,,,,,,,,,,,,,,,,,,,,,,,,,,,,,,,,
Seraphine/Viktor (MT/PZ),,,,0.489130434782609,,0.402597402597403,,,0.462686567164179,0.433333333333333,,,,,,,,,,,,,,,,,,,,,,,,,,,,,,,,,,,,,,,,,,,,,,,,,,,,,,,,,,,,,,,,,,,,,,,,,,,,,,,,,,,,,,,,,,,,,,,,,,,,,,,,,,,,,,,,,,,,,,,,,,,,,,,,,,,,,,,,,,
Seraphine/Viktor (PZ/SH),,,,,,,,,0.377358490566038,,,,,,,,,,,,,,,,,,,,,,,,,,,,,,,,,,,,,,,,,,,,,,,,,,,,,,,,,,,,,,,,,,,,,,,,,,,,,,,,,,,,,,,,,,,,,,,,,,,,,,,,,,,,,,,,,,,,,,,,,,,,,,,,,,,,,,,,,,,
Seraphine/Viktor (PZ/SI),0.575625680087051,0.652323580034423,0.560271646859083,0.365987892129884,0.620355411954766,0.477096546863989,0.36784140969163,0.5,0.543793320730939,0.389930898321816,0.610778443113773,0.496124031007752,0.521428571428571,0.616161616161616,0.432624113475177,0.503703703703704,0.770642201834862,0.47787610619469,0.565891472868217,0.536,0.543859649122807,0.544871794871795,0.6,0.417956656346749,0.514492753623188,0.478632478632479,0.466876971608833,0.58252427184466,0.608247422680412,0.506410256410256,0.579166666666667,0.477987421383648,0.45823927765237,0.436893203883495,0.505330490405117,0.562231759656652,0.683453237410072,0.461538461538462,0.458666666666667,0.529411764705882,0.577586206896552,0.510869565217391,0.47029702970297,0.488888888888889,0.660777385159011,0.463562753036437,0.503875968992248,0.439130434782609,0.379487179487179,0.465798045602606,0.6353591160221,0.417112299465241,0.423529411764706,0.397515527950311,0.568181818181818,0.4453125,0.369932432432432,0.363636363636364,0.574074074074074,,0.597222222222222,0.843137254901961,0.39622641509434,0.5875,0.62962962962963,,0.666666666666667,0.578125,0.608695652173913,0.537037037037037,0.660377358490566,,0.475409836065574,,,0.439024390243902,0.43298969072165,0.491803278688525,0.353333333333333,0.434343434343434,0.746478873239437,0.4,,,0.343283582089552,0.333333333333333,0.404255319148936,0.553846153846154,0.523809523809524,,,0.483333333333333,0.517857142857143,,,,,,,,,,,,,,,0.607142857142857,,,,,,,,,,,,,,,,,,,,,,,,,,,,,,,,,,,,,,,,
Soraka/Tahm Kench (BW/MT),,,,0.253968253968254,,0.529411764705882,,,0.219178082191781,,,,,,,,,,,,,,,,,,,,,,,,,,,,,,,,,,,,,,,,,,,,,,,,,,,,,,,,,,,,,,,,,,,,,,,,,,,,,,,,,,,,,,,,,,,,,,,,,,,,,,,,,,,,,,,,,,,,,,,,,,,,,,,,,,,,,,,,,,,
Swain/Twisted Fate (BW/NX),0.465608465608466,0.668224299065421,0.60625,0.524547803617571,0.455696202531646,0.428082191780822,0.536363636363636,0.431818181818182,0.578828828828829,0.28968253968254,0.54368932038835,0.505050505050505,0.290909090909091,,0.43298969072165,,,,,,0.464788732394366,,,0.606382978723404,,,0.435897435897436,,,,0.471428571428571,,0.519083969465649,0.491228070175439,0.66412213740458,0.436619718309859,,0.548387096774194,0.626373626373626,0.566666666666667,0.574712643678161,0.3875,0.647887323943662,,0.4,0.443548387096774,,0.575,,0.530612244897959,,,,0.578947368421053,,0.467741935483871,0.558139534883721,0.392857142857143,,,,,,,,,,,,,,,,,,,,,,,,,,,,,,,,,,,,,,,,,,,,,,,,,,,,,,,,,,,,,,,,,,,,,,,,,,,,,,,,,,,,,,,,,,
Taliyah (BW/SH),0.674074074074074,0.255255255255255,0.304635761589404,0.433884297520661,0.395522388059701,0.292207792207792,0.326241134751773,0.5546875,0.213720316622691,0.629411764705882,0.263565891472868,0.376237623762376,,,0.476190476190476,,,,,,0.552238805970149,,0.3,0.347368421052632,,,0.489583333333333,,,,0.781609195402299,,0.508474576271186,0.365217391304348,0.340740740740741,0.626168224299065,0.256756756756757,,0.365384615384615,,0.464285714285714,0.4375,0.371428571428571,,0.63265306122449,0.33125,,0.3359375,,0.243243243243243,0.6,,0.576923076923077,0.558823529411765,0.532258064516129,0.5,0.473214285714286,0.446428571428571,,,,,,,,,,,,,,,,,,0.36,,,,,,,,,,,0.294117647058824,,,,,,,,,,,,,,,,,,,,,,,,,,,,,,,,,,,,,,,,,,,,,,,,,,,,,,,,,,,,,
Taliyah/Ziggs (BC/SH),0.560862865947612,0.454376163873371,0.548654244306418,0.472131147540984,0.526732673267327,0.390829694323144,0.501355013550136,0.630067567567568,0.318590704647676,0.622994652406417,0.384615384615385,0.51984126984127,0.673076923076923,0.588571428571429,0.563139931740614,0.602941176470588,0.538461538461538,0.412698412698413,0.533333333333333,0.397959183673469,0.610091743119266,0.504347826086957,0.533333333333333,0.42578125,0.490909090909091,0.460674157303371,0.656779661016949,0.711111111111111,0.465909090909091,0.565217391304348,0.496688741721854,0.714285714285714,0.468944099378882,0.468599033816425,0.479784366576819,0.586956521739131,0.551282051282051,0.481283422459893,0.380733944954128,0.466292134831461,0.555555555555556,0.548387096774194,0.404907975460123,0.454545454545455,0.588859416445623,0.42627345844504,0.479166666666667,0.602409638554217,0.549618320610687,0.434977578475336,0.675,0.579365079365079,0.611510791366906,0.572164948453608,0.441860465116279,0.526785714285714,0.5,0.492063492063492,,,0.603448275862069,,,0.556962025316456,,,0.814814814814815,0.62,0.588235294117647,0.673076923076923,,,0.596153846153846,,,0.698412698412698,0.508196721311475,0.555555555555556,0.525862068965517,0.492753623188406,0.568965517241379,,,,,0.654545454545455,0.55421686746988,0.728813559322034,,,,,,,,,,,,,,,,,,,,,,,,,,,,,,,,,,,,,,,,,,,,,,,,,,,,,,,,,,,,
Teemo/Zoe (BC/MT),0.373349339735894,0.416175682913765,0.537878787878788,0.50231884057971,0.427121102248006,0.526622619510299,0.500468603561387,0.456206679269061,0.5,0.455422794117647,0.365010799136069,0.584398976982097,0.603174603174603,0.453686200378072,0.520565552699229,0.504504504504505,0.539877300613497,0.618811881188119,0.621621621621622,0.550769230769231,0.812709030100334,0.841708542713568,0.698369565217391,0.585042219541616,0.347962382445141,0.457831325301205,0.735526315789474,0.347490347490348,0.602459016393443,0.433734939759036,0.577067669172932,0.492857142857143,0.549891540130152,0.503012048192771,0.550825369244136,0.664335664335664,0.724738675958188,0.439297124600639,0.38577291381669,0.45703125,0.663461538461538,0.759811616954474,0.485928705440901,0.465968586387435,0.50816852966466,0.634034766697164,0.639344262295082,0.549558390578999,0.631313131313131,0.552184466019418,0.56140350877193,0.507288629737609,0.525139664804469,0.64591439688716,0.421171171171171,0.786279683377309,0.681409295352324,0.673511293634497,0.585106382978723,0.536585365853659,0.698224852071006,0.675438596491228,0.628571428571429,0.533018867924528,0.8203125,0.688172043010753,0.644295302013423,0.401273885350319,0.697183098591549,0.72,0.517543859649123,0.52112676056338,0.780821917808219,0.626984126984127,0.52991452991453,0.647668393782383,0.562874251497006,0.507575757575758,0.619377162629758,0.553488372093023,0.575510204081633,0.867256637168142,0.717171717171717,0.682352941176471,0.714285714285714,0.712574850299401,0.598425196850394,0.77037037037037,0.427586206896552,0.511627906976744,0.56043956043956,0.56043956043956,0.44954128440367,0.50561797752809,0.630769230769231,0.433333333333333,0.625,0.70873786407767,0.816666666666667,0.696969696969697,0.836363636363636,0.536231884057971,0.84375,0.415094339622642,,,,0.577464788732394,0.620689655172414,,,,0.372881355932203,0.586666666666667,0.46,0.6875,,0.59016393442623,0.59493670886076,0.625,0.466666666666667,0.714285714285714,0.774647887323944,0.670886075949367,0.701492537313433,0.44,0.617647058823529,,0.683333333333333,0.487179487179487,0.537313432835821,0.780821917808219,,0.74025974025974,,0.494117647058824,0.4,0.8,0.862745098039216,0.655737704918033,0.797101449275362,0.725490196078431,0.82,0.703703703703704,0.75,0.607843137254902,0.754716981132076,0.622641509433962
Trundle (FR/PZ),0.533333333333333,0.402843601895735,0.547169811320755,0.427338129496403,0.494252873563218,0.509920634920635,0.463768115942029,0.636363636363636,0.326488706365503,0.671554252199413,0.269372693726937,0.483050847457627,,0.672131147540984,0.496350364963504,0.636363636363636,0.62,,,0.264150943396226,0.527472527472528,,0.421052631578947,0.510869565217391,,,0.537313432835821,,,,0.645569620253165,0.567164179104478,0.391534391534392,0.55,0.393939393939394,0.634146341463415,,0.311475409836066,0.293333333333333,0.432432432432432,0.486842105263158,0.52991452991453,0.411764705882353,,0.564971751412429,0.506329113924051,,0.441717791411043,0.4,0.39,0.646153846153846,0.596774193548387,,0.397435897435897,0.607142857142857,0.553571428571429,0.507936507936508,0.5,,,,,,,,,,,,,,,,,,,,,,,,,,,,,,,,,,,,,,,,,,,,,,,,,,,,,,,,,,,,,,,,,,,,,,,,,,,,,,,,,,,,,,,,,,
Trundle/Tryndamere (FR/SI),0.636866359447005,0.674170616113744,0.549618320610687,0.425660027790644,0.553475935828877,0.481605351170569,0.391941391941392,0.610069101678184,0.544577205882353,0.5,0.554240631163708,0.460251046025105,0.626609442060086,0.739299610894942,0.532692307692308,0.503597122302158,0.524475524475525,0.396396396396396,0.593333333333333,0.404624277456647,0.445859872611465,0.694214876033058,0.45703125,0.534090909090909,0.503225806451613,0.688405797101449,0.541237113402062,0.795031055900621,0.575342465753425,0.565714285714286,0.657051282051282,0.645348837209302,0.509121061359867,0.368956743002545,0.38755980861244,0.587155963302752,0.611940298507463,0.554347826086957,0.493087557603687,0.430379746835443,0.424050632911392,0.544843049327354,0.59622641509434,0.58,0.653721682847896,0.372013651877133,0.475247524752475,0.416666666666667,0.495762711864407,0.422169811320755,0.715355805243446,0.520661157024794,0.49800796812749,0.385964912280702,0.71031746031746,0.370588235294118,0.377005347593583,0.328445747800587,0.564102564102564,0.448717948717949,0.5,0.529411764705882,0.390625,0.37984496124031,0.688524590163934,0.372549019607843,0.642857142857143,0.649122807017544,0.694117647058824,0.5875,0.666666666666667,0.678571428571429,0.581818181818182,0.597222222222222,0.444444444444444,0.474747474747475,0.640449438202247,0.53030303030303,0.447826086956522,0.368852459016393,0.647058823529412,0.532608695652174,0.590361445783133,,0.433333333333333,0.320987654320988,0.4,0.470588235294118,0.6,0.482758620689655,0.380952380952381,0.365853658536585,0.457627118644068,0.355932203389831,,,,,,,,,,,,,,0.466666666666667,0.359375,,,,,,,,,,,,,,,,,,,,,,0.566666666666667,,,,,,,,,,,,,,,,,
Trundle/Vi (FR/PZ),0.493150684931507,0.383333333333333,0.5,0.419889502762431,0.379310344827586,0.460674157303371,,0.666666666666667,0.287425149700599,0.679012345679012,0.276315789473684,,,,,,,,,,,,,,,,,,,,,,0.445945945945946,,,,,,,,,,,,0.53030303030303,0.419354838709677,,,,,,,,,,,0.345454545454545,,,,,,,,,,,,,,,,,,,,,,,,,,,,,,,,,,,,,,,,,,,,,,,,,,,,,,,,,,,,,,,,,,,,,,,,,,,,,,,,,,,,,,,,,,,
Vayne/Zed (DE/IO),0.429906542056075,0.353333333333333,0.483870967741936,0.481327800829876,0.329268292682927,0.409090909090909,0.375,0.595744680851064,0.401574803149606,0.6,0.440789473684211,,,,0.589285714285714,,,,,,,,,0.363636363636364,,,0.409090909090909,,,,,,0.612903225806452,0.516666666666667,0.552941176470588,,,,,,,,,,0.439393939393939,0.366666666666667,,0.506024096385542,,0.482758620689655,,,,,,0.705882352941177,0.445783132530121,,,,,,,,,,,,,,,,,,,,,,,,,,,,,,,,,,,,,,,,,,,,,,,,,,,,,,,,,,,,,,,,,,,,,,,,,,,,,,,,,,,,,,,,,,,
Viego (FR/SI),,,,0.243243243243243,,0.285714285714286,,,,,,,,,,,,,,,,,,,,,,,,,,,,,,,,,,,,,,,,,,,,,,,,,,,,,,,,,,,,,,,,,,,,,,,,,,,,,,,,,,,,,,,,,,,,,,,,,,,,,,,,,,,,,,,,,,,,,,,,,,,,,,,,,,,,,,,,,,,,,,
Xerath/Ziggs (BC/SH),0.491525423728814,0.339622641509434,0.425925925925926,0.40952380952381,,0.294117647058824,,0.446153846153846,0.22962962962963,0.529411764705882,0.345454545454545,,,,,,,,,,,,,,,,,,,,,,,,,,,,,,,,,,,,,,,,,,,,,,0.271186440677966,,,,,,,,,,,,,,,,,,,,,,,,,,,,,,,,,,,,,,,,,,,,,,,,,,,,,,,,,,,,,,,,,,,,,,,,,,,,,,,,,,,,,,,,,,,
Xerath/Zilean (BC/SH),,,,0.406779661016949,,0.283018867924528,,,0.25974025974026,,,,,,,,,,,,,,,,,,,,,,,,,,,,,,,,,,,,,,,,,,,,,,,,,,,,,,,,,,,,,,,,,,,,,,,,,,,,,,,,,,,,,,,,,,,,,,,,,,,,,,,,,,,,,,,,,,,,,,,,,,,,,,,,,,,,,,,,,,,
Zilean (BW/SH),,,,0.487603305785124,,0.325581395348837,,,,,,,,,,,,,,,,,,,,,,,,,,,,,,,,,,,,,,,,,,,,,,,,,,,,,,,,,,,,,,,,,,,,,,,,,,,,,,,,,,,,,,,,,,,,,,,,,,,,,,,,,,,,,,,,,,,,,,,,,,,,,,,,,,,,,,,,,,,,,,
Zilean (PZ/SH),,,,0.309859154929577,,,,,0.505882352941176,,,,,,,,,,,,,,,,,,,,,,,,,,,,,,,,,,,,,,,,,,,,,,,,,,,,,,,,,,,,,,,,,,,,,,,,,,,,,,,,,,,,,,,,,,,,,,,,,,,,,,,,,,,,,,,,,,,,,,,,,,,,,,,,,,,,,,,,,,,
